FileName,ed_frame,es_frame,ed_area,es_area,area_ratio,n_traced,geometry_version
0X100009310A3BD7FC,46,61,1268.86,502.614,0.3961,2,echonet_dynamic_no_long_axis_v1
0X1002E8FBACD08477,3,18,1157.465,631.021,0.5452,2,echonet_dynamic_no_long_axis_v1
0X1005D03EED19C65B,24,35,773.485,425.049,0.5495,2,echonet_dynamic_no_long_axis_v1
0X10075961BC11C88E,91,108,1027.681,638.705,0.6215,2,echonet_dynamic_no_long_axis_v1
0X10094BA0A028EAC3,137,156,1959.875,1599.93,0.8163,2,echonet_dynamic_no_long_axis_v1
0X100CF05D141FF143,132,148,1257.391,735.645,0.5851,2,echonet_dynamic_no_long_axis_v1
0X100E3B8D3280BEC5,25,38,1239.69,909.129,0.7334,2,echonet_dynamic_no_long_axis_v1
0X100E491B3CD58DE2,49,75,1276.514,980.051,0.7678,2,echonet_dynamic_no_long_axis_v1
0X100F044876B98F90,56,72,1145.133,567.281,0.4954,2,echonet_dynamic_no_long_axis_v1
0X101026B90DAE7E95,45,62,1649.612,1126.705,0.683,2,echonet_dynamic_no_long_axis_v1
0X1012703CDC1436FE,154,172,2205.379,1578.947,0.716,2,echonet_dynamic_no_long_axis_v1
0X1013E8A4864781B,35,46,493.231,233.345,0.4731,2,echonet_dynamic_no_long_axis_v1
0X1018521A3BC5CDBA,42,57,1164.044,691.175,0.5938,2,echonet_dynamic_no_long_axis_v1
0X101C388397F66EDB,46,62,1742.543,953.248,0.547,2,echonet_dynamic_no_long_axis_v1
0X101CFC9C5351DCBE,59,73,1566.099,972.31,0.6208,2,echonet_dynamic_no_long_axis_v1
0X101E654AF3FC07A8,109,132,735.581,369.127,0.5018,2,echonet_dynamic_no_long_axis_v1
0X10267ADF2E644E0,150,172,1106.701,562.926,0.5087,2,echonet_dynamic_no_long_axis_v1
0X102AE9C68B2C46DA,48,63,826.132,550.183,0.666,2,echonet_dynamic_no_long_axis_v1
0X102C51641C321436,0,15,1676.733,1061.353,0.633,2,echonet_dynamic_no_long_axis_v1
0X102CFB07F752AAE6,163,184,1446.604,956.423,0.6612,2,echonet_dynamic_no_long_axis_v1
0X102DD1B9BE03716,52,71,1786.119,1101.149,0.6165,2,echonet_dynamic_no_long_axis_v1
0X102E453603FA1440,46,60,1900.653,940.619,0.4949,2,echonet_dynamic_no_long_axis_v1
0X102E94908346DE1D,116,138,994.292,700.954,0.705,2,echonet_dynamic_no_long_axis_v1
0X102F3D4CD5E10801,0,22,1553.739,1006.359,0.6477,2,echonet_dynamic_no_long_axis_v1
0X10365E52F01510B4,28,36,1440.449,813.091,0.5645,2,echonet_dynamic_no_long_axis_v1
0X1039108E17193B1C,60,79,1855.636,1083.213,0.5837,2,echonet_dynamic_no_long_axis_v1
0X1039B49145DF4F25,40,57,936.022,547.035,0.5844,2,echonet_dynamic_no_long_axis_v1
0X103A55B2546EF36E,166,186,1504.312,885.044,0.5883,2,echonet_dynamic_no_long_axis_v1
0X103BE163257D663A,47,69,913.204,557.326,0.6103,2,echonet_dynamic_no_long_axis_v1
0X1040C376CF369A01,52,64,905.941,471.159,0.5201,2,echonet_dynamic_no_long_axis_v1
0X1040D64234D3E916,90,108,1450.091,753.758,0.5198,2,echonet_dynamic_no_long_axis_v1
0X1043D3D352972862,91,113,1164.986,778.422,0.6682,2,echonet_dynamic_no_long_axis_v1
0X1045F1B5A0A5EA54,57,73,975.48,635.329,0.6513,2,echonet_dynamic_no_long_axis_v1
0X104D2C3D60AE3DE8,145,163,2784.528,1438.953,0.5168,2,echonet_dynamic_no_long_axis_v1
0X105039B849CDB1CD,55,73,1468.874,814.459,0.5545,2,echonet_dynamic_no_long_axis_v1
0X10516E63208D8EA1,51,66,1462.253,853.953,0.584,2,echonet_dynamic_no_long_axis_v1
0X1055D6B76E5D7556,75,90,828.901,477.695,0.5763,2,echonet_dynamic_no_long_axis_v1
0X10569E00E4DFFF7D,36,53,881.015,323.997,0.3678,2,echonet_dynamic_no_long_axis_v1
0X1059077339EF0869,90,116,1382.002,712.058,0.5152,2,echonet_dynamic_no_long_axis_v1
0X105B9EF57DE45DCB,106,121,1875.704,1265.526,0.6747,2,echonet_dynamic_no_long_axis_v1
0X105CDF495F9A9A43,71,89,1351.15,803.201,0.5945,2,echonet_dynamic_no_long_axis_v1
0X105D400DBDB7A1FA,78,96,1760.015,1015.217,0.5768,2,echonet_dynamic_no_long_axis_v1
0X105E0E36E611D657,69,86,1830.742,1258.258,0.6873,2,echonet_dynamic_no_long_axis_v1
0X10623D3AF96AC271,34,52,3186.662,1463.975,0.4594,2,echonet_dynamic_no_long_axis_v1
0X1062E316DF137FDB,123,140,919.415,442.599,0.4814,2,echonet_dynamic_no_long_axis_v1
0X10648BFB1458861,30,39,1653.765,1121.68,0.6783,2,echonet_dynamic_no_long_axis_v1
0X106766224781FAE2,47,65,1121.081,661.597,0.5901,2,echonet_dynamic_no_long_axis_v1
0X106A8FDB8A83534B,60,72,1245.216,657.908,0.5283,2,echonet_dynamic_no_long_axis_v1
0X106B384BEED608E3,68,83,1486.431,745.178,0.5013,2,echonet_dynamic_no_long_axis_v1
0X106E73F4961CC47B,88,104,1176.616,646.165,0.5492,2,echonet_dynamic_no_long_axis_v1
0X106EA7D9DEC59EA9,96,110,1419.648,935.993,0.6593,2,echonet_dynamic_no_long_axis_v1
0X106FE6CF624D4C8C,55,74,1574.189,949.086,0.6029,2,echonet_dynamic_no_long_axis_v1
0X1070ABA581A9A255,41,58,1094.992,654.465,0.5977,2,echonet_dynamic_no_long_axis_v1
0X107458C8895A9AC9,96,110,939.479,556.226,0.5921,2,echonet_dynamic_no_long_axis_v1
0X1082BF2A3762D881,44,67,1436.886,1073.642,0.7472,2,echonet_dynamic_no_long_axis_v1
0X1088B755BC61AF23,42,52,991.724,423.559,0.4271,2,echonet_dynamic_no_long_axis_v1
0X108B163EEADDDABC,40,55,1289.041,779.721,0.6049,2,echonet_dynamic_no_long_axis_v1
0X108B4B26B48E417B,65,76,842.443,546.58,0.6488,2,echonet_dynamic_no_long_axis_v1
0X1093398DC18FB3B3,53,75,2542.237,1320.202,0.5193,2,echonet_dynamic_no_long_axis_v1
0X1096572D64654BBD,76,93,768.484,477.05,0.6208,2,echonet_dynamic_no_long_axis_v1
0X1098A9CCA66A5DD0,38,53,1204.462,738.694,0.6133,2,echonet_dynamic_no_long_axis_v1
0X109D27B0A540F9F6,51,64,1062.455,619.881,0.5834,2,echonet_dynamic_no_long_axis_v1
0X10A28877E97DF540,69,87,1727.215,920.703,0.5331,2,echonet_dynamic_no_long_axis_v1
0X10A5FC19152B50A5,112,125,1789.372,919.592,0.5139,2,echonet_dynamic_no_long_axis_v1
0X10A8ADB48536C3D5,88,97,1703.023,1481.602,0.87,2,echonet_dynamic_no_long_axis_v1
0X10A9B17E26220232,61,80,1145.138,591.831,0.5168,2,echonet_dynamic_no_long_axis_v1
0X10ABB3401FC5EC2D,51,71,1455.206,745.088,0.512,2,echonet_dynamic_no_long_axis_v1
0X10AD385C206C85C,133,145,809.402,611.882,0.756,2,echonet_dynamic_no_long_axis_v1
0X10B04432B90E5AC2,66,83,1215.04,738.368,0.6077,2,echonet_dynamic_no_long_axis_v1
0X10B063E16BA7BEE3,96,107,1649.352,1271.029,0.7706,2,echonet_dynamic_no_long_axis_v1
0X10B13E581B12A53C,39,53,865.436,490.589,0.5669,2,echonet_dynamic_no_long_axis_v1
0X10B7505562B0A702,61,77,1335.218,814.932,0.6103,2,echonet_dynamic_no_long_axis_v1
0X10BC6AA53115AA06,42,61,1765.089,1067.776,0.6049,2,echonet_dynamic_no_long_axis_v1
0X10BD75A3203C3BB9,50,66,1302.048,756.216,0.5808,2,echonet_dynamic_no_long_axis_v1
0X10BDFD27E27D56A9,1,20,1105.475,651.272,0.5891,2,echonet_dynamic_no_long_axis_v1
0X10BFDDD409BA5A7A,43,57,1255.576,692.29,0.5514,2,echonet_dynamic_no_long_axis_v1
0X10C2D4AA0721C0FB,149,166,1472.569,792.825,0.5384,2,echonet_dynamic_no_long_axis_v1
0X10C3E084B3ABE52A,4,20,1270.092,690.153,0.5434,2,echonet_dynamic_no_long_axis_v1
0X10C4823DD13E1869,49,67,2431.764,1452.497,0.5973,2,echonet_dynamic_no_long_axis_v1
0X10C53B6D1D01A54A,91,112,2261.259,1216.152,0.5378,2,echonet_dynamic_no_long_axis_v1
0X10CA19FBE6D26A71,53,70,1482.293,809.32,0.546,2,echonet_dynamic_no_long_axis_v1
0X10D11D93FB71B19C,103,118,1945.419,1031.168,0.53,2,echonet_dynamic_no_long_axis_v1
0X10D1B5DDEBC0E3C8,31,41,1260.202,775.207,0.6151,2,echonet_dynamic_no_long_axis_v1
0X10D278E3FD2DE072,82,99,1441.949,741.785,0.5144,2,echonet_dynamic_no_long_axis_v1
0X10D5F8CF0EB124,110,132,1415.617,1191.244,0.8415,2,echonet_dynamic_no_long_axis_v1
0X10D734CBEB6ECB81,5,13,864.197,658.004,0.7614,2,echonet_dynamic_no_long_axis_v1
0X10D8F5659B144070,57,71,803.509,528.631,0.6579,2,echonet_dynamic_no_long_axis_v1
0X10DEF75CF6DC6B84,116,134,1407.421,850.388,0.6042,2,echonet_dynamic_no_long_axis_v1
0X10E197789006C3D5,111,126,1404.45,731.396,0.5208,2,echonet_dynamic_no_long_axis_v1
0X10E47D630E15DE12,87,108,2222.451,1725.898,0.7766,2,echonet_dynamic_no_long_axis_v1
0X10E57E24DBA5788,45,61,1883.269,1574.988,0.8363,2,echonet_dynamic_no_long_axis_v1
0X10E60C3C123CAEB8,58,85,1069.555,579.221,0.5416,2,echonet_dynamic_no_long_axis_v1
0X10EFC1D17C7FB199,179,195,805.114,484.633,0.6019,2,echonet_dynamic_no_long_axis_v1
0X10F04F8DFB86BAEE,43,62,1530.912,1106.185,0.7226,2,echonet_dynamic_no_long_axis_v1
0X10F6FD4A9C6A458E,46,66,2212.602,1124.041,0.508,2,echonet_dynamic_no_long_axis_v1
0X10FCACE551DE0CEB,50,68,1089.353,539.912,0.4956,2,echonet_dynamic_no_long_axis_v1
0X11000DD0D10B399F,57,71,1131.648,667.056,0.5895,2,echonet_dynamic_no_long_axis_v1
0X1100A0AA0BDBAE92,49,68,1023.566,629.794,0.6153,2,echonet_dynamic_no_long_axis_v1
0X1106795368C7DE44,38,49,1860.194,1055.477,0.5674,2,echonet_dynamic_no_long_axis_v1
0X1108EED6EC60971E,51,70,1345.526,726.46,0.5399,2,echonet_dynamic_no_long_axis_v1
0X110A2E1C465B1B53,103,119,1283.667,694.232,0.5408,2,echonet_dynamic_no_long_axis_v1
0X11109B2A42A4C76E,123,135,1993.573,1328.851,0.6666,2,echonet_dynamic_no_long_axis_v1
0X11116A740B44446A,94,112,1502.28,922.205,0.6139,2,echonet_dynamic_no_long_axis_v1
0X1112442D58D48C79,61,72,1893.243,1001.574,0.529,2,echonet_dynamic_no_long_axis_v1
0X11199500C4901088,3,19,1172.233,807.488,0.6888,2,echonet_dynamic_no_long_axis_v1
0X111D3734D84AA8B8,109,125,1411.715,807.525,0.572,2,echonet_dynamic_no_long_axis_v1
0X111E2E3AD9EB4317,4,19,2201.303,1188.737,0.54,2,echonet_dynamic_no_long_axis_v1
0X111EDA8A1E44169C,97,110,1011.83,603.445,0.5964,2,echonet_dynamic_no_long_axis_v1
0X1123724D7C9FAF61,42,59,931.131,539.944,0.5799,2,echonet_dynamic_no_long_axis_v1
0X1124D3D938A98B7B,58,72,1374.579,813.121,0.5915,2,echonet_dynamic_no_long_axis_v1
0X112505A983BB4D8E,101,114,847.966,462.382,0.5453,2,echonet_dynamic_no_long_axis_v1
0X112668E4C7655E1A,76,93,771.68,464.587,0.602,2,echonet_dynamic_no_long_axis_v1
0X112862331B7E140E,37,58,2364.768,1194.017,0.5049,2,echonet_dynamic_no_long_axis_v1
0X1128628F2CE14FF4,87,108,1011.119,753.741,0.7455,2,echonet_dynamic_no_long_axis_v1
0X1129FFF0D45D7EFF,53,69,2676.523,1493.575,0.558,2,echonet_dynamic_no_long_axis_v1
0X112B93363FA20D8B,31,49,1133.913,767.512,0.6769,2,echonet_dynamic_no_long_axis_v1
0X112D0A3D2ACB8800,128,149,2188.143,1184.294,0.5412,2,echonet_dynamic_no_long_axis_v1
0X112E05F05062753E,44,64,1710.491,1055.536,0.6171,2,echonet_dynamic_no_long_axis_v1
0X112EF236E1F676E4,64,87,2058.077,1204.091,0.5851,2,echonet_dynamic_no_long_axis_v1
0X112F1A9C7DF4A5F2,121,146,1988.203,1088.47,0.5475,2,echonet_dynamic_no_long_axis_v1
0X11303E45952732BD,88,113,1433.704,889.808,0.6206,2,echonet_dynamic_no_long_axis_v1
0X113195610E41EF2,54,70,1260.33,756.815,0.6005,2,echonet_dynamic_no_long_axis_v1
0X1131FB2A374D34F5,59,86,1102.124,689.424,0.6255,2,echonet_dynamic_no_long_axis_v1
0X1134CC5B50757EEF,64,78,1673.021,1089.541,0.6512,2,echonet_dynamic_no_long_axis_v1
0X113E6AD75AB62781,121,133,986.913,682.113,0.6912,2,echonet_dynamic_no_long_axis_v1
0X113E9F83E605C0F5,50,59,1024.224,579.205,0.5655,2,echonet_dynamic_no_long_axis_v1
0X113F9B4D1F9FA03,56,75,1537.461,956.422,0.6221,2,echonet_dynamic_no_long_axis_v1
0X1143688D7F946644,53,67,1728.412,917.269,0.5307,2,echonet_dynamic_no_long_axis_v1
0X11445CEF92745462,51,66,766.974,407.305,0.5311,2,echonet_dynamic_no_long_axis_v1
0X114B58E6B34E55F1,81,92,1136.431,837.613,0.7371,2,echonet_dynamic_no_long_axis_v1
0X114DED900F0C2D7D,61,72,2195.192,1758.285,0.801,2,echonet_dynamic_no_long_axis_v1
0X1150BD0249677E8F,43,63,1131.165,599.857,0.5303,2,echonet_dynamic_no_long_axis_v1
0X1151059A7824211,51,72,1144.095,620.214,0.5421,2,echonet_dynamic_no_long_axis_v1
0X1151F27F45E9644F,185,202,711.437,307.06,0.4316,2,echonet_dynamic_no_long_axis_v1
0X11537FCF989575BB,51,71,4367.476,2586.828,0.5923,2,echonet_dynamic_no_long_axis_v1
0X1154F8CD483D5CD5,78,100,1827.252,1133.1,0.6201,2,echonet_dynamic_no_long_axis_v1
0X115841DA5E9DC64D,34,49,1304.89,801.773,0.6144,2,echonet_dynamic_no_long_axis_v1
0X1161B02E0B2DBB94,1,18,1128.649,576.674,0.5109,2,echonet_dynamic_no_long_axis_v1
0X11648EA1AD4AE177,38,55,590.483,250.175,0.4237,2,echonet_dynamic_no_long_axis_v1
0X1167650B8BEFF863,111,123,987.615,491.868,0.498,2,echonet_dynamic_no_long_axis_v1
0X11679CCF8428C87,40,56,1901.133,1577.219,0.8296,2,echonet_dynamic_no_long_axis_v1
0X116D6A1EFDD8E226,40,56,1011.302,606.994,0.6002,2,echonet_dynamic_no_long_axis_v1
0X11751D404DAD3313,96,117,2417.424,1717.777,0.7106,2,echonet_dynamic_no_long_axis_v1
0X117CAE6A13AA3F5,115,132,1224.451,681.37,0.5565,2,echonet_dynamic_no_long_axis_v1
0X117F243A9D657663,97,111,1216.965,754.39,0.6199,2,echonet_dynamic_no_long_axis_v1
0X117FFBEE3018EEF,37,47,997.583,742.815,0.7446,2,echonet_dynamic_no_long_axis_v1
0X1185DA5AB0D9BE6A,54,66,1007.074,643.74,0.6392,2,echonet_dynamic_no_long_axis_v1
0X11861625D2695B1F,47,61,1699.378,859.083,0.5055,2,echonet_dynamic_no_long_axis_v1
0X118EF5AEED2E28EC,33,48,1659.148,1008.445,0.6078,2,echonet_dynamic_no_long_axis_v1
0X119154A48FDF0A82,55,77,1141.026,686.574,0.6017,2,echonet_dynamic_no_long_axis_v1
0X1192B98E520E87C8,75,102,872.084,513.279,0.5886,2,echonet_dynamic_no_long_axis_v1
0X119C98019EFAA0F4,48,69,1426.196,730.498,0.5122,2,echonet_dynamic_no_long_axis_v1
0X11A07A83B21CFE1E,96,111,1432.294,762.394,0.5323,2,echonet_dynamic_no_long_axis_v1
0X11A3165A8DC20F2D,72,85,864.51,593.675,0.6867,2,echonet_dynamic_no_long_axis_v1
0X11A3EC0D91F0CD3B,42,55,1225.415,676.847,0.5523,2,echonet_dynamic_no_long_axis_v1
0X11B01A59D74693C4,2,21,1514.207,949.688,0.6272,2,echonet_dynamic_no_long_axis_v1
0X11B7D2EE96990A8D,35,54,1221.41,721.563,0.5908,2,echonet_dynamic_no_long_axis_v1
0X11BACBBF79E25D1E,25,34,1297.146,772.32,0.5954,2,echonet_dynamic_no_long_axis_v1
0X11BC6C9DEA4C94C7,156,170,1291.742,740.05,0.5729,2,echonet_dynamic_no_long_axis_v1
0X11BDF610427B903F,42,58,1387.535,892.223,0.643,2,echonet_dynamic_no_long_axis_v1
0X11BE656DE80C9CF2,75,97,1378.945,796.869,0.5779,2,echonet_dynamic_no_long_axis_v1
0X11C1412786BCBB50,68,85,1280.76,1029.618,0.8039,2,echonet_dynamic_no_long_axis_v1
0X11C5F414FDFFA6FE,18,27,1006.322,445.45,0.4427,2,echonet_dynamic_no_long_axis_v1
0X11C89001BEF939E2,65,78,1757.344,1285.53,0.7315,2,echonet_dynamic_no_long_axis_v1
0X11C9572ABEDC9715,86,101,1438.825,910.667,0.6329,2,echonet_dynamic_no_long_axis_v1
0X11CC3D00A37FE7DF,137,148,1238.291,761.627,0.6151,2,echonet_dynamic_no_long_axis_v1
0X11D525180CDD1ECD,41,59,793.692,602.752,0.7594,2,echonet_dynamic_no_long_axis_v1
0X11D53502D38B208F,59,69,868.682,463.659,0.5338,2,echonet_dynamic_no_long_axis_v1
0X11DA79F89EE37D3B,76,89,995.258,490.531,0.4929,2,echonet_dynamic_no_long_axis_v1
0X11DD5C8CC2A4D225,37,52,3174.604,1692.978,0.5333,2,echonet_dynamic_no_long_axis_v1
0X11DF3DEE0B2544FE,93,110,1368.226,976.846,0.714,2,echonet_dynamic_no_long_axis_v1
0X11E0A9338456F4AA,143,155,1039.505,625.339,0.6016,2,echonet_dynamic_no_long_axis_v1
0X11E371F35DEBE8B4,49,67,1154.945,665.637,0.5763,2,echonet_dynamic_no_long_axis_v1
0X11E3FA2DD4ADD675,40,54,1860.684,1518.211,0.8159,2,echonet_dynamic_no_long_axis_v1
0X11F088FA228B2BE8,56,75,1457.092,881.409,0.6049,2,echonet_dynamic_no_long_axis_v1
0X11F7628563B5B391,114,129,1618.967,885.728,0.5471,2,echonet_dynamic_no_long_axis_v1
0X11F798A4F0181ACF,59,77,1095.958,558.282,0.5094,2,echonet_dynamic_no_long_axis_v1
0X12006C9A54BEED76,34,48,1245.537,668.469,0.5367,2,echonet_dynamic_no_long_axis_v1
0X1205884E675E58B9,57,70,1037.959,538.576,0.5189,2,echonet_dynamic_no_long_axis_v1
0X120CAF5F957C906C,42,64,1382.223,958.463,0.6934,2,echonet_dynamic_no_long_axis_v1
0X120E33CFA2D0FF00,108,126,1550.814,898.46,0.5793,2,echonet_dynamic_no_long_axis_v1
0X1210DA53C9475EBF,151,166,2290.267,1405.706,0.6138,2,echonet_dynamic_no_long_axis_v1
0X1212FB5C4E7021B8,39,55,2066.918,1358.825,0.6574,2,echonet_dynamic_no_long_axis_v1
0X12143BF23189A122,47,61,1095.844,593.233,0.5413,2,echonet_dynamic_no_long_axis_v1
0X12185F79407DF986,51,67,1455.141,990.635,0.6808,2,echonet_dynamic_no_long_axis_v1
0X121968806D66B71F,38,50,943.938,523.076,0.5541,2,echonet_dynamic_no_long_axis_v1
0X1219DA80A35E3B5F,67,84,2370.464,1289.762,0.5441,2,echonet_dynamic_no_long_axis_v1
0X121ED339D11C4F6B,62,74,1140.254,605.632,0.5311,2,echonet_dynamic_no_long_axis_v1
0X1220B4C71FD9D82,1,14,1096.011,479.314,0.4373,2,echonet_dynamic_no_long_axis_v1
0X1222EAE9D581E210,35,57,1829.697,930.518,0.5086,2,echonet_dynamic_no_long_axis_v1
0X1225C19111629C6F,89,105,1635.792,887.618,0.5426,2,echonet_dynamic_no_long_axis_v1
0X1227CDDF6A114129,51,66,1003.214,396.36,0.3951,2,echonet_dynamic_no_long_axis_v1
0X123B2FFEBC042304,101,118,1574.095,817.628,0.5194,2,echonet_dynamic_no_long_axis_v1
0X123BE57301362DA4,38,49,1243.37,735.239,0.5913,2,echonet_dynamic_no_long_axis_v1
0X123D5FE0A5DC7E1D,35,52,1011.987,631.583,0.6241,2,echonet_dynamic_no_long_axis_v1
0X123F96492CB893D6,72,87,1893.213,1197.691,0.6326,2,echonet_dynamic_no_long_axis_v1
0X124030F8B3C1A5AF,42,22,1233.425,713.536,0.5785,2,echonet_dynamic_no_long_axis_v1
0X12430512E2BBCD55,38,50,537.462,314.77,0.5857,2,echonet_dynamic_no_long_axis_v1
0X124823D11EF8E321,72,88,2429.77,1385.825,0.5704,2,echonet_dynamic_no_long_axis_v1
0X12508E9DD1BA59B5,89,107,1210.542,544.103,0.4495,2,echonet_dynamic_no_long_axis_v1
0X125C10BA973D3B07,41,59,1605.819,1356.161,0.8445,2,echonet_dynamic_no_long_axis_v1
0X12628F033A56EB6F,2,16,1240.638,673.855,0.5432,2,echonet_dynamic_no_long_axis_v1
0X1262A9E08289B606,58,73,1856.307,976.141,0.5259,2,echonet_dynamic_no_long_axis_v1
0X1264B4000299A44A,3,14,946.318,507.814,0.5366,2,echonet_dynamic_no_long_axis_v1
0X126C02C8B984672B,74,92,1790.454,981.614,0.5482,2,echonet_dynamic_no_long_axis_v1
0X126D2362E5A0A3E2,86,100,1215.939,673.1,0.5536,2,echonet_dynamic_no_long_axis_v1
0X12743BE18328C2CB,126,143,1123.858,628.675,0.5594,2,echonet_dynamic_no_long_axis_v1
0X12746954583128D,126,142,1131.017,579.011,0.5119,2,echonet_dynamic_no_long_axis_v1
0X1274EA614B0388C1,0,16,1164.314,999.521,0.8585,2,echonet_dynamic_no_long_axis_v1
0X1276054526651444,49,65,2330.28,1581.835,0.6788,2,echonet_dynamic_no_long_axis_v1
0X127779E8265AE7DF,150,172,3225.609,2109.806,0.6541,2,echonet_dynamic_no_long_axis_v1
0X127A2C51D192532D,42,59,1245.186,769.372,0.6179,2,echonet_dynamic_no_long_axis_v1
0X127D3AEEA73EDE76,64,73,1010.351,542.823,0.5373,2,echonet_dynamic_no_long_axis_v1
0X127F452F06A3EE97,91,109,984.503,636.418,0.6464,2,echonet_dynamic_no_long_axis_v1
0X12807854DFA9CC01,40,54,1099.257,652.523,0.5936,2,echonet_dynamic_no_long_axis_v1
0X128786C169B3ADAE,0,16,1382.333,670.99,0.4854,2,echonet_dynamic_no_long_axis_v1
0X128C3C2C3A7496CB,62,75,1297.934,1091.18,0.8407,2,echonet_dynamic_no_long_axis_v1
0X129133A90A61A59D,66,84,2398.278,2041.161,0.8511,2,echonet_dynamic_no_long_axis_v1
0X129682A2ECCD415,33,42,712.877,329.302,0.4619,2,echonet_dynamic_no_long_axis_v1
0X1297B85A51C2B20A,49,65,1353.361,785.813,0.5806,2,echonet_dynamic_no_long_axis_v1
0X129C303CC617D208,42,63,2413.542,1977.576,0.8194,2,echonet_dynamic_no_long_axis_v1
0X129CDFF3A684DDB9,38,54,1484.08,1198.669,0.8077,2,echonet_dynamic_no_long_axis_v1
0X129ED481CEECBD9,49,67,1484.934,891.948,0.6007,2,echonet_dynamic_no_long_axis_v1
0X12A72A2C6FF4C400,72,92,1144.204,622.737,0.5443,2,echonet_dynamic_no_long_axis_v1
0X12AD71F42865D2A,108,128,2091.232,1543.899,0.7383,2,echonet_dynamic_no_long_axis_v1
0X12B41FA5409312FE,151,179,1566.375,948.32,0.6054,2,echonet_dynamic_no_long_axis_v1
0X12B468050091669,53,72,1429.026,870.692,0.6093,2,echonet_dynamic_no_long_axis_v1
0X12B70D2902C13E73,55,82,2027.267,1058.891,0.5223,2,echonet_dynamic_no_long_axis_v1
0X12B79C738400F3,47,61,1789.658,871.756,0.4871,2,echonet_dynamic_no_long_axis_v1
0X12B890B1E2E14CC4,1,17,2723.237,1540.224,0.5656,2,echonet_dynamic_no_long_axis_v1
0X12B9FFDEA456E877,46,63,1106.489,623.376,0.5634,2,echonet_dynamic_no_long_axis_v1
0X12BAD5FBFC3E4F2A,97,114,1281.685,759.872,0.5929,2,echonet_dynamic_no_long_axis_v1
0X12C17194EECA74B4,31,43,1623.004,964.574,0.5943,2,echonet_dynamic_no_long_axis_v1
0X12C75A801CBD284A,67,78,1511.099,922.655,0.6106,2,echonet_dynamic_no_long_axis_v1
0X12CC84ACC62427C1,37,49,1780.594,1024.052,0.5751,2,echonet_dynamic_no_long_axis_v1
0X12CF33089E2618A8,31,63,876.058,536.24,0.6121,2,echonet_dynamic_no_long_axis_v1
0X12D510DA18959EE3,67,80,941.307,582.941,0.6193,2,echonet_dynamic_no_long_axis_v1
0X12D56DAF10A98037,37,55,996.724,517.247,0.5189,2,echonet_dynamic_no_long_axis_v1
0X12D7CFBEBDF0EAAF,38,53,928.703,500.525,0.539,2,echonet_dynamic_no_long_axis_v1
0X12DAF7D942F818A0,102,123,1874.011,1068.436,0.5701,2,echonet_dynamic_no_long_axis_v1
0X12DC39D816351E0D,57,66,1091.814,757.686,0.694,2,echonet_dynamic_no_long_axis_v1
0X12F2890C7AEA52E8,23,39,1099.679,750.736,0.6827,2,echonet_dynamic_no_long_axis_v1
0X12F3277B0A6EE866,154,172,664.853,326.285,0.4908,2,echonet_dynamic_no_long_axis_v1
0X12F3CF2F58EC699B,133,147,1150.529,639.673,0.556,2,echonet_dynamic_no_long_axis_v1
0X12F535C804FC3F13,141,155,1068.826,559.854,0.5238,2,echonet_dynamic_no_long_axis_v1
0X13031FC2687E954D,3,25,2522.354,1321.996,0.5241,2,echonet_dynamic_no_long_axis_v1
0X1303B567B01D9D71,107,120,1068.179,585.604,0.5482,2,echonet_dynamic_no_long_axis_v1
0X13078849A6B5C581,0,20,1319.823,775.247,0.5874,2,echonet_dynamic_no_long_axis_v1
0X130914FFD198255E,120,139,1595.277,888.773,0.5571,2,echonet_dynamic_no_long_axis_v1
0X130ABC17C55FD6B5,46,59,1538.158,889.07,0.578,2,echonet_dynamic_no_long_axis_v1
0X130B57359B0E6F00,157,173,1277.174,709.741,0.5557,2,echonet_dynamic_no_long_axis_v1
0X130E96B8AB4EC4DF,3,21,1193.988,598.203,0.501,2,echonet_dynamic_no_long_axis_v1
0X131AEF344C28F4B2,122,143,1204.23,669.96,0.5563,2,echonet_dynamic_no_long_axis_v1
0X131EE16CE9512E4E,131,85,1536.157,845.135,0.5502,2,echonet_dynamic_no_long_axis_v1
0X132A335840604190,44,63,1661.88,922.121,0.5549,2,echonet_dynamic_no_long_axis_v1
0X132C1E8DBB715D1D,44,55,693.011,380.964,0.5497,2,echonet_dynamic_no_long_axis_v1
0X132E461F48559F6B,72,89,1405.512,681.056,0.4846,2,echonet_dynamic_no_long_axis_v1
0X1335F88662E38FD5,97,113,2670.82,1629.721,0.6102,2,echonet_dynamic_no_long_axis_v1
0X1337E8945A141439,73,87,1832.925,1254.449,0.6844,2,echonet_dynamic_no_long_axis_v1
0X13381981E598316E,116,132,1898.556,1027.725,0.5413,2,echonet_dynamic_no_long_axis_v1
0X1339B9E81946F0E8,61,82,1076.717,568.06,0.5276,2,echonet_dynamic_no_long_axis_v1
0X133BD3C195F9EA2,46,65,2038.211,1174.156,0.5761,2,echonet_dynamic_no_long_axis_v1
0X133C22A8F4C643C,129,141,1374.504,1066.384,0.7758,2,echonet_dynamic_no_long_axis_v1
0X133F1774D5859CF4,134,150,807.46,379.795,0.4704,2,echonet_dynamic_no_long_axis_v1
0X133F50BB99C6E09,42,55,1110.273,648.586,0.5842,2,echonet_dynamic_no_long_axis_v1
0X13408BBC062D7EF8,79,85,1877.869,1058.452,0.5636,2,echonet_dynamic_no_long_axis_v1
0X13419AC126FD7685,32,50,1843.147,957.059,0.5193,2,echonet_dynamic_no_long_axis_v1
0X1345D6698FB8834D,65,86,3345.673,2083.449,0.6227,2,echonet_dynamic_no_long_axis_v1
0X13491A03D3184C5A,57,75,1718.473,1249.499,0.7271,2,echonet_dynamic_no_long_axis_v1
0X134A337D9B4C1948,45,57,1474.145,1228.992,0.8337,2,echonet_dynamic_no_long_axis_v1
0X134CE85850028C74,92,110,1601.611,825.076,0.5152,2,echonet_dynamic_no_long_axis_v1
0X1351FD090B93589F,29,45,1048.056,583.936,0.5572,2,echonet_dynamic_no_long_axis_v1
0X135A31260870D960,144,162,1245.892,619.315,0.4971,2,echonet_dynamic_no_long_axis_v1
0X135AADB11C76E482,86,99,1431.891,704.399,0.4919,2,echonet_dynamic_no_long_axis_v1
0X13621A689D1114C3,65,81,1435.351,763.363,0.5318,2,echonet_dynamic_no_long_axis_v1
0X1364306109381555,57,78,1468.336,1306.972,0.8901,2,echonet_dynamic_no_long_axis_v1
0X136492E67BFF8CB3,95,112,3807.405,2156.223,0.5663,2,echonet_dynamic_no_long_axis_v1
0X136601DC3725F327,95,112,1066.886,570.587,0.5348,2,echonet_dynamic_no_long_axis_v1
0X1366FB9F3F37807D,103,114,1124.802,684.327,0.6084,2,echonet_dynamic_no_long_axis_v1
0X13682394806BB587,40,55,2197.93,1280.055,0.5824,2,echonet_dynamic_no_long_axis_v1
0X1369E49954F0EAEC,46,62,1457.242,920.253,0.6315,2,echonet_dynamic_no_long_axis_v1
0X13745EE94756A394,97,113,1260.742,710.732,0.5637,2,echonet_dynamic_no_long_axis_v1
0X13881965FA7312E,93,105,698.835,412.52,0.5903,2,echonet_dynamic_no_long_axis_v1
0X13888ED03221D0D4,126,139,1092.175,666.674,0.6104,2,echonet_dynamic_no_long_axis_v1
0X138BF0FABD298C5,175,194,1699.034,1048.567,0.6172,2,echonet_dynamic_no_long_axis_v1
0X1390B905E366F035,35,50,1016.748,673.634,0.6625,2,echonet_dynamic_no_long_axis_v1
0X139DEEAD6326D6C5,47,62,1273.863,703.691,0.5524,2,echonet_dynamic_no_long_axis_v1
0X13A3E602CCA508D6,127,151,1076.16,648.797,0.6029,2,echonet_dynamic_no_long_axis_v1
0X13A4AE3152A4D752,64,76,1559.763,1025.294,0.6573,2,echonet_dynamic_no_long_axis_v1
0X13A5B3EF1C1004FC,38,53,3193.079,1608.088,0.5036,2,echonet_dynamic_no_long_axis_v1
0X13A5F88444B588E0,37,49,438.111,278.224,0.6351,2,echonet_dynamic_no_long_axis_v1
0X13ACF1360A23F50F,40,56,1566.79,830.24,0.5299,2,echonet_dynamic_no_long_axis_v1
0X13AF8C4530219270,2,19,2033.798,1162.838,0.5718,2,echonet_dynamic_no_long_axis_v1
0X13B0A1DABEDA5EDF,60,73,1468.328,725.32,0.494,2,echonet_dynamic_no_long_axis_v1
0X13B4430D1930FF80,49,65,1458.946,839.141,0.5752,2,echonet_dynamic_no_long_axis_v1
0X13B5EC7F42AF217,119,131,1207.254,693.218,0.5742,2,echonet_dynamic_no_long_axis_v1
0X13B783ADFB252C8,81,62,686.156,369.198,0.5381,2,echonet_dynamic_no_long_axis_v1
0X13B8F91C9C8074AF,0,19,1149.09,722.82,0.629,2,echonet_dynamic_no_long_axis_v1
0X13B98D39BC103032,68,83,1426.31,722.202,0.5063,2,echonet_dynamic_no_long_axis_v1
0X13BD3AC66BD12220,37,53,1190.123,652.778,0.5485,2,echonet_dynamic_no_long_axis_v1
0X13BF1C6E527440F,58,72,1558.643,927.911,0.5953,2,echonet_dynamic_no_long_axis_v1
0X13BF81440466675F,96,113,1438.779,837.234,0.5819,2,echonet_dynamic_no_long_axis_v1
0X13C061D2FD255419,48,65,2360.248,1776.028,0.7525,2,echonet_dynamic_no_long_axis_v1
0X13C1FEB745C8B810,0,21,2655.569,1086.15,0.409,2,echonet_dynamic_no_long_axis_v1
0X13C378D617ABCBEF,35,53,1004.188,572.738,0.5703,2,echonet_dynamic_no_long_axis_v1
0X13C611744D86E729,51,66,1692.037,1174.585,0.6942,2,echonet_dynamic_no_long_axis_v1
0X13C7281794656150,52,70,1689.161,832.758,0.493,2,echonet_dynamic_no_long_axis_v1
0X13CAF66BDD4EBEA0,87,101,819.569,536.401,0.6545,2,echonet_dynamic_no_long_axis_v1
0X13CE2039E2D706A,56,76,1927.058,1634.96,0.8484,2,echonet_dynamic_no_long_axis_v1
0X13CE28139B5F8E2D,53,71,1588.159,951.184,0.5989,2,echonet_dynamic_no_long_axis_v1
0X13CF32153B3B30B7,101,115,1541.866,898.1,0.5825,2,echonet_dynamic_no_long_axis_v1
0X13CFD73EA4694798,41,59,2897.845,2609.655,0.9006,2,echonet_dynamic_no_long_axis_v1
0X13D0DD096DFED1C7,51,69,1012.22,592.223,0.5851,2,echonet_dynamic_no_long_axis_v1
0X13D1459C51B5C32E,43,25,930.511,741.574,0.797,2,echonet_dynamic_no_long_axis_v1
0X13D6BC74D088CACA,70,80,1754.573,1063.225,0.606,2,echonet_dynamic_no_long_axis_v1
0X13D875B7A4A97001,0,21,1863.121,1094.774,0.5876,2,echonet_dynamic_no_long_axis_v1
0X13D9B0A4BC16701D,70,84,752.763,403.795,0.5364,2,echonet_dynamic_no_long_axis_v1
0X13DEAEAFDF1338AD,111,122,761.179,463.899,0.6094,2,echonet_dynamic_no_long_axis_v1
0X13E043A35E3EB490,80,97,1086.021,654.102,0.6023,2,echonet_dynamic_no_long_axis_v1
0X13E260DF39629AC9,143,161,1183.657,814.625,0.6882,2,echonet_dynamic_no_long_axis_v1
0X13E488CF5C7C934C,23,35,1021.696,626.504,0.6132,2,echonet_dynamic_no_long_axis_v1
0X13E9B31F9C5D5660,129,146,1554.113,916.827,0.5899,2,echonet_dynamic_no_long_axis_v1
0X13EA5DE4962B3822,162,198,3208.169,1928.981,0.6013,2,echonet_dynamic_no_long_axis_v1
0X13ECF4B877219D8B,1,16,1159.548,591.134,0.5098,2,echonet_dynamic_no_long_axis_v1
0X13EFD6BF683801F,91,106,887.399,661.719,0.7457,2,echonet_dynamic_no_long_axis_v1
0X13F04450E6B7D249,39,56,2041.693,1259.427,0.6169,2,echonet_dynamic_no_long_axis_v1
0X13F0F314138CE831,150,168,662.072,404.132,0.6104,2,echonet_dynamic_no_long_axis_v1
0X13F52A775D9F62D0,66,79,1503.699,1038.545,0.6907,2,echonet_dynamic_no_long_axis_v1
0X13F7CAB4C719ACA3,6,17,1106.43,766.38,0.6927,2,echonet_dynamic_no_long_axis_v1
0X14017B26554F7A5E,101,116,1256.429,602.695,0.4797,2,echonet_dynamic_no_long_axis_v1
0X140A0F27BE9116F5,74,91,1310.397,885.453,0.6757,2,echonet_dynamic_no_long_axis_v1
0X140AAFB14918E8A4,38,47,1705.897,903.246,0.5295,2,echonet_dynamic_no_long_axis_v1
0X140D4A2F475712FA,49,66,1466.253,832.127,0.5675,2,echonet_dynamic_no_long_axis_v1
0X141103C96A34DA6C,212,237,2664.373,1619.663,0.6079,2,echonet_dynamic_no_long_axis_v1
0X1412F3A856C40C82,28,39,1377.152,692.255,0.5027,2,echonet_dynamic_no_long_axis_v1
0X141E714781DEE463,35,48,2706.17,1786.179,0.66,2,echonet_dynamic_no_long_axis_v1
0X142C9C144BF16FAE,123,142,1408.495,821.544,0.5833,2,echonet_dynamic_no_long_axis_v1
0X142CA9754A01C189,95,111,1167.239,746.076,0.6392,2,echonet_dynamic_no_long_axis_v1
0X142D95A439C28FD0,114,127,933.037,522.873,0.5604,2,echonet_dynamic_no_long_axis_v1
0X142EFADA9AF9DC99,157,177,1376.427,803.898,0.584,2,echonet_dynamic_no_long_axis_v1
0X1430480BD524AA15,114,148,886.579,456.756,0.5152,2,echonet_dynamic_no_long_axis_v1
0X143952B6F3131E88,28,41,803.515,412.371,0.5132,2,echonet_dynamic_no_long_axis_v1
0X1439627ADB475793,136,152,2156.088,1138.465,0.528,2,echonet_dynamic_no_long_axis_v1
0X143B72A804BC7AE7,40,57,835.637,440.334,0.5269,2,echonet_dynamic_no_long_axis_v1
0X143D9B52A85BF561,91,111,1566.857,917.122,0.5853,2,echonet_dynamic_no_long_axis_v1
0X143DC0C8FB089A18,0,19,2397.902,1958.362,0.8167,2,echonet_dynamic_no_long_axis_v1
0X1441AEEF1315F95F,3,22,1313.54,650.916,0.4955,2,echonet_dynamic_no_long_axis_v1
0X1444E316F0AD1ECD,114,132,1954.084,1200.698,0.6145,2,echonet_dynamic_no_long_axis_v1
0X14458B9410D73E11,2,17,1128.826,645.14,0.5715,2,echonet_dynamic_no_long_axis_v1
0X144DF7C585233D4C,51,66,1809.055,1110.502,0.6139,2,echonet_dynamic_no_long_axis_v1
0X1453F1CB3615D8E6,46,60,1818.529,1127.329,0.6199,2,echonet_dynamic_no_long_axis_v1
0X14586BA47B83C598,86,106,1742.797,934.43,0.5362,2,echonet_dynamic_no_long_axis_v1
0X145985C5A34EFCC,124,141,1253.438,650.665,0.5191,2,echonet_dynamic_no_long_axis_v1
0X1459E82A63876D49,122,140,2296.106,1226.219,0.534,2,echonet_dynamic_no_long_axis_v1
0X146617301504663D,165,188,1112.38,587.37,0.528,2,echonet_dynamic_no_long_axis_v1
0X1469FC68080F968F,39,53,1263.56,611.511,0.484,2,echonet_dynamic_no_long_axis_v1
0X146DFEE92CCEC4E2,86,100,1269.198,658.305,0.5187,2,echonet_dynamic_no_long_axis_v1
0X146FA81A1880E0DB,39,56,1564.173,820.603,0.5246,2,echonet_dynamic_no_long_axis_v1
0X148536C2B06F8C88,3,20,1065.74,621.512,0.5832,2,echonet_dynamic_no_long_axis_v1
0X148B59B7E2DE8071,131,150,2706.909,1516.004,0.5601,2,echonet_dynamic_no_long_axis_v1
0X148BFBF596042FF5,196,214,771.909,455.826,0.5905,2,echonet_dynamic_no_long_axis_v1
0X148FD32A15B26865,105,122,1860.116,1242.095,0.6678,2,echonet_dynamic_no_long_axis_v1
0X148FFCBF4D0C398F,128,150,1561.068,831.811,0.5328,2,echonet_dynamic_no_long_axis_v1
0X1494CF8E521C3FEF,92,107,1466.973,1119.346,0.763,2,echonet_dynamic_no_long_axis_v1
0X1498806542CEE367,15,27,1231.224,834.127,0.6775,2,echonet_dynamic_no_long_axis_v1
0X1499CC196E57EFB,136,152,1211.267,664.29,0.5484,2,echonet_dynamic_no_long_axis_v1
0X149C551B9CC4DED,116,127,923.193,459.391,0.4976,2,echonet_dynamic_no_long_axis_v1
0X149CE42387608CEC,106,121,953.339,566.273,0.594,2,echonet_dynamic_no_long_axis_v1
0X149D7652015AA236,78,93,1121.022,633.15,0.5648,2,echonet_dynamic_no_long_axis_v1
0X149DCE7F77B408F4,54,72,900.81,524.165,0.5819,2,echonet_dynamic_no_long_axis_v1
0X14A6F87817547A95,36,49,1285.332,620.651,0.4829,2,echonet_dynamic_no_long_axis_v1
0X14A943AC8D162D36,82,100,2460.016,1481.695,0.6023,2,echonet_dynamic_no_long_axis_v1
0X14A96DC7D16968CA,41,55,1431.546,724.829,0.5063,2,echonet_dynamic_no_long_axis_v1
0X14AD611ACCAD1161,33,48,1222.415,669.396,0.5476,2,echonet_dynamic_no_long_axis_v1
0X14AE436F61819521,33,49,1529.886,1007.321,0.6584,2,echonet_dynamic_no_long_axis_v1
0X14B62F1593336331,105,124,837.411,458.101,0.547,2,echonet_dynamic_no_long_axis_v1
0X14B9AD04DC394090,118,143,1706.1,975.392,0.5717,2,echonet_dynamic_no_long_axis_v1
0X14BF7A33B6A3FAC4,27,40,725.194,412.468,0.5688,2,echonet_dynamic_no_long_axis_v1
0X14BFDFE46468D601,157,175,1467.06,1002.933,0.6836,2,echonet_dynamic_no_long_axis_v1
0X14C05BE120AEAFA3,47,66,1257.136,594.343,0.4728,2,echonet_dynamic_no_long_axis_v1
0X14C5B3A3DFECAC76,109,127,1549.337,887.182,0.5726,2,echonet_dynamic_no_long_axis_v1
0X14C8F7E6EBDBC708,104,123,1516.752,697.691,0.46,2,echonet_dynamic_no_long_axis_v1
0X14C8FE5C30084CB3,106,122,1029.205,555.084,0.5393,2,echonet_dynamic_no_long_axis_v1
0X14C9558E01709E65,49,64,1894.186,1056.782,0.5579,2,echonet_dynamic_no_long_axis_v1
0X14CA2B7814B1B9EF,81,97,1114.111,641.982,0.5762,2,echonet_dynamic_no_long_axis_v1
0X14CDF03D85703540,138,176,3137.737,1892.311,0.6031,2,echonet_dynamic_no_long_axis_v1
0X14CFCEAD6539D3DC,111,125,1428.695,760.831,0.5325,2,echonet_dynamic_no_long_axis_v1
0X14D50036EAB69EA,71,82,1197.309,717.69,0.5994,2,echonet_dynamic_no_long_axis_v1
0X14D6CCAC550E278B,134,151,624.767,288.876,0.4624,2,echonet_dynamic_no_long_axis_v1
0X14DDD7911ED612B8,180,197,868.858,507.326,0.5839,2,echonet_dynamic_no_long_axis_v1
0X14E954E2A0878925,30,43,1136.154,828.625,0.7293,2,echonet_dynamic_no_long_axis_v1
0X14E98112C64DA88B,100,118,2090.954,1700.291,0.8132,2,echonet_dynamic_no_long_axis_v1
0X14EAF6EAE837F32D,84,94,580.682,310.04,0.5339,2,echonet_dynamic_no_long_axis_v1
0X14F0C15097590562,52,71,945.612,526.728,0.557,2,echonet_dynamic_no_long_axis_v1
0X14F4B815A5210B8A,39,54,897.369,427.986,0.4769,2,echonet_dynamic_no_long_axis_v1
0X14F639B3E0EC3A72,64,83,1369.129,751.22,0.5487,2,echonet_dynamic_no_long_axis_v1
0X14F7F25545E76A73,46,65,1182.697,684.917,0.5791,2,echonet_dynamic_no_long_axis_v1
0X14FC5096F3E4145D,49,67,1481.386,792.501,0.535,2,echonet_dynamic_no_long_axis_v1
0X14FC7EEB6ACFE0BF,46,69,1413.084,934.377,0.6612,2,echonet_dynamic_no_long_axis_v1
0X1502E38D5D99E2E4,51,68,636.772,422.387,0.6633,2,echonet_dynamic_no_long_axis_v1
0X15031D084B3EEC96,69,83,687.754,341.196,0.4961,2,echonet_dynamic_no_long_axis_v1
0X150D2E5A2E09ADC,1,12,1062.087,838.672,0.7896,2,echonet_dynamic_no_long_axis_v1
0X1512DC6CBD8EA12A,44,56,989.667,839.957,0.8487,2,echonet_dynamic_no_long_axis_v1
0X15146FB55B5697A0,69,88,1918.037,1256.695,0.6552,2,echonet_dynamic_no_long_axis_v1
0X15213080EC9FA05,53,70,1001.456,571.001,0.5702,2,echonet_dynamic_no_long_axis_v1
0X15260A2D31648922,47,64,1550.456,936.018,0.6037,2,echonet_dynamic_no_long_axis_v1
0X152F36A552DD2930,106,119,982.786,535.736,0.5451,2,echonet_dynamic_no_long_axis_v1
0X152F4B797A15C43F,85,99,2512.422,2006.015,0.7984,2,echonet_dynamic_no_long_axis_v1
0X1531B80C56297FD2,110,129,1093.284,649.49,0.5941,2,echonet_dynamic_no_long_axis_v1
0X153A76426320A57B,98,113,1467.502,1276.657,0.87,2,echonet_dynamic_no_long_axis_v1
0X153F6AD036CBC30B,32,51,1804.443,1634.721,0.9059,2,echonet_dynamic_no_long_axis_v1
0X1545ED054E5CE01D,42,56,1837.585,941.538,0.5124,2,echonet_dynamic_no_long_axis_v1
0X154827D058D6A9D0,158,179,975.073,488.304,0.5008,2,echonet_dynamic_no_long_axis_v1
0X154A3BABDF5193B6,55,76,1609.004,979.612,0.6088,2,echonet_dynamic_no_long_axis_v1
0X154B75E4EF6184AE,2,17,1061.569,683.792,0.6441,2,echonet_dynamic_no_long_axis_v1
0X15505C1D0357A434,272,307,3031.607,2526.397,0.8334,2,echonet_dynamic_no_long_axis_v1
0X1556825C5295368F,86,100,1223.756,650.279,0.5314,2,echonet_dynamic_no_long_axis_v1
0X155A7771ACB14472,62,79,1739.807,1015.649,0.5838,2,echonet_dynamic_no_long_axis_v1
0X155E07DE20CF09F5,54,72,1484.554,637.02,0.4291,2,echonet_dynamic_no_long_axis_v1
0X1563E9D9834E5A52,100,121,1398.812,996.976,0.7127,2,echonet_dynamic_no_long_axis_v1
0X1564DE8D0D40F195,45,62,1353.168,804.58,0.5946,2,echonet_dynamic_no_long_axis_v1
0X15672D90E3EC7303,112,130,1320.337,783.328,0.5933,2,echonet_dynamic_no_long_axis_v1
0X156A170A2372A74D,36,53,1334.241,671.866,0.5036,2,echonet_dynamic_no_long_axis_v1
0X156B1DF0112EDD64,55,75,2448.709,1503.564,0.614,2,echonet_dynamic_no_long_axis_v1
0X156F3A66548E593A,143,159,1184.679,571.039,0.482,2,echonet_dynamic_no_long_axis_v1
0X1572A0615437CE09,60,69,952.923,500.293,0.525,2,echonet_dynamic_no_long_axis_v1
0X157528EBA14B2EB6,42,58,1420.424,824.371,0.5804,2,echonet_dynamic_no_long_axis_v1
0X1578E7D18F51EBBA,51,18,1783.192,945.051,0.53,2,echonet_dynamic_no_long_axis_v1
0X157AC89BC2BB953E,47,65,1440.216,1229.543,0.8537,2,echonet_dynamic_no_long_axis_v1
0X157BF8C4D154D45D,63,92,1158.86,950.77,0.8204,2,echonet_dynamic_no_long_axis_v1
0X158518565B5C46D8,61,79,1277.851,715.752,0.5601,2,echonet_dynamic_no_long_axis_v1
0X15861B0853DB6E4D,168,189,1325.772,753.586,0.5684,2,echonet_dynamic_no_long_axis_v1
0X158B03C45BB55DAC,81,98,2497.058,1344.623,0.5385,2,echonet_dynamic_no_long_axis_v1
0X158C469B8C462A10,46,61,2849.544,2127.248,0.7465,2,echonet_dynamic_no_long_axis_v1
0X1592A79667250EA1,49,67,1596.091,846.133,0.5301,2,echonet_dynamic_no_long_axis_v1
0X159307C65686B64D,128,141,1232.711,688.806,0.5588,2,echonet_dynamic_no_long_axis_v1
0X1597DA4581B6F4AD,39,63,1033.142,516.48,0.4999,2,echonet_dynamic_no_long_axis_v1
0X1599E3BC17BB6A01,36,50,1268.123,612.619,0.4831,2,echonet_dynamic_no_long_axis_v1
0X159BDA520C61736A,43,62,824.179,425.283,0.516,2,echonet_dynamic_no_long_axis_v1
0X15A62E3A92DFFF7,44,60,1859.534,1118.651,0.6016,2,echonet_dynamic_no_long_axis_v1
0X15A89931D5E83C23,163,182,945.554,758.476,0.8021,2,echonet_dynamic_no_long_axis_v1
0X15A912A3822431A9,1,15,1974.217,1167.118,0.5912,2,echonet_dynamic_no_long_axis_v1
0X15AA1BAFC9C0CCB2,68,94,2147.252,1660.524,0.7733,2,echonet_dynamic_no_long_axis_v1
0X15ACD275B96CDD05,59,79,1610.542,840.6,0.5219,2,echonet_dynamic_no_long_axis_v1
0X15B26FE0D3CD6E0F,68,93,1355.077,812.677,0.5997,2,echonet_dynamic_no_long_axis_v1
0X15B2A840A070DCC9,48,67,1098.884,646.458,0.5883,2,echonet_dynamic_no_long_axis_v1
0X15B6905E8EC410FA,88,103,2529.281,2088.429,0.8257,2,echonet_dynamic_no_long_axis_v1
0X15B980AC8A6B5EF1,36,52,1387.084,788.672,0.5686,2,echonet_dynamic_no_long_axis_v1
0X15BA82A1F6BF8B6,100,114,2073.283,1250.753,0.6033,2,echonet_dynamic_no_long_axis_v1
0X15BE180F1CCF0F3B,39,52,947.307,542.22,0.5724,2,echonet_dynamic_no_long_axis_v1
0X15C0D7DBFF8E4FC8,48,67,1178.411,881.124,0.7477,2,echonet_dynamic_no_long_axis_v1
0X15C4831F7DDCA462,3,19,1529.87,851.528,0.5566,2,echonet_dynamic_no_long_axis_v1
0X15C85161F8F9A55B,3,18,921.557,513.268,0.557,2,echonet_dynamic_no_long_axis_v1
0X15C904A855E4FF2B,45,62,1867.193,992.239,0.5314,2,echonet_dynamic_no_long_axis_v1
0X15CBECA136CF18CD,55,75,909.16,588.449,0.6472,2,echonet_dynamic_no_long_axis_v1
0X15CC2CDE8C2CD542,66,80,1301.274,786.184,0.6042,2,echonet_dynamic_no_long_axis_v1
0X15CC6C50F1763B61,41,60,1946.826,1293.273,0.6643,2,echonet_dynamic_no_long_axis_v1
0X15D24A43FD766AB9,58,75,1238.601,635.373,0.513,2,echonet_dynamic_no_long_axis_v1
0X15D27BEDBDC09AA0,46,64,1569.347,1219.443,0.777,2,echonet_dynamic_no_long_axis_v1
0X15D82D31755657,57,70,1153.347,644.94,0.5592,2,echonet_dynamic_no_long_axis_v1
0X15D8B127660F649C,42,54,1005.001,552.336,0.5496,2,echonet_dynamic_no_long_axis_v1
0X15D9F9EC9BA764E7,93,104,2458.974,1251.194,0.5088,2,echonet_dynamic_no_long_axis_v1
0X15DA8D60960ABB2B,53,71,1314.58,886.921,0.6747,2,echonet_dynamic_no_long_axis_v1
0X15DC7EFD8DB3D0A6,38,53,957.846,773.46,0.8075,2,echonet_dynamic_no_long_axis_v1
0X15DF6B9DA16DAD07,42,58,1442.218,804.27,0.5577,2,echonet_dynamic_no_long_axis_v1
0X15E22119724FDD7D,95,111,1302.704,642.386,0.4931,2,echonet_dynamic_no_long_axis_v1
0X15E8BE2AE8C05C88,52,72,2617.189,1770.047,0.6763,2,echonet_dynamic_no_long_axis_v1
0X15E987778BEC99D5,113,130,1625.382,941.497,0.5792,2,echonet_dynamic_no_long_axis_v1
0X15E9928F7242538E,42,62,2031.844,1117.572,0.55,2,echonet_dynamic_no_long_axis_v1
0X15F1317B1354152B,49,64,1183.06,633.759,0.5357,2,echonet_dynamic_no_long_axis_v1
0X15F216DB6201C0F,86,105,986.123,525.474,0.5329,2,echonet_dynamic_no_long_axis_v1
0X15FFEB32E5D2ECF2,32,43,945.622,543.455,0.5747,2,echonet_dynamic_no_long_axis_v1
0X1603C982E33D045E,36,51,971.881,490.909,0.5051,2,echonet_dynamic_no_long_axis_v1
0X160563B6A541752C,86,97,924.085,500.939,0.5421,2,echonet_dynamic_no_long_axis_v1
0X160C233C08E7E8DE,49,64,1910.312,1064.981,0.5575,2,echonet_dynamic_no_long_axis_v1
0X160DBDFED541D2D9,61,72,1583.25,1062.591,0.6711,2,echonet_dynamic_no_long_axis_v1
0X160E1BD0E636CC69,46,63,1944.068,1345.098,0.6919,2,echonet_dynamic_no_long_axis_v1
0X160FFE14D950D4C0,43,61,1821.431,1017.533,0.5586,2,echonet_dynamic_no_long_axis_v1
0X1611B3A479A63A01,65,84,1692.916,1009.623,0.5964,2,echonet_dynamic_no_long_axis_v1
0X16134D6B554889A,40,62,2381.556,1267.165,0.5321,2,echonet_dynamic_no_long_axis_v1
0X16139FAA2B68E8FD,50,66,1249.632,722.858,0.5785,2,echonet_dynamic_no_long_axis_v1
0X16148C355E993321,67,83,1747.535,1463.376,0.8374,2,echonet_dynamic_no_long_axis_v1
0X1616791A7190BBA0,42,59,2044.326,1366.53,0.6685,2,echonet_dynamic_no_long_axis_v1
0X1619E4697D8673B4,42,64,1363.977,855.673,0.6273,2,echonet_dynamic_no_long_axis_v1
0X1622EDE923576CF4,67,81,1304.16,742.131,0.569,2,echonet_dynamic_no_long_axis_v1
0X1623BBE488F0EC89,47,64,1437.183,923.901,0.6429,2,echonet_dynamic_no_long_axis_v1
0X162DC693CC98C01F,73,88,1538.464,1085.22,0.7054,2,echonet_dynamic_no_long_axis_v1
0X1631C52C25D15DEE,1,17,1496.646,998.613,0.6672,2,echonet_dynamic_no_long_axis_v1
0X163A374094D066E8,143,112,2028.467,1070.127,0.5276,2,echonet_dynamic_no_long_axis_v1
0X163D02E41A3A93D,40,47,753.665,655.329,0.8695,2,echonet_dynamic_no_long_axis_v1
0X163EBCB6784FC30B,41,58,1287.937,766.501,0.5951,2,echonet_dynamic_no_long_axis_v1
0X163FFB185E479D0C,88,101,2276.697,1336.008,0.5868,2,echonet_dynamic_no_long_axis_v1
0X164D9C71CC801B34,40,60,1627.579,1309.05,0.8043,2,echonet_dynamic_no_long_axis_v1
0X164E6F5DA8503204,47,66,1268.052,798.476,0.6297,2,echonet_dynamic_no_long_axis_v1
0X1653CEFBC9986D9F,60,74,888.907,501.177,0.5638,2,echonet_dynamic_no_long_axis_v1
0X1655D3F044EB6BB2,195,206,708.985,385.311,0.5435,2,echonet_dynamic_no_long_axis_v1
0X1655F3F4D2943C1D,58,76,889.923,500.411,0.5623,2,echonet_dynamic_no_long_axis_v1
0X16562EC4F3B6646B,82,94,1168.658,677.193,0.5795,2,echonet_dynamic_no_long_axis_v1
0X1659FD6165A50811,46,64,1132.686,636.046,0.5615,2,echonet_dynamic_no_long_axis_v1
0X165D339CF0773DFD,41,53,953.455,614.597,0.6446,2,echonet_dynamic_no_long_axis_v1
0X165EC58045A8A8BF,66,84,1414.347,792.821,0.5606,2,echonet_dynamic_no_long_axis_v1
0X166087A5E749713A,119,132,1101.204,831.389,0.755,2,echonet_dynamic_no_long_axis_v1
0X166A033F6DC02086,77,96,728.401,461.154,0.6331,2,echonet_dynamic_no_long_axis_v1
0X166B0D5A9407635F,44,62,1649.956,962.513,0.5834,2,echonet_dynamic_no_long_axis_v1
0X166B717BBC2ECADA,78,88,823.132,522.488,0.6348,2,echonet_dynamic_no_long_axis_v1
0X166BF85033848E4E,33,46,1306.956,1215.53,0.93,2,echonet_dynamic_no_long_axis_v1
0X166F42C7B9DD12C,59,74,1570.804,802.768,0.5111,2,echonet_dynamic_no_long_axis_v1
0X1674C7C6F8A8B313,3,26,1832.057,1010.533,0.5516,2,echonet_dynamic_no_long_axis_v1
0X16763AF254837506,90,109,1325.788,785.174,0.5922,2,echonet_dynamic_no_long_axis_v1
0X16765E1EDC5E93BE,78,93,1216.919,943.189,0.7751,2,echonet_dynamic_no_long_axis_v1
0X1677A8B7AAA975A1,76,92,1170.823,586.028,0.5005,2,echonet_dynamic_no_long_axis_v1
0X167EC6F7A8986FED,51,67,1663.039,1238.412,0.7447,2,echonet_dynamic_no_long_axis_v1
0X167F487F9DF04A97,98,113,1182.353,616.946,0.5218,2,echonet_dynamic_no_long_axis_v1
0X168065C1F6FCF27C,58,72,2009.342,1567.815,0.7803,2,echonet_dynamic_no_long_axis_v1
0X1685EEE356F42581,116,130,974.425,524.191,0.5379,2,echonet_dynamic_no_long_axis_v1
0X16862634E89FB736,82,96,1073.927,547.932,0.5102,2,echonet_dynamic_no_long_axis_v1
0X1689802F6D3093D2,90,105,1542.214,863.361,0.5598,2,echonet_dynamic_no_long_axis_v1
0X16902A1B1A139923,30,39,899.634,412.602,0.4586,2,echonet_dynamic_no_long_axis_v1
0X169062AB1FF38E72,112,141,1370.377,731.175,0.5336,2,echonet_dynamic_no_long_axis_v1
0X1694973B204EAB,145,158,1124.883,617.737,0.5492,2,echonet_dynamic_no_long_axis_v1
0X16967BF5B2546925,127,145,1236.973,928.849,0.7509,2,echonet_dynamic_no_long_axis_v1
0X169B747DFB6D2415,61,76,1423.769,808.386,0.5678,2,echonet_dynamic_no_long_axis_v1
0X169BC7341D79E051,60,73,1433.76,893.381,0.6231,2,echonet_dynamic_no_long_axis_v1
0X169D3A3AC16C2CE2,89,105,1174.655,709.482,0.604,2,echonet_dynamic_no_long_axis_v1
0X16A017AC10918091,92,109,1029.23,768.749,0.7469,2,echonet_dynamic_no_long_axis_v1
0X16A129DE47B81909,69,82,1085.508,628.875,0.5793,2,echonet_dynamic_no_long_axis_v1
0X16A6CEDE7F61E211,131,145,1013.445,571.547,0.564,2,echonet_dynamic_no_long_axis_v1
0X16A9F4D08E4677A1,51,68,2321.462,1219.255,0.5252,2,echonet_dynamic_no_long_axis_v1
0X16ACC4514A457BBA,56,72,1024.468,588.636,0.5746,2,echonet_dynamic_no_long_axis_v1
0X16AF26F9A372EEDE,99,118,1963.325,1234.677,0.6289,2,echonet_dynamic_no_long_axis_v1
0X16B28DDAC5D81FDF,65,84,924.756,541.645,0.5857,2,echonet_dynamic_no_long_axis_v1
0X16B2D41C50E4082C,56,70,694.781,363.463,0.5231,2,echonet_dynamic_no_long_axis_v1
0X16B5A10BF77BE425,53,26,1560.273,874.585,0.5605,2,echonet_dynamic_no_long_axis_v1
0X16B76AB7F9D95270,39,53,1165.571,653.827,0.5609,2,echonet_dynamic_no_long_axis_v1
0X16B85222D7B28245,79,97,1997.932,1683.448,0.8426,2,echonet_dynamic_no_long_axis_v1
0X16BB1F509B1D9721,47,61,1602.981,916.911,0.572,2,echonet_dynamic_no_long_axis_v1
0X16CEA7710E200570,47,67,1331.433,675.27,0.5072,2,echonet_dynamic_no_long_axis_v1
0X16CFBE094453AA79,97,115,1663.983,903.033,0.5427,2,echonet_dynamic_no_long_axis_v1
0X16CFE39107BFF8A7,34,43,838.719,484.019,0.5771,2,echonet_dynamic_no_long_axis_v1
0X16D883017E8A7734,100,119,1004.684,573.863,0.5712,2,echonet_dynamic_no_long_axis_v1
0X16F87B98A2C09E62,39,59,843.829,525.278,0.6225,2,echonet_dynamic_no_long_axis_v1
0X16FA4A372C724D22,46,61,834.123,444.182,0.5325,2,echonet_dynamic_no_long_axis_v1
0X16FB5FF81284B942,1,17,1120.607,806.915,0.7201,2,echonet_dynamic_no_long_axis_v1
0X16FBD79EE1C8DA26,87,98,1078.963,540.054,0.5005,2,echonet_dynamic_no_long_axis_v1
0X16FC9AA0AD5D8136,47,68,1474.92,1313.068,0.8903,2,echonet_dynamic_no_long_axis_v1
0X16FE5AFA8320ACD3,33,52,2633.925,1953.431,0.7416,2,echonet_dynamic_no_long_axis_v1
0X1702B6CCB7E8812B,36,50,1482.262,878.039,0.5924,2,echonet_dynamic_no_long_axis_v1
0X1702CEEC44104760,57,71,1958.656,1656.638,0.8458,2,echonet_dynamic_no_long_axis_v1
0X17057442E198A967,63,78,1487.522,882.467,0.5932,2,echonet_dynamic_no_long_axis_v1
0X17098CFCB688AD91,48,65,1472.594,760.914,0.5167,2,echonet_dynamic_no_long_axis_v1
0X170AA34F7E4EFB6B,54,75,1528.056,801.344,0.5244,2,echonet_dynamic_no_long_axis_v1
0X170DDD15D26D5F83,44,62,898.055,593.84,0.6613,2,echonet_dynamic_no_long_axis_v1
0X170F2698C1A90A77,58,80,2136.183,1307.066,0.6119,2,echonet_dynamic_no_long_axis_v1
0X1711A2ED181823F0,39,55,1508.517,906.64,0.601,2,echonet_dynamic_no_long_axis_v1
0X17174AB357750B03,38,53,1192.227,662.879,0.556,2,echonet_dynamic_no_long_axis_v1
0X17190A139A853180,111,130,3189.604,2005.585,0.6288,2,echonet_dynamic_no_long_axis_v1
0X17197B4B5AE30CC7,115,132,1620.844,938.093,0.5788,2,echonet_dynamic_no_long_axis_v1
0X171A7C9E7E1129D,53,71,1149.374,904.207,0.7867,2,echonet_dynamic_no_long_axis_v1
0X171A888D1B17304F,157,174,1199.643,500.783,0.4174,2,echonet_dynamic_no_long_axis_v1
0X171B390B95FD0FAE,77,91,1357.246,738.396,0.544,2,echonet_dynamic_no_long_axis_v1
0X171B52ED0054DF49,127,151,1888.716,1061.322,0.5619,2,echonet_dynamic_no_long_axis_v1
0X171C87FA9E52210F,48,66,1148.944,892.566,0.7769,2,echonet_dynamic_no_long_axis_v1
0X171C9D28B996267E,115,131,1131.294,855.699,0.7564,2,echonet_dynamic_no_long_axis_v1
0X171CF9695943319A,42,63,1549.225,849.568,0.5484,2,echonet_dynamic_no_long_axis_v1
0X171FD888481D524D,100,118,1535.921,842.835,0.5487,2,echonet_dynamic_no_long_axis_v1
0X1725C38816FAAED5,56,75,1050.101,609.402,0.5803,2,echonet_dynamic_no_long_axis_v1
0X17270F0DF580E06B,100,122,2417.727,1205.088,0.4984,2,echonet_dynamic_no_long_axis_v1
0X172821226E303BA6,133,155,1275.653,668.755,0.5242,2,echonet_dynamic_no_long_axis_v1
0X17294454521A97BB,1,17,1607.425,916.169,0.57,2,echonet_dynamic_no_long_axis_v1
0X1729DA199F862403,140,158,646.245,318.557,0.4929,2,echonet_dynamic_no_long_axis_v1
0X172CA389F7A02EEF,161,179,2207.12,1346.597,0.6101,2,echonet_dynamic_no_long_axis_v1
0X172D986B9780F9DE,53,69,1229.971,771.666,0.6274,2,echonet_dynamic_no_long_axis_v1
0X172F640B239CBFCA,105,124,1696.542,913.088,0.5382,2,echonet_dynamic_no_long_axis_v1
0X172FE96C1B43E4CF,35,50,1154.091,1026.373,0.8893,2,echonet_dynamic_no_long_axis_v1
0X17344D3535D790EF,41,60,1374.061,650.923,0.4737,2,echonet_dynamic_no_long_axis_v1
0X173A0C055813A634,101,122,1515.463,834.856,0.5509,2,echonet_dynamic_no_long_axis_v1
0X173D74409C3E5652,39,54,1081.256,927.287,0.8576,2,echonet_dynamic_no_long_axis_v1
0X174090E59512E733,113,134,1794.51,1104.737,0.6156,2,echonet_dynamic_no_long_axis_v1
0X17458D83D9F9B188,42,66,2104.178,1229.363,0.5842,2,echonet_dynamic_no_long_axis_v1
0X174A9943AB689618,1,11,1145.784,942.914,0.8229,2,echonet_dynamic_no_long_axis_v1
0X174ADA9A145CAD74,90,111,1021.856,554.539,0.5427,2,echonet_dynamic_no_long_axis_v1
0X174D0098F99A290E,38,55,1379.461,886.848,0.6429,2,echonet_dynamic_no_long_axis_v1
0X174E853B58F29959,88,102,3304.184,1832.76,0.5547,2,echonet_dynamic_no_long_axis_v1
0X175303C2D48B91CA,34,48,1107.623,655.251,0.5916,2,echonet_dynamic_no_long_axis_v1
0X1756A6A345D31CB3,31,47,1158.173,965.161,0.8333,2,echonet_dynamic_no_long_axis_v1
0X1760612A101EA2EB,102,120,649.104,321.823,0.4958,2,echonet_dynamic_no_long_axis_v1
0X176394EB0FCFBD35,84,105,1596.927,921.312,0.5769,2,echonet_dynamic_no_long_axis_v1
0X1763FB53ABCFB176,107,126,1234.166,740.89,0.6003,2,echonet_dynamic_no_long_axis_v1
0X176B5602BC2BF57B,59,76,652.868,323.275,0.4952,2,echonet_dynamic_no_long_axis_v1
0X176C1E76AD804467,153,168,1898.884,1142.717,0.6018,2,echonet_dynamic_no_long_axis_v1
0X1770B6D3A7C462B6,56,74,2350.524,1301.231,0.5536,2,echonet_dynamic_no_long_axis_v1
0X1770D3F5C2EA5142,48,65,935.319,667.672,0.7138,2,echonet_dynamic_no_long_axis_v1
0X17734E8CA72A687A,42,54,1137.185,590.523,0.5193,2,echonet_dynamic_no_long_axis_v1
0X1779C609E2B8B8C6,85,102,712.812,329.689,0.4625,2,echonet_dynamic_no_long_axis_v1
0X1779FEC3D7DEA8C2,48,64,1498.383,1137.201,0.759,2,echonet_dynamic_no_long_axis_v1
0X178269A4C18FC6B,85,101,1291.954,727.636,0.5632,2,echonet_dynamic_no_long_axis_v1
0X17828CD670289D36,2,16,1072.045,577.186,0.5384,2,echonet_dynamic_no_long_axis_v1
0X17859AAFF455F6DF,139,162,1259.974,774.079,0.6144,2,echonet_dynamic_no_long_axis_v1
0X1786055C7E6EFCE6,32,48,1664.568,1188.187,0.7138,2,echonet_dynamic_no_long_axis_v1
0X17865EC85AD080B0,57,77,1694.47,891.06,0.5259,2,echonet_dynamic_no_long_axis_v1
0X178A34206F5D376E,2,19,2275.713,1293.957,0.5686,2,echonet_dynamic_no_long_axis_v1
0X178DE58CE0367682,103,123,1217.823,717.564,0.5892,2,echonet_dynamic_no_long_axis_v1
0X178DF5359B89AD06,29,46,878.282,673.12,0.7664,2,echonet_dynamic_no_long_axis_v1
0X17918422FAD01F20,42,56,1424.188,783.743,0.5503,2,echonet_dynamic_no_long_axis_v1
0X1793039C294208A0,83,104,1985.47,1424.396,0.7174,2,echonet_dynamic_no_long_axis_v1
0X1798604CE5F68C34,63,75,1142.289,612.397,0.5361,2,echonet_dynamic_no_long_axis_v1
0X179A9ADE4B5A5B88,61,76,1763.195,1045.461,0.5929,2,echonet_dynamic_no_long_axis_v1
0X179B579A585FF160,1,21,2047.847,1435.891,0.7012,2,echonet_dynamic_no_long_axis_v1
0X179BA5C70ACC402D,52,68,1810.012,994.417,0.5494,2,echonet_dynamic_no_long_axis_v1
0X179C10878AAE691E,137,149,751.037,453.505,0.6038,2,echonet_dynamic_no_long_axis_v1
0X179CFD0E04B039FB,57,74,1703.236,1238.64,0.7272,2,echonet_dynamic_no_long_axis_v1
0X179D5051F8526C08,32,53,1751.187,1569.836,0.8964,2,echonet_dynamic_no_long_axis_v1
0X17A28F565B51B841,163,179,2251.37,1625.102,0.7218,2,echonet_dynamic_no_long_axis_v1
0X17A339D2A6706C11,0,14,1219.78,672.965,0.5517,2,echonet_dynamic_no_long_axis_v1
0X17A44C8A2D0EE533,41,58,1816.018,1121.553,0.6176,2,echonet_dynamic_no_long_axis_v1
0X17A5854FEC963F9A,50,68,1306.863,723.537,0.5536,2,echonet_dynamic_no_long_axis_v1
0X17A59B0D289D4643,46,60,1065.397,642.462,0.603,2,echonet_dynamic_no_long_axis_v1
0X17A9A432333A840F,53,69,1121.176,964.224,0.86,2,echonet_dynamic_no_long_axis_v1
0X17A9DF475F90B6C6,64,75,2362.525,1523.967,0.6451,2,echonet_dynamic_no_long_axis_v1
0X17AA98EC842092E3,38,50,1775.486,1318.942,0.7429,2,echonet_dynamic_no_long_axis_v1
0X17ADB25B1E90B6C,48,66,2705.642,1630.702,0.6027,2,echonet_dynamic_no_long_axis_v1
0X17AE431AF06F53AB,64,76,683.351,414.894,0.6071,2,echonet_dynamic_no_long_axis_v1
0X17AF6DB1F62C771C,90,114,1211.61,683.264,0.5639,2,echonet_dynamic_no_long_axis_v1
0X17B3AF86CDF82B5C,70,95,1156.994,742.695,0.6419,2,echonet_dynamic_no_long_axis_v1
0X17BA5ABF4E82034B,25,34,1931.747,824.34,0.4267,2,echonet_dynamic_no_long_axis_v1
0X17BC4EF4BF83368B,101,124,1373.689,1041.311,0.758,2,echonet_dynamic_no_long_axis_v1
0X17C42DA572378352,40,55,1689.213,869.928,0.515,2,echonet_dynamic_no_long_axis_v1
0X17C5541071D4E52E,39,49,867.695,443.593,0.5112,2,echonet_dynamic_no_long_axis_v1
0X17C6F77ABE9266AF,45,62,1450.781,799.189,0.5509,2,echonet_dynamic_no_long_axis_v1
0X17CA14AB3CB05770,40,60,1689.747,870.334,0.5151,2,echonet_dynamic_no_long_axis_v1
0X17CAFC6BB1CA2DE,50,66,1533.015,747.166,0.4874,2,echonet_dynamic_no_long_axis_v1
0X17D229C79845F458,95,106,1405.88,827.493,0.5886,2,echonet_dynamic_no_long_axis_v1
0X17D6DA5B33D4069C,4,17,2119.621,1533.929,0.7237,2,echonet_dynamic_no_long_axis_v1
0X17D958175C4CE2F3,126,141,1054.601,622.477,0.5902,2,echonet_dynamic_no_long_axis_v1
0X17DA9A44189C6A38,73,88,1974.971,1043.247,0.5282,2,echonet_dynamic_no_long_axis_v1
0X17E230402D71C497,48,65,1265.63,703.853,0.5561,2,echonet_dynamic_no_long_axis_v1
0X17E51BF21235E28B,68,83,1148.458,673.935,0.5868,2,echonet_dynamic_no_long_axis_v1
0X17E5929A007B9E32,36,50,1382.848,790.3,0.5715,2,echonet_dynamic_no_long_axis_v1
0X17E6608AC5511D03,63,78,1451.817,1068.41,0.7359,2,echonet_dynamic_no_long_axis_v1
0X17E6B8EDDD62F739,108,123,1950.5,1162.286,0.5959,2,echonet_dynamic_no_long_axis_v1
0X17E8971B356D72C7,40,57,980.53,547.175,0.558,2,echonet_dynamic_no_long_axis_v1
0X17EFE782884D63BA,41,55,2430.316,1308.4,0.5384,2,echonet_dynamic_no_long_axis_v1
0X17F142F80B72740D,42,56,885.382,468.644,0.5293,2,echonet_dynamic_no_long_axis_v1
0X17F29C21E6144BAB,36,50,1392.993,789.771,0.567,2,echonet_dynamic_no_long_axis_v1
0X17F6D551F5734D8B,66,84,2680.434,2082.566,0.777,2,echonet_dynamic_no_long_axis_v1
0X17F7CCE4FCD76726,31,40,1094.88,622.823,0.5689,2,echonet_dynamic_no_long_axis_v1
0X17F940E1C4298D7,16,35,1109.227,683.6,0.6163,2,echonet_dynamic_no_long_axis_v1
0X17FA348140E338F7,38,55,645.701,334.33,0.5178,2,echonet_dynamic_no_long_axis_v1
0X17FD9808C073BC07,103,123,2966.008,1456.668,0.4911,2,echonet_dynamic_no_long_axis_v1
0X17FE6C8963488DAC,112,125,939.237,513.76,0.547,2,echonet_dynamic_no_long_axis_v1
0X18039FAD713F594F,101,111,1118.443,602.914,0.5391,2,echonet_dynamic_no_long_axis_v1
0X180951979820CA64,78,99,1763.224,887.224,0.5032,2,echonet_dynamic_no_long_axis_v1
0X18111FDA1FD455D5,3,18,1041.497,588.239,0.5648,2,echonet_dynamic_no_long_axis_v1
0X1815E6741A8B2CFA,56,72,1002.054,527.674,0.5266,2,echonet_dynamic_no_long_axis_v1
0X1818FF06D5E762A8,4,14,984.155,583.983,0.5934,2,echonet_dynamic_no_long_axis_v1
0X181A0445205F1D79,134,151,1620.49,964.372,0.5951,2,echonet_dynamic_no_long_axis_v1
0X182114B9EB84D61B,84,96,874.874,627.303,0.717,2,echonet_dynamic_no_long_axis_v1
0X18247588296B45DF,3,20,796.702,488.895,0.6136,2,echonet_dynamic_no_long_axis_v1
0X182717968AF362F0,144,163,1668.371,1066.311,0.6391,2,echonet_dynamic_no_long_axis_v1
0X18277456188D3B13,191,207,2066.569,1426.422,0.6902,2,echonet_dynamic_no_long_axis_v1
0X18353D8F5AB7B324,105,124,1779.793,881.298,0.4952,2,echonet_dynamic_no_long_axis_v1
0X18354FFCDBCF9EBB,52,67,1506.703,760.464,0.5047,2,echonet_dynamic_no_long_axis_v1
0X183BECFC41F9E3E0,81,100,887.772,513.616,0.5785,2,echonet_dynamic_no_long_axis_v1
0X183FA1CAAEA9C545,28,33,1594.59,1410.594,0.8846,2,echonet_dynamic_no_long_axis_v1
0X1840607E4AF92B3E,80,98,1080.51,639.687,0.592,2,echonet_dynamic_no_long_axis_v1
0X184173B598997780,1,16,1137.752,581.278,0.5109,2,echonet_dynamic_no_long_axis_v1
0X184432EACE258EBF,52,72,1699.662,933.428,0.5492,2,echonet_dynamic_no_long_axis_v1
0X1847DC558AF3C423,79,97,1202.9,923.055,0.7674,2,echonet_dynamic_no_long_axis_v1
0X1847E925CBCEB6CE,5,22,1322.66,1145.723,0.8662,2,echonet_dynamic_no_long_axis_v1
0X184B997FF61BB28B,48,66,1836.235,1329.927,0.7243,2,echonet_dynamic_no_long_axis_v1
0X184DEB337FF5AB9,69,86,1222.856,605.364,0.495,2,echonet_dynamic_no_long_axis_v1
0X184E4A64C93BE06,64,81,701.467,391.238,0.5577,2,echonet_dynamic_no_long_axis_v1
0X184ECC87D1A8A226,209,234,1734.428,1144.583,0.6599,2,echonet_dynamic_no_long_axis_v1
0X1855EB02B676DC2,97,119,1412.59,791.918,0.5606,2,echonet_dynamic_no_long_axis_v1
0X185672E7C8FF1212,4,14,2217.887,1594.404,0.7189,2,echonet_dynamic_no_long_axis_v1
0X18579C8EAEFC2713,88,105,1284.411,731.734,0.5697,2,echonet_dynamic_no_long_axis_v1
0X1858AFC9464E1463,59,69,2526.82,2132.595,0.844,2,echonet_dynamic_no_long_axis_v1
0X185A9362099F3094,42,52,1007.517,551.118,0.547,2,echonet_dynamic_no_long_axis_v1
0X185D65EA647B5C61,54,70,1574.441,829.738,0.527,2,echonet_dynamic_no_long_axis_v1
0X18610C37F29E80E4,134,148,894.604,434.268,0.4854,2,echonet_dynamic_no_long_axis_v1
0X1865C8A28648E2F0,65,81,1382.404,793.302,0.5739,2,echonet_dynamic_no_long_axis_v1
0X1865E116F085C53D,32,43,1137.408,970.772,0.8535,2,echonet_dynamic_no_long_axis_v1
0X186FC3D4ED309B9E,1,13,1125.683,476.633,0.4234,2,echonet_dynamic_no_long_axis_v1
0X1870E70784D77469,140,156,1237.661,698.131,0.5641,2,echonet_dynamic_no_long_axis_v1
0X1871B1379385763C,103,120,3293.347,2579.639,0.7833,2,echonet_dynamic_no_long_axis_v1
0X1874F566992B7FF6,52,70,761.878,468.507,0.6149,2,echonet_dynamic_no_long_axis_v1
0X18752855DF343E36,6,22,1406.537,1221.619,0.8685,2,echonet_dynamic_no_long_axis_v1
0X1876806A464A0093,55,72,2671.46,2120.737,0.7938,2,echonet_dynamic_no_long_axis_v1
0X1878080DBC95E7FC,110,121,1470.909,833.039,0.5663,2,echonet_dynamic_no_long_axis_v1
0X187B0E5DB0E285DD,132,152,1269.222,763.027,0.6012,2,echonet_dynamic_no_long_axis_v1
0X187EFDFCE3BEA77C,56,76,1010.483,583.595,0.5775,2,echonet_dynamic_no_long_axis_v1
0X1880CD40F8586DBC,42,58,2266.417,1343.335,0.5927,2,echonet_dynamic_no_long_axis_v1
0X1883BBE20F1DC05D,66,80,2149.382,1127.997,0.5248,2,echonet_dynamic_no_long_axis_v1
0X18888A4FEDCAC3AA,49,66,1329.338,723.962,0.5446,2,echonet_dynamic_no_long_axis_v1
0X188AFC939CDA11FC,38,58,1317.377,683.074,0.5185,2,echonet_dynamic_no_long_axis_v1
0X18916084CE523264,109,122,765.631,312.941,0.4087,2,echonet_dynamic_no_long_axis_v1
0X1891E25994F489B9,70,85,858.681,458.955,0.5345,2,echonet_dynamic_no_long_axis_v1
0X18923DCFDE784034,51,71,1233.693,738.853,0.5989,2,echonet_dynamic_no_long_axis_v1
0X18989A4754914D96,2,13,1578.471,795.578,0.504,2,echonet_dynamic_no_long_axis_v1
0X189B31C02B819CB9,45,62,1177.829,673.454,0.5718,2,echonet_dynamic_no_long_axis_v1
0X18A306D062D926FB,3,26,836.436,374.207,0.4474,2,echonet_dynamic_no_long_axis_v1
0X18A467C9DDA7707A,81,96,1657.862,988.342,0.5962,2,echonet_dynamic_no_long_axis_v1
0X18A4DD625B52E53E,96,115,1532.66,871.027,0.5683,2,echonet_dynamic_no_long_axis_v1
0X18A69B7961D01D28,38,53,798.535,441.238,0.5526,2,echonet_dynamic_no_long_axis_v1
0X18AB58EA130B3A90,121,133,1003.512,490.439,0.4887,2,echonet_dynamic_no_long_axis_v1
0X18B3A9EB362299CF,119,136,1327.471,891.8,0.6718,2,echonet_dynamic_no_long_axis_v1
0X18B4FD6B23A94C8A,3,19,1271.464,760.286,0.598,2,echonet_dynamic_no_long_axis_v1
0X18B8CD7AD450F707,56,69,834.473,461.864,0.5535,2,echonet_dynamic_no_long_axis_v1
0X18B8E705314BF4C0,34,52,1526.224,903.383,0.5919,2,echonet_dynamic_no_long_axis_v1
0X18BA5512BE5D6FFA,56,74,2066.166,1283.312,0.6211,2,echonet_dynamic_no_long_axis_v1
0X18BFFDF053671070,50,66,1410.207,759.916,0.5389,2,echonet_dynamic_no_long_axis_v1
0X18C24CABDF058431,81,101,1081.977,607.646,0.5616,2,echonet_dynamic_no_long_axis_v1
0X18C67769235E4C58,37,55,845.668,455.297,0.5384,2,echonet_dynamic_no_long_axis_v1
0X18C711A3AC175647,106,126,2089.091,1580.48,0.7565,2,echonet_dynamic_no_long_axis_v1
0X18CB62C594EB4DDC,4,15,1161.703,657.491,0.566,2,echonet_dynamic_no_long_axis_v1
0X18CE4A36AE88A585,101,118,1597.099,995.834,0.6235,2,echonet_dynamic_no_long_axis_v1
0X18D009E44F62FDA3,52,68,1322.945,812.909,0.6145,2,echonet_dynamic_no_long_axis_v1
0X18D12F1D70B64D0C,88,107,2343.198,1554.099,0.6632,2,echonet_dynamic_no_long_axis_v1
0X18D2B28FBD7DD266,73,101,1912.823,941.455,0.4922,2,echonet_dynamic_no_long_axis_v1
0X18D52232BF832BA,33,44,1122.694,589.384,0.525,2,echonet_dynamic_no_long_axis_v1
0X18DA846E9699358F,36,52,1644.885,957.799,0.5823,2,echonet_dynamic_no_long_axis_v1
0X18DF4351AAEEF3C9,45,59,644.608,300.205,0.4657,2,echonet_dynamic_no_long_axis_v1
0X18E7B26CAD98175,153,170,2018.208,1088.359,0.5393,2,echonet_dynamic_no_long_axis_v1
0X18EAA8BD773D0B43,60,82,1105.364,564.03,0.5103,2,echonet_dynamic_no_long_axis_v1
0X18EF8F4C9A35641,54,69,1122.896,609.418,0.5427,2,echonet_dynamic_no_long_axis_v1
0X18FC2192952D0349,56,73,2563.895,1488.36,0.5805,2,echonet_dynamic_no_long_axis_v1
0X19001827BA355232,85,103,624.775,362.537,0.5803,2,echonet_dynamic_no_long_axis_v1
0X1902FC225A954D67,34,45,1245.329,759.168,0.6096,2,echonet_dynamic_no_long_axis_v1
0X190403EC57259998,53,68,1593.917,786.563,0.4935,2,echonet_dynamic_no_long_axis_v1
0X1904DC1BFE26592F,48,67,1784.872,1257.422,0.7045,2,echonet_dynamic_no_long_axis_v1
0X1905CFC5951B4F7F,184,199,1496.927,1281.268,0.8559,2,echonet_dynamic_no_long_axis_v1
0X19063156A3F3C14E,52,72,1476.604,764.073,0.5175,2,echonet_dynamic_no_long_axis_v1
0X1915042866B81B09,41,57,1176.888,689.215,0.5856,2,echonet_dynamic_no_long_axis_v1
0X19152A7A3ABDFFBB,82,114,1345.788,698.479,0.519,2,echonet_dynamic_no_long_axis_v1
0X19163DCC129B0134,71,86,1055.622,757.066,0.7172,2,echonet_dynamic_no_long_axis_v1
0X1917BD1A03DD500B,3,20,930.104,574.269,0.6174,2,echonet_dynamic_no_long_axis_v1
0X191A73CA019BCD1B,39,56,1555.426,871.617,0.5604,2,echonet_dynamic_no_long_axis_v1
0X191F4BD1E4262B78,84,98,1303.031,818.889,0.6284,2,echonet_dynamic_no_long_axis_v1
0X1922FC3605A29BD7,42,59,898.862,484.316,0.5388,2,echonet_dynamic_no_long_axis_v1
0X192BF0F7E30FAEE2,71,85,1103.19,627.063,0.5684,2,echonet_dynamic_no_long_axis_v1
0X192E809348BF4D86,28,40,1056.315,535.702,0.5071,2,echonet_dynamic_no_long_axis_v1
0X19325CFA88842F2E,62,80,934.105,417.241,0.4467,2,echonet_dynamic_no_long_axis_v1
0X1933C9D846A59DB1,134,156,1176.007,868.144,0.7382,2,echonet_dynamic_no_long_axis_v1
0X19359F9246BB8A33,58,75,1363.926,708.175,0.5192,2,echonet_dynamic_no_long_axis_v1
0X1936B58B8E1F0305,61,76,1483.095,860.193,0.58,2,echonet_dynamic_no_long_axis_v1
0X193DAE2D1CE519CE,71,88,2442.543,1571.203,0.6433,2,echonet_dynamic_no_long_axis_v1
0X193E071BCB23C9C3,97,110,990.338,643.118,0.6494,2,echonet_dynamic_no_long_axis_v1
0X19467C739783524D,133,153,1622.496,850.042,0.5239,2,echonet_dynamic_no_long_axis_v1
0X19480FDA24A00E4A,43,60,1194.344,631.996,0.5292,2,echonet_dynamic_no_long_axis_v1
0X1956F412DA2FE4C6,95,110,1968.568,1114.724,0.5663,2,echonet_dynamic_no_long_axis_v1
0X1959D1C10DEB5749,59,73,1477.785,852.893,0.5771,2,echonet_dynamic_no_long_axis_v1
0X195D3B45D8A0DB2D,69,84,774.639,393.759,0.5083,2,echonet_dynamic_no_long_axis_v1
0X195F60292B968F31,68,87,1767.542,895.297,0.5065,2,echonet_dynamic_no_long_axis_v1
0X196186BDD71D1431,58,80,1414.069,704.927,0.4985,2,echonet_dynamic_no_long_axis_v1
0X19618B8C8B4DF34B,0,17,1594.338,831.574,0.5216,2,echonet_dynamic_no_long_axis_v1
0X1965872D32B60581,43,58,1128.868,640.314,0.5672,2,echonet_dynamic_no_long_axis_v1
0X19661E4F455D7F61,106,123,1152.193,591.942,0.5138,2,echonet_dynamic_no_long_axis_v1
0X19681D039967D016,49,67,1679.895,1017.48,0.6057,2,echonet_dynamic_no_long_axis_v1
0X196C052551A4CABB,52,68,1581.76,918.147,0.5805,2,echonet_dynamic_no_long_axis_v1
0X196DC930B3905A7,72,89,1485.374,1221.262,0.8222,2,echonet_dynamic_no_long_axis_v1
0X196F26E35CDAC977,49,70,889.93,482.205,0.5418,2,echonet_dynamic_no_long_axis_v1
0X197084FCEC4148B9,0,15,888.336,523.842,0.5897,2,echonet_dynamic_no_long_axis_v1
0X1972FA470600C81E,63,77,2393.385,1544.359,0.6453,2,echonet_dynamic_no_long_axis_v1
0X197911F5F8F8E21C,132,142,1519.749,962.718,0.6335,2,echonet_dynamic_no_long_axis_v1
0X197DF6A1F73E7DFC,19,26,901.849,590.999,0.6553,2,echonet_dynamic_no_long_axis_v1
0X197E4CD40A2201F5,50,66,1644.466,976.306,0.5937,2,echonet_dynamic_no_long_axis_v1
0X19816523D8096AC8,107,122,1420.879,804.425,0.5661,2,echonet_dynamic_no_long_axis_v1
0X19840511812269C2,44,63,1687.357,1036.051,0.614,2,echonet_dynamic_no_long_axis_v1
0X1985B619CF9BF669,102,122,1353.18,788.623,0.5828,2,echonet_dynamic_no_long_axis_v1
0X19900411C55CBC8,103,120,2005.09,1298.431,0.6476,2,echonet_dynamic_no_long_axis_v1
0X1993275B5FC115CF,0,15,1893.784,1384.478,0.7311,2,echonet_dynamic_no_long_axis_v1
0X199715475BB10B69,83,100,1284.804,737.687,0.5742,2,echonet_dynamic_no_long_axis_v1
0X1999533C6100442C,33,52,903.236,466.5,0.5165,2,echonet_dynamic_no_long_axis_v1
0X199FB3987429A7B1,72,100,1302.994,678.142,0.5204,2,echonet_dynamic_no_long_axis_v1
0X19A2CB675FA38526,72,87,1756.863,982.311,0.5591,2,echonet_dynamic_no_long_axis_v1
0X19A7A51DBF1CFEC6,112,135,1337.181,883.264,0.6605,2,echonet_dynamic_no_long_axis_v1
0X19AC153896677B58,32,46,1740.68,941.368,0.5408,2,echonet_dynamic_no_long_axis_v1
0X19AC1E6345765C03,0,18,1808.094,1507.448,0.8337,2,echonet_dynamic_no_long_axis_v1
0X19ACDC7E0119034A,2,16,970.981,525.6,0.5413,2,echonet_dynamic_no_long_axis_v1
0X19AD6B318F7CEFFD,143,158,1575.029,834.979,0.5301,2,echonet_dynamic_no_long_axis_v1
0X19B044F932C6BC6C,53,71,1371.938,756.892,0.5517,2,echonet_dynamic_no_long_axis_v1
0X19B8983673C64F6E,51,62,1258.342,849.103,0.6748,2,echonet_dynamic_no_long_axis_v1
0X19B9109694DE642,27,11,734.543,424.176,0.5775,2,echonet_dynamic_no_long_axis_v1
0X19BC228D5D5F58,117,137,1677.352,938.053,0.5592,2,echonet_dynamic_no_long_axis_v1
0X19BCCFDA31770A23,38,52,1774.759,929.431,0.5237,2,echonet_dynamic_no_long_axis_v1
0X19BDD7CE32887463,47,67,1359.674,976.506,0.7182,2,echonet_dynamic_no_long_axis_v1
0X19C391E6D353A95E,99,118,1505.701,897.506,0.5961,2,echonet_dynamic_no_long_axis_v1
0X19C41F308D6663A1,94,111,1338.525,724.345,0.5412,2,echonet_dynamic_no_long_axis_v1
0X19C438542B668FA,84,104,1208.706,630.123,0.5213,2,echonet_dynamic_no_long_axis_v1
0X19CA4A53B93AFB3E,0,19,1322.479,759.935,0.5746,2,echonet_dynamic_no_long_axis_v1
0X19D448273C0BF59F,72,92,1454.106,917.221,0.6308,2,echonet_dynamic_no_long_axis_v1
0X19D929CBB3056FCE,93,110,1315.009,625.538,0.4757,2,echonet_dynamic_no_long_axis_v1
0X19DDDD5F1F429BA0,28,39,1655.124,1081.819,0.6536,2,echonet_dynamic_no_long_axis_v1
0X19DF9461CA5F498F,50,68,1165.871,580.247,0.4977,2,echonet_dynamic_no_long_axis_v1
0X19E240FFEFEBBD,36,52,1575.276,807.095,0.5124,2,echonet_dynamic_no_long_axis_v1
0X19E42A10F0077B9F,45,58,2764.663,2340.335,0.8465,2,echonet_dynamic_no_long_axis_v1
0X19E6ED76090F947D,0,17,1752.048,1441.186,0.8226,2,echonet_dynamic_no_long_axis_v1
0X19E76D0B6EF68709,52,68,1156.934,839.005,0.7252,2,echonet_dynamic_no_long_axis_v1
0X19E82707BBBA6452,112,132,977.953,604.683,0.6183,2,echonet_dynamic_no_long_axis_v1
0X19EA5CB11FC1BC78,37,50,1109.244,568.178,0.5122,2,echonet_dynamic_no_long_axis_v1
0X19EC4368A6646DE8,36,49,942.654,528.107,0.5602,2,echonet_dynamic_no_long_axis_v1
0X19EDAE3C1312197A,83,96,2706.751,1327.497,0.4904,2,echonet_dynamic_no_long_axis_v1
0X19EE8D8054A106AF,53,74,1413.059,723.369,0.5119,2,echonet_dynamic_no_long_axis_v1
0X19EEE7F19EFB69DF,42,56,1355.014,1065.185,0.7861,2,echonet_dynamic_no_long_axis_v1
0X19F05146FAAACB83,123,140,1271.94,641.02,0.504,2,echonet_dynamic_no_long_axis_v1
0X19F169BA719D9E9F,99,121,1708.475,703.772,0.4119,2,echonet_dynamic_no_long_axis_v1
0X19F41F4CC412632E,48,58,1249.142,650.275,0.5206,2,echonet_dynamic_no_long_axis_v1
0X19F5F732B9ED2EC7,54,75,1261.805,785.741,0.6227,2,echonet_dynamic_no_long_axis_v1
0X19FD06A9BF46A803,30,51,1522.271,967.688,0.6357,2,echonet_dynamic_no_long_axis_v1
0X1A030EFDD45062FA,52,70,1094.134,763.985,0.6983,2,echonet_dynamic_no_long_axis_v1
0X1A05829AEDF6C65,3,24,1475.299,752.803,0.5103,2,echonet_dynamic_no_long_axis_v1
0X1A05DFFFCAFB253B,48,68,1486.648,797.463,0.5364,2,echonet_dynamic_no_long_axis_v1
0X1A09BE7969DA1508,110,124,2002.969,991.154,0.4948,2,echonet_dynamic_no_long_axis_v1
0X1A0A263B22CCD966,72,83,834.514,426.702,0.5113,2,echonet_dynamic_no_long_axis_v1
0X1A1891A9F821324E,124,140,1293.286,647.591,0.5007,2,echonet_dynamic_no_long_axis_v1
0X1A193199E812B948,50,65,1335.095,666.109,0.4989,2,echonet_dynamic_no_long_axis_v1
0X1A193A8138F4DD0F,87,107,865.91,451.859,0.5218,2,echonet_dynamic_no_long_axis_v1
0X1A2629BF0939E381,39,58,1070.259,557.882,0.5213,2,echonet_dynamic_no_long_axis_v1
0X1A296F5FCD5A0ED8,68,80,1444.405,738.651,0.5114,2,echonet_dynamic_no_long_axis_v1
0X1A2A76BDB5B98BED,63,78,1142.314,574.334,0.5028,2,echonet_dynamic_no_long_axis_v1
0X1A2C60147AF9FDAE,46,62,916.786,501.019,0.5465,2,echonet_dynamic_no_long_axis_v1
0X1A2E9496910EFF5B,39,55,750.779,487.368,0.6491,2,echonet_dynamic_no_long_axis_v1
0X1A349D84388BD74B,44,61,1077.016,589.804,0.5476,2,echonet_dynamic_no_long_axis_v1
0X1A36AE0874972BBE,40,55,1166.338,642.478,0.5509,2,echonet_dynamic_no_long_axis_v1
0X1A3D565B371DC573,152,176,1103.435,602.04,0.5456,2,echonet_dynamic_no_long_axis_v1
0X1A3E7BF1DFB132FB,55,73,2226.264,1064.932,0.4783,2,echonet_dynamic_no_long_axis_v1
0X1A481BE9AE4F2DCD,61,82,1656.109,798.058,0.4819,2,echonet_dynamic_no_long_axis_v1
0X1A494FC3B214947B,101,114,1835.853,1363.271,0.7426,2,echonet_dynamic_no_long_axis_v1
0X1A50422240E04D03,93,110,1081.151,637.813,0.5899,2,echonet_dynamic_no_long_axis_v1
0X1A58B506ED05C1D4,66,88,1145.821,905.185,0.79,2,echonet_dynamic_no_long_axis_v1
0X1A58C9DFE12C7953,38,55,1231.987,707.59,0.5743,2,echonet_dynamic_no_long_axis_v1
0X1A5FAE3F9D37794E,35,48,1320.811,813.643,0.616,2,echonet_dynamic_no_long_axis_v1
0X1A62D321A1A1821B,60,78,2230.232,1334.65,0.5984,2,echonet_dynamic_no_long_axis_v1
0X1A6699291D449F74,47,63,1286.021,679.573,0.5284,2,echonet_dynamic_no_long_axis_v1
0X1A6ACFE7B286DAFC,124,142,2069.178,1265.823,0.6118,2,echonet_dynamic_no_long_axis_v1
0X1A75652DD11C1689,54,72,825.327,436.434,0.5288,2,echonet_dynamic_no_long_axis_v1
0X1A75CDAE16981DBC,4,19,1724.692,985.214,0.5712,2,echonet_dynamic_no_long_axis_v1
0X1A76A1A8448B456,2,18,1057.16,627.068,0.5932,2,echonet_dynamic_no_long_axis_v1
0X1A8797C532A3F0EF,96,107,897.868,755.962,0.842,2,echonet_dynamic_no_long_axis_v1
0X1A8D85542DBE8204,91,117,1837.488,1148.013,0.6248,2,echonet_dynamic_no_long_axis_v1
0X1A8F20B8BF0B4B45,131,146,839.185,443.596,0.5286,2,echonet_dynamic_no_long_axis_v1
0X1A970F020826E7FA,100,120,1341.861,716.525,0.534,2,echonet_dynamic_no_long_axis_v1
0X1A9827D58AC404D1,60,78,1366.147,1053.219,0.7709,2,echonet_dynamic_no_long_axis_v1
0X1A9D7251E9464D49,143,160,1081.542,560.411,0.5182,2,echonet_dynamic_no_long_axis_v1
0X1AA00FE97F010F42,77,91,1779.334,1011.683,0.5686,2,echonet_dynamic_no_long_axis_v1
0X1AA2E82F7F577905,56,66,417.69,229.199,0.5487,2,echonet_dynamic_no_long_axis_v1
0X1AA30623C1AE4641,49,65,2185.027,1078.366,0.4935,2,echonet_dynamic_no_long_axis_v1
0X1AA5F075905B8FE9,39,56,2055.414,1134.999,0.5522,2,echonet_dynamic_no_long_axis_v1
0X1AA6A2C3ADD3E2F1,73,94,1124.215,586.366,0.5216,2,echonet_dynamic_no_long_axis_v1
0X1AA8E4C0155A02E0,44,60,1158.403,639.312,0.5519,2,echonet_dynamic_no_long_axis_v1
0X1AA923C15A9F0D3E,28,43,2211.264,1823.106,0.8245,2,echonet_dynamic_no_long_axis_v1
0X1AACBE51D95E0698,26,43,1952.855,992.532,0.5082,2,echonet_dynamic_no_long_axis_v1
0X1AADD51FAA94E4E,80,97,1726.289,903.029,0.5231,2,echonet_dynamic_no_long_axis_v1
0X1AB987597AF39E3B,44,63,1734.725,1328.367,0.7658,2,echonet_dynamic_no_long_axis_v1
0X1ABAD3C70E6D0F27,0,12,1380.836,882.811,0.6393,2,echonet_dynamic_no_long_axis_v1
0X1ABE578AF99E8F3E,45,58,909.23,676.475,0.744,2,echonet_dynamic_no_long_axis_v1
0X1ACB73BE8C1F2C0C,44,53,745.738,433.543,0.5814,2,echonet_dynamic_no_long_axis_v1
0X1ACC87A912A57EDA,135,146,814.366,430.243,0.5283,2,echonet_dynamic_no_long_axis_v1
0X1AD23DC4055A4B6A,29,52,1762.622,949.688,0.5388,2,echonet_dynamic_no_long_axis_v1
0X1AD3CDEC841DA50,156,176,988.062,449.823,0.4553,2,echonet_dynamic_no_long_axis_v1
0X1ADDEA184822F38E,45,62,2010.974,1249.551,0.6214,2,echonet_dynamic_no_long_axis_v1
0X1ADEAFA4D59610C8,51,61,1500.658,747.118,0.4979,2,echonet_dynamic_no_long_axis_v1
0X1AE20B8AE3B5E9EF,100,118,1366.498,716.438,0.5243,2,echonet_dynamic_no_long_axis_v1
0X1AE66E51AC2B077C,58,73,1621.054,888.244,0.5479,2,echonet_dynamic_no_long_axis_v1
0X1AE829B4D710C61B,36,54,2093.766,1105.004,0.5278,2,echonet_dynamic_no_long_axis_v1
0X1AE89E8AFB9A3EFA,95,117,1317.725,705.97,0.5357,2,echonet_dynamic_no_long_axis_v1
0X1AE9BF9AC0788D0F,40,54,881.33,496.096,0.5629,2,echonet_dynamic_no_long_axis_v1
0X1AEAD01BDFAB0A10,0,16,879.233,510.533,0.5807,2,echonet_dynamic_no_long_axis_v1
0X1AECADC95492F71D,36,51,1325.609,600.804,0.4532,2,echonet_dynamic_no_long_axis_v1
0X1AEE3CDCAEC1A61,36,54,1589.781,924.536,0.5815,2,echonet_dynamic_no_long_axis_v1
0X1AEE776BCC482134,54,75,2467.821,2069.8,0.8387,2,echonet_dynamic_no_long_axis_v1
0X1AF21B7690DB0BCB,117,134,901.015,523.935,0.5815,2,echonet_dynamic_no_long_axis_v1
0X1AFA6BA6C2E2132C,1,30,1827.345,1116.189,0.6108,2,echonet_dynamic_no_long_axis_v1
0X1AFB0F66AC312843,114,128,1194.431,739.738,0.6193,2,echonet_dynamic_no_long_axis_v1
0X1AFEC568103E25C7,49,69,1746.383,805.111,0.461,2,echonet_dynamic_no_long_axis_v1
0X1B000374EAD0EC4C,56,75,820.955,424.141,0.5166,2,echonet_dynamic_no_long_axis_v1
0X1B00A1770ABC7BD2,117,138,1651.724,1393.001,0.8434,2,echonet_dynamic_no_long_axis_v1
0X1B01EAEFBE83BEB0,54,74,1280.658,723.653,0.5651,2,echonet_dynamic_no_long_axis_v1
0X1B025FF1F6B21C16,79,59,2590.48,1458.768,0.5631,2,echonet_dynamic_no_long_axis_v1
0X1B05B56F239276F3,113,125,1193.53,714.119,0.5983,2,echonet_dynamic_no_long_axis_v1
0X1B0895E4993C1F79,77,93,1441.807,840.513,0.583,2,echonet_dynamic_no_long_axis_v1
0X1B0B2312599F9EA2,3,22,2223.234,1642.679,0.7389,2,echonet_dynamic_no_long_axis_v1
0X1B15DFCD442A799C,155,173,775.417,407.094,0.525,2,echonet_dynamic_no_long_axis_v1
0X1B165975B5EF65D9,136,152,1403.663,1001.041,0.7132,2,echonet_dynamic_no_long_axis_v1
0X1B170168A6449950,41,55,1512.878,935.687,0.6185,2,echonet_dynamic_no_long_axis_v1
0X1B1798BF5669FB07,103,117,1558.047,800.366,0.5137,2,echonet_dynamic_no_long_axis_v1
0X1B18BF458FEFF359,52,74,893.407,511.576,0.5726,2,echonet_dynamic_no_long_axis_v1
0X1B1C20A5745C92CA,45,63,1931.168,1005.734,0.5208,2,echonet_dynamic_no_long_axis_v1
0X1B2089E659E6AA87,78,93,1609.983,938.629,0.583,2,echonet_dynamic_no_long_axis_v1
0X1B2241C91CCDEF05,35,51,1468.11,1129.994,0.7697,2,echonet_dynamic_no_long_axis_v1
0X1B25F9E969909539,3,13,971.883,566.596,0.583,2,echonet_dynamic_no_long_axis_v1
0X1B281A660811E1EA,92,110,1283.001,792.857,0.618,2,echonet_dynamic_no_long_axis_v1
0X1B2900BF089AD45F,74,88,591.576,344.671,0.5826,2,echonet_dynamic_no_long_axis_v1
0X1B2B05C3C40B72BA,82,97,1447.329,694.739,0.48,2,echonet_dynamic_no_long_axis_v1
0X1B2BCDAE290F6015,5,30,1977.904,1666.996,0.8428,2,echonet_dynamic_no_long_axis_v1
0X1B2C915522B844C2,40,55,941.002,435.051,0.4623,2,echonet_dynamic_no_long_axis_v1
0X1B2E5940872E3373,77,94,1123.449,585.956,0.5216,2,echonet_dynamic_no_long_axis_v1
0X1B307E34A69B4030,36,48,1178.99,714.375,0.6059,2,echonet_dynamic_no_long_axis_v1
0X1B30B4E3D0465503,49,64,2021.862,1096.058,0.5421,2,echonet_dynamic_no_long_axis_v1
0X1B357C0B6C82BB18,157,176,1135.015,623.578,0.5494,2,echonet_dynamic_no_long_axis_v1
0X1B379931357428C0,142,166,899.8,451.366,0.5016,2,echonet_dynamic_no_long_axis_v1
0X1B37FD032ECC5F3B,55,69,1032.013,648.227,0.6281,2,echonet_dynamic_no_long_axis_v1
0X1B3DB601BDE717E3,98,114,2235.091,1468.604,0.6571,2,echonet_dynamic_no_long_axis_v1
0X1B3EC325B3E2311B,75,93,1438.939,757.37,0.5263,2,echonet_dynamic_no_long_axis_v1
0X1B3FFA6126553D43,0,15,1147.926,962.62,0.8386,2,echonet_dynamic_no_long_axis_v1
0X1B41B8EBA3A7FCCA,50,66,1435.467,861.371,0.6001,2,echonet_dynamic_no_long_axis_v1
0X1B43F368B235BE28,60,80,1153.489,739.523,0.6411,2,echonet_dynamic_no_long_axis_v1
0X1B48047F9A40121,81,99,1447.903,1083.577,0.7484,2,echonet_dynamic_no_long_axis_v1
0X1B4BD1E75ADB69FF,117,135,789.02,489.261,0.6201,2,echonet_dynamic_no_long_axis_v1
0X1B4BEF07F46727E5,129,143,994.54,609.597,0.6129,2,echonet_dynamic_no_long_axis_v1
0X1B4F427BC662B727,42,58,1553.383,995.189,0.6407,2,echonet_dynamic_no_long_axis_v1
0X1B4F9C7AEC750887,34,48,1109.277,584.976,0.5273,2,echonet_dynamic_no_long_axis_v1
0X1B50C4EFCE4201B9,38,58,1278.157,697.92,0.546,2,echonet_dynamic_no_long_axis_v1
0X1B53202748E0AB3F,164,182,2397.782,1761.288,0.7345,2,echonet_dynamic_no_long_axis_v1
0X1B54B78D0A2101E4,42,62,922.676,566.052,0.6135,2,echonet_dynamic_no_long_axis_v1
0X1B55DFD67FEA873F,95,108,1383.388,743.931,0.5378,2,echonet_dynamic_no_long_axis_v1
0X1B5F80BEE43A4CE0,128,147,1829.875,1162.819,0.6355,2,echonet_dynamic_no_long_axis_v1
0X1B6045BB53151A4A,34,48,1550.468,1045.213,0.6741,2,echonet_dynamic_no_long_axis_v1
0X1B65D8D908C385B,65,82,947.624,502.465,0.5302,2,echonet_dynamic_no_long_axis_v1
0X1B68B516EEF78BA1,45,64,1300.706,809.191,0.6221,2,echonet_dynamic_no_long_axis_v1
0X1B6A0E49BE9C0472,81,106,1937.562,942.756,0.4866,2,echonet_dynamic_no_long_axis_v1
0X1B6B465FEA68FBEA,49,69,1274.119,827.989,0.6499,2,echonet_dynamic_no_long_axis_v1
0X1B71C9A73CCCC8B7,52,68,1834.01,1500.116,0.8179,2,echonet_dynamic_no_long_axis_v1
0X1B780BD98DA7D4D9,65,82,1368.269,916.621,0.6699,2,echonet_dynamic_no_long_axis_v1
0X1B7833C5A54B5FF2,42,60,4083.57,3484.936,0.8534,2,echonet_dynamic_no_long_axis_v1
0X1B78D94323028328,46,65,1324.922,822.423,0.6207,2,echonet_dynamic_no_long_axis_v1
0X1B7B728C3E99A716,94,106,779.237,373.246,0.479,2,echonet_dynamic_no_long_axis_v1
0X1B7E00757AF6858B,80,98,1066.229,642.686,0.6028,2,echonet_dynamic_no_long_axis_v1
0X1B7EDA7973C0A9E,40,56,1094.15,583.12,0.5329,2,echonet_dynamic_no_long_axis_v1
0X1B861DB510984105,76,95,3000.52,1315.943,0.4386,2,echonet_dynamic_no_long_axis_v1
0X1B86D91E09FF9EBA,39,51,1037.026,524.74,0.506,2,echonet_dynamic_no_long_axis_v1
0X1B8D4F0D26BB0826,59,78,1277.375,653.382,0.5115,2,echonet_dynamic_no_long_axis_v1
0X1B8DC2233ED16EA9,72,89,1474.126,896.038,0.6078,2,echonet_dynamic_no_long_axis_v1
0X1B8FD7CA891CA2CD,37,52,1855.148,1718.954,0.9266,2,echonet_dynamic_no_long_axis_v1
0X1B94E05BA6E96C70,54,76,1215.221,919.012,0.7563,2,echonet_dynamic_no_long_axis_v1
0X1BA1268DB195A3F,33,46,1178.522,982.597,0.8338,2,echonet_dynamic_no_long_axis_v1
0X1BA265AD5BF096E5,51,66,1568.316,1180.209,0.7525,2,echonet_dynamic_no_long_axis_v1
0X1BA53DA5F128AB92,46,61,1940.367,1199.786,0.6183,2,echonet_dynamic_no_long_axis_v1
0X1BA556585D2FE6A7,68,83,2200.307,1576.884,0.7167,2,echonet_dynamic_no_long_axis_v1
0X1BA619D4A0E2746,90,109,1162.44,717.46,0.6172,2,echonet_dynamic_no_long_axis_v1
0X1BA7A8147245AB28,48,66,1470.82,695.995,0.4732,2,echonet_dynamic_no_long_axis_v1
0X1BA8C753E08FB53F,57,77,2967.509,1610.021,0.5425,2,echonet_dynamic_no_long_axis_v1
0X1BA9676E9B1FAEA7,0,18,1681.783,925.928,0.5506,2,echonet_dynamic_no_long_axis_v1
0X1BACE554294DDF8,37,49,2101.22,1312.809,0.6248,2,echonet_dynamic_no_long_axis_v1
0X1BB19B668CF2A22E,62,81,2689.237,1579.468,0.5873,2,echonet_dynamic_no_long_axis_v1
0X1BB47462D0C470D5,34,42,449.52,239.13,0.532,2,echonet_dynamic_no_long_axis_v1
0X1BB609E66AC34DE,99,120,1144.43,556.343,0.4861,2,echonet_dynamic_no_long_axis_v1
0X1BB91877C1F2F21E,42,59,2195.381,1169.58,0.5327,2,echonet_dynamic_no_long_axis_v1
0X1BC515434037562D,33,51,808.385,422.886,0.5231,2,echonet_dynamic_no_long_axis_v1
0X1BCA2217072BCB55,152,170,1371.072,720.773,0.5257,2,echonet_dynamic_no_long_axis_v1
0X1BCA569AEE7FCFC6,51,67,1619.873,955.676,0.59,2,echonet_dynamic_no_long_axis_v1
0X1BCAECCA681C2F1A,52,79,2962.59,1557.875,0.5258,2,echonet_dynamic_no_long_axis_v1
0X1BCC6B1BA8FEBC5,38,55,1050.163,621.646,0.592,2,echonet_dynamic_no_long_axis_v1
0X1BCC9803878310C8,53,72,1176.629,606.956,0.5158,2,echonet_dynamic_no_long_axis_v1
0X1BCD0AD72ECB908A,209,238,1342.439,781.644,0.5823,2,echonet_dynamic_no_long_axis_v1
0X1BD453F455D30DEA,38,53,1026.23,475.25,0.4631,2,echonet_dynamic_no_long_axis_v1
0X1BD5EEAC641B0443,66,76,1223.416,695.798,0.5687,2,echonet_dynamic_no_long_axis_v1
0X1BD7A625C9DA5292,55,68,544.927,387.358,0.7108,2,echonet_dynamic_no_long_axis_v1
0X1BDA3760E526CD15,95,110,3366.822,2878.181,0.8549,2,echonet_dynamic_no_long_axis_v1
0X1BDE353AD84F913D,26,35,1244.203,625.673,0.5029,2,echonet_dynamic_no_long_axis_v1
0X1BDEEC24D5FC570C,93,113,1814.552,961.884,0.5301,2,echonet_dynamic_no_long_axis_v1
0X1BE3FBED90CBC6BB,99,69,2582.718,1785.282,0.6912,2,echonet_dynamic_no_long_axis_v1
0X1BE64129E54E4042,73,100,1259.421,636.473,0.5054,2,echonet_dynamic_no_long_axis_v1
0X1BEA6959BDF3CC69,37,48,1026.619,499.404,0.4865,2,echonet_dynamic_no_long_axis_v1
0X1BED31FBCDA78011,0,19,1341.927,755.74,0.5632,2,echonet_dynamic_no_long_axis_v1
0X1BF00F2E669B915E,132,149,2337.528,1970.23,0.8429,2,echonet_dynamic_no_long_axis_v1
0X1BF56B66ECD93FED,47,61,1832.168,1056.113,0.5764,2,echonet_dynamic_no_long_axis_v1
0X1BFF8D71CA0070FF,45,58,1369.096,705.593,0.5154,2,echonet_dynamic_no_long_axis_v1
0X1C0BDFA4E539B43B,0,24,1146.435,690.576,0.6024,2,echonet_dynamic_no_long_axis_v1
0X1C12CFE9B3EC7C95,99,124,1736.977,809.759,0.4662,2,echonet_dynamic_no_long_axis_v1
0X1C15B7D4A1339799,57,76,1336.055,810.745,0.6068,2,echonet_dynamic_no_long_axis_v1
0X1C1A328EA29B6CC3,43,60,1122.656,735.191,0.6549,2,echonet_dynamic_no_long_axis_v1
0X1C1E4272FA7678DD,49,62,974.627,502.145,0.5152,2,echonet_dynamic_no_long_axis_v1
0X1C1F4EA2045C5402,59,72,1524.819,1008.98,0.6617,2,echonet_dynamic_no_long_axis_v1
0X1C32622E5515DFF5,124,145,1595.103,718.506,0.4504,2,echonet_dynamic_no_long_axis_v1
0X1C33DE87BFF16258,63,87,1264.652,751.826,0.5945,2,echonet_dynamic_no_long_axis_v1
0X1C3559AB35305292,118,135,1260.327,668.824,0.5307,2,echonet_dynamic_no_long_axis_v1
0X1C46CC78DD272DA9,38,53,1967.791,946.475,0.481,2,echonet_dynamic_no_long_axis_v1
0X1C48B213563D806E,34,48,917.627,628.12,0.6845,2,echonet_dynamic_no_long_axis_v1
0X1C4BA7E6CC226887,21,30,1154.359,534.212,0.4628,2,echonet_dynamic_no_long_axis_v1
0X1C569B8A2AA3A56B,56,66,1096.119,673.601,0.6145,2,echonet_dynamic_no_long_axis_v1
0X1C5B6810C6224D33,54,70,2221.129,1147.786,0.5168,2,echonet_dynamic_no_long_axis_v1
0X1C5E88A031705A5E,39,58,1928.222,957.951,0.4968,2,echonet_dynamic_no_long_axis_v1
0X1C60E6C39540CE11,113,129,1950.365,1104.956,0.5665,2,echonet_dynamic_no_long_axis_v1
0X1C635AEB198CFFC6,86,100,1891.378,1038.765,0.5492,2,echonet_dynamic_no_long_axis_v1
0X1C646F03E10DDA20,43,56,1027.67,563.297,0.5481,2,echonet_dynamic_no_long_axis_v1
0X1C64E294328A8F14,37,55,1146.096,625.421,0.5457,2,echonet_dynamic_no_long_axis_v1
0X1C65E2F2670EDE62,42,61,1109.129,755.335,0.681,2,echonet_dynamic_no_long_axis_v1
0X1C71836EDBA989E0,109,128,1164.772,772.637,0.6633,2,echonet_dynamic_no_long_axis_v1
0X1C7404B2998743AC,63,87,1041.681,575.621,0.5526,2,echonet_dynamic_no_long_axis_v1
0X1C7A7B6A9AF3D511,149,162,1067.575,623.712,0.5842,2,echonet_dynamic_no_long_axis_v1
0X1C7C2D50F32C91CF,151,164,1242.072,646.733,0.5207,2,echonet_dynamic_no_long_axis_v1
0X1C7C566D4F68F6D2,78,92,787.265,494.675,0.6283,2,echonet_dynamic_no_long_axis_v1
0X1C7D028B07255C1B,45,61,1985.088,1104.44,0.5564,2,echonet_dynamic_no_long_axis_v1
0X1C8054277A139381,15,26,1125.115,669.61,0.5951,2,echonet_dynamic_no_long_axis_v1
0X1C82AA09A1D277E8,60,76,923.719,653.828,0.7078,2,echonet_dynamic_no_long_axis_v1
0X1C82B217189FDD84,53,73,1422.195,768.783,0.5406,2,echonet_dynamic_no_long_axis_v1
0X1C84462026E440E0,95,112,1591.411,790.555,0.4968,2,echonet_dynamic_no_long_axis_v1
0X1C85315EEDEFF010,50,65,1490.774,868.846,0.5828,2,echonet_dynamic_no_long_axis_v1
0X1C88C00C2ED813C3,193,208,1841.898,962.603,0.5226,2,echonet_dynamic_no_long_axis_v1
0X1C89EE0FA8900904,51,69,1136.604,690.193,0.6072,2,echonet_dynamic_no_long_axis_v1
0X1C8A2199662FE731,141,158,1468.2,891.188,0.607,2,echonet_dynamic_no_long_axis_v1
0X1C8C0CE25970C40,21,34,929.54,541.675,0.5827,2,echonet_dynamic_no_long_axis_v1
0X1C9CCA2A21942E09,54,71,710.335,379.894,0.5348,2,echonet_dynamic_no_long_axis_v1
0X1C9F9EC57DDAFE0B,101,121,1539.72,852.355,0.5536,2,echonet_dynamic_no_long_axis_v1
0X1CA16A648FE49910,42,58,1119.793,773.75,0.691,2,echonet_dynamic_no_long_axis_v1
0X1CA24B09EF768629,116,137,1077.187,606.084,0.5627,2,echonet_dynamic_no_long_axis_v1
0X1CAD9DE1F782AF55,33,40,799.219,388.605,0.4862,2,echonet_dynamic_no_long_axis_v1
0X1CAF8DA4E12CFBA4,99,119,1332.522,992.902,0.7451,2,echonet_dynamic_no_long_axis_v1
0X1CB1B34B202C4041,47,19,976.686,493.629,0.5054,2,echonet_dynamic_no_long_axis_v1
0X1CB4A8300D2A3A7E,0,21,1052.64,588.994,0.5595,2,echonet_dynamic_no_long_axis_v1
0X1CB543E7827F3A19,36,50,1425.588,926.841,0.6501,2,echonet_dynamic_no_long_axis_v1
0X1CB789DF05D5561C,91,106,1386.188,729.952,0.5266,2,echonet_dynamic_no_long_axis_v1
0X1CB9B564C2B0F615,108,125,890.262,551.575,0.6196,2,echonet_dynamic_no_long_axis_v1
0X1CBC3578B6638C3B,44,57,1522.649,906.672,0.5955,2,echonet_dynamic_no_long_axis_v1
0X1CBE92E8D0B12C7,40,57,1259.171,664.955,0.5281,2,echonet_dynamic_no_long_axis_v1
0X1CC5A2587BAEBD73,144,172,1932.872,1048.954,0.5427,2,echonet_dynamic_no_long_axis_v1
0X1CC8CF03024E9245,102,118,1055.793,626.411,0.5933,2,echonet_dynamic_no_long_axis_v1
0X1CD114B3DED2907A,134,163,1989.451,1212.197,0.6093,2,echonet_dynamic_no_long_axis_v1
0X1CD9761078D7F70F,63,82,1298.501,752.548,0.5796,2,echonet_dynamic_no_long_axis_v1
0X1CD9AB4AB31F2DB3,54,77,2112.843,1102.418,0.5218,2,echonet_dynamic_no_long_axis_v1
0X1CDCF35D2D2D80ED,62,77,1322.993,774.894,0.5857,2,echonet_dynamic_no_long_axis_v1
0X1CDD9C054D8FB60D,111,130,1747.469,1429.869,0.8183,2,echonet_dynamic_no_long_axis_v1
0X1CDE7FECA3A1754B,0,21,1086.201,705.921,0.6499,2,echonet_dynamic_no_long_axis_v1
0X1CEBFD3654DFE9D3,22,33,3274.595,2083.477,0.6363,2,echonet_dynamic_no_long_axis_v1
0X1CEDB27808EA7730,61,76,1475.579,695.114,0.4711,2,echonet_dynamic_no_long_axis_v1
0X1CF4B07994B62DBB,31,39,1123.228,1070.854,0.9534,2,echonet_dynamic_no_long_axis_v1
0X1CF55D59270F6C7,42,60,1875.773,908.976,0.4846,2,echonet_dynamic_no_long_axis_v1
0X1CF81033C527E6A3,37,49,972.146,461.02,0.4742,2,echonet_dynamic_no_long_axis_v1
0X1CF9770B0D12C750,208,239,1696.509,1012.886,0.597,2,echonet_dynamic_no_long_axis_v1
0X1D002C3879CAE6C1,73,85,1672.69,1269.185,0.7588,2,echonet_dynamic_no_long_axis_v1
0X1D00424C7EBCCA52,50,67,1080.22,570.615,0.5282,2,echonet_dynamic_no_long_axis_v1
0X1D026A00CF69D6B,47,55,1109.479,561.071,0.5057,2,echonet_dynamic_no_long_axis_v1
0X1D04C25FA7BF8956,76,94,1198.504,753.914,0.629,2,echonet_dynamic_no_long_axis_v1
0X1D07317451CD15C,95,108,1614.115,1198.167,0.7423,2,echonet_dynamic_no_long_axis_v1
0X1D0C24D004481BF1,97,111,1304.646,822.957,0.6308,2,echonet_dynamic_no_long_axis_v1
0X1D0EE9FA3D7BAB92,44,64,1016.76,617.61,0.6074,2,echonet_dynamic_no_long_axis_v1
0X1D0F905BD24A0655,96,115,1723.634,1195.825,0.6938,2,echonet_dynamic_no_long_axis_v1
0X1D15ED3F501B5ED7,46,60,1111.45,615.569,0.5538,2,echonet_dynamic_no_long_axis_v1
0X1D181F5019010E4B,26,49,1291.293,828.006,0.6412,2,echonet_dynamic_no_long_axis_v1
0X1D1827F63E2BF135,89,107,1553.779,1188.655,0.765,2,echonet_dynamic_no_long_axis_v1
0X1D1CFF6024EE3376,136,152,2130.46,937.721,0.4401,2,echonet_dynamic_no_long_axis_v1
0X1D1F9CC83450E37E,46,60,1724.894,772.081,0.4476,2,echonet_dynamic_no_long_axis_v1
0X1D20B8AA6F51A9C9,53,76,1376.748,790.668,0.5743,2,echonet_dynamic_no_long_axis_v1
0X1D21C27167358D98,47,71,734.17,428.742,0.584,2,echonet_dynamic_no_long_axis_v1
0X1D22C277EE981F30,23,32,1277.551,1071.355,0.8386,2,echonet_dynamic_no_long_axis_v1
0X1D24CEA29A24560B,40,54,1025.893,560.713,0.5466,2,echonet_dynamic_no_long_axis_v1
0X1D2517EEA27B805F,94,111,2693.98,1565.463,0.5811,2,echonet_dynamic_no_long_axis_v1
0X1D26D7A594FADAA2,70,87,1711.3,851.935,0.4978,2,echonet_dynamic_no_long_axis_v1
0X1D3210B98E59078A,54,68,938.286,561.864,0.5988,2,echonet_dynamic_no_long_axis_v1
0X1D393AED88F9D056,57,72,1464.249,977.179,0.6674,2,echonet_dynamic_no_long_axis_v1
0X1D3B87F45396BF74,60,73,2704.188,1488.287,0.5504,2,echonet_dynamic_no_long_axis_v1
0X1D3D82FD91F61757,67,85,1360.423,657.379,0.4832,2,echonet_dynamic_no_long_axis_v1
0X1D435EAAB297493F,48,66,1322.16,720.951,0.5453,2,echonet_dynamic_no_long_axis_v1
0X1D458DED386FFD57,66,81,1772.824,1198.627,0.6761,2,echonet_dynamic_no_long_axis_v1
0X1D47DAD797C08240,32,45,1604.346,946.331,0.5899,2,echonet_dynamic_no_long_axis_v1
0X1D484F34365B129A,102,124,1870.147,1047.167,0.5599,2,echonet_dynamic_no_long_axis_v1
0X1D531494AA297EA7,58,75,1076.373,606.326,0.5633,2,echonet_dynamic_no_long_axis_v1
0X1D5340ABC7E874A0,3,15,1078.939,758.088,0.7026,2,echonet_dynamic_no_long_axis_v1
0X1D56758A76508E6B,80,97,1828.751,1607.437,0.879,2,echonet_dynamic_no_long_axis_v1
0X1D56E0444C390AAB,68,95,2180.068,1713.403,0.7859,2,echonet_dynamic_no_long_axis_v1
0X1D5C7F82BC641385,63,75,2942.734,1942.756,0.6602,2,echonet_dynamic_no_long_axis_v1
0X1D5D36D11FB698E6,89,112,1950.848,933.671,0.4786,2,echonet_dynamic_no_long_axis_v1
0X1D6C97E5EE466774,60,78,739.509,336.268,0.4547,2,echonet_dynamic_no_long_axis_v1
0X1D72D240D0D428E7,105,124,1151.396,637.833,0.554,2,echonet_dynamic_no_long_axis_v1
0X1D79693A227013AF,81,89,907.582,669.141,0.7373,2,echonet_dynamic_no_long_axis_v1
0X1D7D9F50E7714DF3,81,96,2383.309,1370.238,0.5749,2,echonet_dynamic_no_long_axis_v1
0X1D82C79739A0FA64,57,76,1447.108,844.355,0.5835,2,echonet_dynamic_no_long_axis_v1
0X1D855297E0E75B59,36,56,867.9,529.224,0.6098,2,echonet_dynamic_no_long_axis_v1
0X1D865EBAD1A947E4,0,8,1292.16,960.132,0.743,2,echonet_dynamic_no_long_axis_v1
0X1D89AB9610940667,105,128,1956.59,1529.632,0.7818,2,echonet_dynamic_no_long_axis_v1
0X1D8AB94351A8029D,0,19,1434.016,767.192,0.535,2,echonet_dynamic_no_long_axis_v1
0X1D8B6731487F309,40,57,1270.75,773.495,0.6087,2,echonet_dynamic_no_long_axis_v1
0X1D8D28801D701B6,19,33,1121.379,664.157,0.5923,2,echonet_dynamic_no_long_axis_v1
0X1D903A5F71B0415B,45,61,1552.007,913.904,0.5889,2,echonet_dynamic_no_long_axis_v1
0X1D964059BBD23752,78,94,913.487,491.755,0.5383,2,echonet_dynamic_no_long_axis_v1
0X1D97238D22053D7F,112,127,1118.022,667.58,0.5971,2,echonet_dynamic_no_long_axis_v1
0X1D9BD6464304E4C1,153,170,1368.292,722.977,0.5284,2,echonet_dynamic_no_long_axis_v1
0X1DA42DFD1ADF56A2,140,158,1787.781,1024.667,0.5732,2,echonet_dynamic_no_long_axis_v1
0X1DA5AC481B10C795,37,54,915.495,453.878,0.4958,2,echonet_dynamic_no_long_axis_v1
0X1DAD3979E64B1EB0,46,60,859.296,439.122,0.511,2,echonet_dynamic_no_long_axis_v1
0X1DAD96580464A3AE,82,97,1251.934,792.301,0.6329,2,echonet_dynamic_no_long_axis_v1
0X1DAFA784FB6CD2DC,57,73,1094.234,646.796,0.5911,2,echonet_dynamic_no_long_axis_v1
0X1DB488AC3583E3D6,76,88,879.706,462.47,0.5257,2,echonet_dynamic_no_long_axis_v1
0X1DBA02F07308FF4,42,62,2152.351,1245.459,0.5787,2,echonet_dynamic_no_long_axis_v1
0X1DBA0F198086D94D,84,96,1134.046,638.113,0.5627,2,echonet_dynamic_no_long_axis_v1
0X1DBC6610903DEE15,39,53,1952.4,1079.803,0.5531,2,echonet_dynamic_no_long_axis_v1
0X1DBC96AF6E04AFAE,53,73,1771.282,919.778,0.5193,2,echonet_dynamic_no_long_axis_v1
0X1DBFE6B5E123C051,149,167,1938.311,1529.027,0.7888,2,echonet_dynamic_no_long_axis_v1
0X1DC2DFB2C2B235E0,76,90,1187.257,806.373,0.6792,2,echonet_dynamic_no_long_axis_v1
0X1DC37C23058344DB,1,14,1725.49,993.949,0.576,2,echonet_dynamic_no_long_axis_v1
0X1DCA0E401C075C0B,114,137,1955.691,1150.83,0.5885,2,echonet_dynamic_no_long_axis_v1
0X1DCB42B624F74B6A,45,64,984.122,534.127,0.5427,2,echonet_dynamic_no_long_axis_v1
0X1DCD463A9C38E795,79,94,1219.776,671.724,0.5507,2,echonet_dynamic_no_long_axis_v1
0X1DD34527824BAE2B,67,86,2556.483,1436.559,0.5619,2,echonet_dynamic_no_long_axis_v1
0X1DD541B1AA7D27F5,38,50,994.751,568.537,0.5715,2,echonet_dynamic_no_long_axis_v1
0X1DD7E4C84703951C,54,73,1391.701,1086.858,0.781,2,echonet_dynamic_no_long_axis_v1
0X1DD94B6FED393031,28,47,1239.007,648.199,0.5232,2,echonet_dynamic_no_long_axis_v1
0X1DDB2D8370136DF6,43,58,614.466,350.259,0.57,2,echonet_dynamic_no_long_axis_v1
0X1DE0D259C9FFED67,139,158,1028.605,512.052,0.4978,2,echonet_dynamic_no_long_axis_v1
0X1DE1700F4DDEF5AB,133,150,1491.414,939.006,0.6296,2,echonet_dynamic_no_long_axis_v1
0X1DE841B07C0641E5,58,79,1532.635,917.779,0.5988,2,echonet_dynamic_no_long_axis_v1
0X1DE88A76BA76EB42,46,63,1353.306,849.642,0.6278,2,echonet_dynamic_no_long_axis_v1
0X1DEBBA3CCE0C4044,29,44,1288.171,1066.178,0.8277,2,echonet_dynamic_no_long_axis_v1
0X1DECC0FD3CEFBBF9,109,128,1968.534,1065.964,0.5415,2,echonet_dynamic_no_long_axis_v1
0X1DEE80021337DE93,130,157,1204.733,464.123,0.3852,2,echonet_dynamic_no_long_axis_v1
0X1DF7163A74801695,187,203,918.821,471.141,0.5128,2,echonet_dynamic_no_long_axis_v1
0X1DF725E212D34FF2,1,14,925.752,516.401,0.5578,2,echonet_dynamic_no_long_axis_v1
0X1DF846341FD06B89,2,15,1609.98,772.172,0.4796,2,echonet_dynamic_no_long_axis_v1
0X1DF8F6CF6E254FA1,50,61,614.39,281.159,0.4576,2,echonet_dynamic_no_long_axis_v1
0X1DFB35BA6E0A7B20,90,109,1692.51,991.779,0.586,2,echonet_dynamic_no_long_axis_v1
0X1E0132313BE50536,41,59,1146.546,722.681,0.6303,2,echonet_dynamic_no_long_axis_v1
0X1E042B3994B076CF,43,53,1397.6,1088.644,0.7789,2,echonet_dynamic_no_long_axis_v1
0X1E0D4D57EA9C0D47,42,55,1033.676,593.706,0.5744,2,echonet_dynamic_no_long_axis_v1
0X1E125FF0DBDEDD8E,96,113,2218.659,1120.84,0.5052,2,echonet_dynamic_no_long_axis_v1
0X1E12C1907286203F,34,41,1146.596,696.682,0.6076,2,echonet_dynamic_no_long_axis_v1
0X1E12EEE43FD913E5,29,42,907.211,624.556,0.6884,2,echonet_dynamic_no_long_axis_v1
0X1E1603F30AB541CC,43,58,749.925,362.9,0.4839,2,echonet_dynamic_no_long_axis_v1
0X1E19B51380EDA781,94,128,2649.135,1401.206,0.5289,2,echonet_dynamic_no_long_axis_v1
0X1E1CEE4FB1052A3A,99,114,1394.512,763.758,0.5477,2,echonet_dynamic_no_long_axis_v1
0X1E24B73EF1088C16,40,54,1217.818,696.612,0.572,2,echonet_dynamic_no_long_axis_v1
0X1E254C7288E039E1,85,104,2830.295,1593.714,0.5631,2,echonet_dynamic_no_long_axis_v1
0X1E2A3EA85194639F,95,104,1110.502,568.627,0.512,2,echonet_dynamic_no_long_axis_v1
0X1E319F331B8638F7,79,94,2486.743,1222.986,0.4918,2,echonet_dynamic_no_long_axis_v1
0X1E3950AF8323C7C3,25,34,656.617,371.139,0.5652,2,echonet_dynamic_no_long_axis_v1
0X1E3989E1CA499ADC,1,20,2160.042,1246.436,0.577,2,echonet_dynamic_no_long_axis_v1
0X1E41619BEA0A4042,0,19,816.408,421.723,0.5166,2,echonet_dynamic_no_long_axis_v1
0X1E4214A580D40B2B,46,62,1443.0,1095.386,0.7591,2,echonet_dynamic_no_long_axis_v1
0X1E4319B75C24DB18,121,136,1069.342,586.198,0.5482,2,echonet_dynamic_no_long_axis_v1
0X1E433E7966FD7332,71,94,965.19,758.444,0.7858,2,echonet_dynamic_no_long_axis_v1
0X1E4717D992CFA5F4,51,68,1510.705,1074.47,0.7112,2,echonet_dynamic_no_long_axis_v1
0X1E4C615D9F0C3287,51,70,1025.851,576.768,0.5622,2,echonet_dynamic_no_long_axis_v1
0X1E4FB78F8BCBB9B2,77,86,832.166,472.433,0.5677,2,echonet_dynamic_no_long_axis_v1
0X1E4FC262266FC8D6,39,58,1385.88,980.277,0.7073,2,echonet_dynamic_no_long_axis_v1
0X1E4FEF1411B063A7,114,131,1085.469,762.415,0.7024,2,echonet_dynamic_no_long_axis_v1
0X1E50146E7EAFF53E,118,143,1173.906,906.891,0.7725,2,echonet_dynamic_no_long_axis_v1
0X1E5364575AD6FAD4,52,74,1783.261,1191.431,0.6681,2,echonet_dynamic_no_long_axis_v1
0X1E544C386296BE42,105,124,1093.86,747.881,0.6837,2,echonet_dynamic_no_long_axis_v1
0X1E5936D90E75B1A7,131,146,1445.801,774.936,0.536,2,echonet_dynamic_no_long_axis_v1
0X1E611525E31DDA7B,61,81,2070.386,1180.939,0.5704,2,echonet_dynamic_no_long_axis_v1
0X1E61DC4342BD6300,36,56,1067.581,599.051,0.5611,2,echonet_dynamic_no_long_axis_v1
0X1E62CC48E5EF3624,114,133,1663.749,996.506,0.599,2,echonet_dynamic_no_long_axis_v1
0X1E6321147D13B4BC,83,104,2500.474,1246.809,0.4986,2,echonet_dynamic_no_long_axis_v1
0X1E635D1244D8F305,59,75,1395.223,731.998,0.5246,2,echonet_dynamic_no_long_axis_v1
0X1E6679C7134CBE5D,90,111,1039.724,583.612,0.5613,2,echonet_dynamic_no_long_axis_v1
0X1E67F4F64EDDA6ED,30,61,1199.452,768.747,0.6409,2,echonet_dynamic_no_long_axis_v1
0X1E6815E1D578374,0,21,2179.558,1326.53,0.6086,2,echonet_dynamic_no_long_axis_v1
0X1E6CBE38BF082CC,56,77,2207.593,1465.528,0.6639,2,echonet_dynamic_no_long_axis_v1
0X1E72A706170A99CF,85,104,1084.569,623.297,0.5747,2,echonet_dynamic_no_long_axis_v1
0X1E737062D3FC72DB,56,73,2315.781,1131.74,0.4887,2,echonet_dynamic_no_long_axis_v1
0X1E749B73E6D4B963,60,79,937.753,657.286,0.7009,2,echonet_dynamic_no_long_axis_v1
0X1E761ED7D7755949,99,116,1126.038,602.505,0.5351,2,echonet_dynamic_no_long_axis_v1
0X1E7DD9435BBDEFC1,41,60,1511.073,692.338,0.4582,2,echonet_dynamic_no_long_axis_v1
0X1E8097AF20639AFD,138,156,1141.993,747.43,0.6545,2,echonet_dynamic_no_long_axis_v1
0X1E840F388269AE5D,30,46,1978.829,1134.351,0.5732,2,echonet_dynamic_no_long_axis_v1
0X1E8826D9BE12BF0D,42,56,1055.8,657.617,0.6229,2,echonet_dynamic_no_long_axis_v1
0X1E890CFC7E9C3E14,67,80,909.967,561.182,0.6167,2,echonet_dynamic_no_long_axis_v1
0X1E89470188B772FB,0,16,1426.09,984.748,0.6905,2,echonet_dynamic_no_long_axis_v1
0X1E8B7A7B0312AD0B,38,52,733.652,376.264,0.5129,2,echonet_dynamic_no_long_axis_v1
0X1E9465782E2D5B16,115,129,1908.881,1108.575,0.5807,2,echonet_dynamic_no_long_axis_v1
0X1E9C4F25D31278C7,34,44,1772.987,927.036,0.5229,2,echonet_dynamic_no_long_axis_v1
0X1EA0FB82B5B28F2F,36,51,1945.116,1208.021,0.6211,2,echonet_dynamic_no_long_axis_v1
0X1EA2B431C3A155AA,53,71,1330.592,658.723,0.4951,2,echonet_dynamic_no_long_axis_v1
0X1EA3EC569C1E2C60,55,79,1049.019,581.321,0.5542,2,echonet_dynamic_no_long_axis_v1
0X1EA50DD28B65A0EC,52,63,3035.536,1811.946,0.5969,2,echonet_dynamic_no_long_axis_v1
0X1EA6F8F85D1A8178,3,23,1494.021,797.592,0.5339,2,echonet_dynamic_no_long_axis_v1
0X1EA7A5960D8A5576,2,12,2438.713,1228.043,0.5036,2,echonet_dynamic_no_long_axis_v1
0X1EA7A71E2DBC4AC0,49,72,1443.031,667.497,0.4626,2,echonet_dynamic_no_long_axis_v1
0X1EA7B071C64DA43E,91,120,1689.436,842.216,0.4985,2,echonet_dynamic_no_long_axis_v1
0X1EAA8A2138A834E0,76,89,1361.889,735.032,0.5397,2,echonet_dynamic_no_long_axis_v1
0X1EB543E46AF39064,80,92,1431.89,750.428,0.5241,2,echonet_dynamic_no_long_axis_v1
0X1EB9E86F4FA26B5B,2,20,2309.227,1231.711,0.5334,2,echonet_dynamic_no_long_axis_v1
0X1EBDE8F8E5BA979D,112,134,1973.383,931.96,0.4723,2,echonet_dynamic_no_long_axis_v1
0X1EC139D3F3A2D516,42,55,723.143,374.718,0.5182,2,echonet_dynamic_no_long_axis_v1
0X1EC55C31E1027A7D,29,44,1118.577,692.04,0.6187,2,echonet_dynamic_no_long_axis_v1
0X1ECA00B8BAB9E432,64,84,2564.831,1907.511,0.7437,2,echonet_dynamic_no_long_axis_v1
0X1ECE22D7A0081047,45,64,2021.859,1044.879,0.5168,2,echonet_dynamic_no_long_axis_v1
0X1ECE8E201253DCBB,49,68,1256.944,733.329,0.5834,2,echonet_dynamic_no_long_axis_v1
0X1ED03199B5CD723F,138,155,1199.376,624.691,0.5208,2,echonet_dynamic_no_long_axis_v1
0X1ED182EA95B3349E,47,56,1838.685,1014.997,0.552,2,echonet_dynamic_no_long_axis_v1
0X1ED8BDD5ABC0E688,109,127,1561.579,846.43,0.542,2,echonet_dynamic_no_long_axis_v1
0X1EDA0F3F33F97A9D,114,126,1337.525,1016.05,0.7596,2,echonet_dynamic_no_long_axis_v1
0X1EDC550222BB3CB7,49,69,1069.574,627.492,0.5867,2,echonet_dynamic_no_long_axis_v1
0X1EDE39935530AE94,104,124,1339.268,746.718,0.5576,2,echonet_dynamic_no_long_axis_v1
0X1EDF77660FB2302C,47,65,1695.236,1389.148,0.8194,2,echonet_dynamic_no_long_axis_v1
0X1EE30D34D1CBF56A,36,50,1371.873,739.227,0.5388,2,echonet_dynamic_no_long_axis_v1
0X1EE5D4C563C42FFC,34,47,1772.085,1034.106,0.5836,2,echonet_dynamic_no_long_axis_v1
0X1EF35FFC92F4F554,246,287,2028.129,1141.446,0.5628,2,echonet_dynamic_no_long_axis_v1
0X1EF97820A1259D69,111,129,1236.919,600.174,0.4852,2,echonet_dynamic_no_long_axis_v1
0X1EFB6CCF125DF19C,80,101,2117.331,1780.414,0.8409,2,echonet_dynamic_no_long_axis_v1
0X1EFC35B469AE1CEC,0,20,1294.388,675.621,0.522,2,echonet_dynamic_no_long_axis_v1
0X1EFF5D4EF0A8CAF8,1,21,1624.934,1360.856,0.8375,2,echonet_dynamic_no_long_axis_v1
0X1F00CAA7AC31402B,0,16,1069.421,621.594,0.5812,2,echonet_dynamic_no_long_axis_v1
0X1F016C2C0B4EC219,103,119,802.975,466.585,0.5811,2,echonet_dynamic_no_long_axis_v1
0X1F042F557F67EF0C,60,77,1492.314,1007.865,0.6754,2,echonet_dynamic_no_long_axis_v1
0X1F0B89ADC5D08D7B,32,47,746.194,437.233,0.586,2,echonet_dynamic_no_long_axis_v1
0X1F0E003D44A08AC1,105,127,1698.01,1066.979,0.6284,2,echonet_dynamic_no_long_axis_v1
0X1F110BEB95539840,45,61,1607.483,887.038,0.5518,2,echonet_dynamic_no_long_axis_v1
0X1F129E3C07702D2D,98,115,1401.981,745.351,0.5316,2,echonet_dynamic_no_long_axis_v1
0X1F147D6EB6F7A33E,59,80,1293.415,688.588,0.5324,2,echonet_dynamic_no_long_axis_v1
0X1F16283D4711432A,145,119,1100.492,610.949,0.5552,2,echonet_dynamic_no_long_axis_v1
0X1F167F8B80CBF9E1,43,59,1112.718,613.529,0.5514,2,echonet_dynamic_no_long_axis_v1
0X1F19C2EE177D0051,57,67,851.097,455.008,0.5346,2,echonet_dynamic_no_long_axis_v1
0X1F1B83FF55E4E8,3,20,1087.685,560.919,0.5157,2,echonet_dynamic_no_long_axis_v1
0X1F1EBF404A2CBB95,96,113,1667.459,1405.59,0.843,2,echonet_dynamic_no_long_axis_v1
0X1F1FD906BE4B4E5C,130,148,1428.684,1111.658,0.7781,2,echonet_dynamic_no_long_axis_v1
0X1F21C6B7573013C2,102,122,1355.098,768.924,0.5674,2,echonet_dynamic_no_long_axis_v1
0X1F22C0D0D9D6CEA7,36,53,1212.308,649.861,0.5361,2,echonet_dynamic_no_long_axis_v1
0X1F24BEDFA7735AC2,43,57,1057.045,626.396,0.5926,2,echonet_dynamic_no_long_axis_v1
0X1F2549CEA36F670D,73,90,1228.755,656.568,0.5343,2,echonet_dynamic_no_long_axis_v1
0X1F28DD950C91E736,143,158,1057.325,650.237,0.615,2,echonet_dynamic_no_long_axis_v1
0X1F295B3610D3C821,73,90,1096.291,823.965,0.7516,2,echonet_dynamic_no_long_axis_v1
0X1F296AC6184AEEA2,54,71,1223.737,704.145,0.5754,2,echonet_dynamic_no_long_axis_v1
0X1F2DF5CA165B89C1,103,121,1981.403,1203.114,0.6072,2,echonet_dynamic_no_long_axis_v1
0X1F30E6AC3FE50EE3,52,66,990.107,618.242,0.6244,2,echonet_dynamic_no_long_axis_v1
0X1F32D3B154B596AC,32,51,769.099,424.92,0.5525,2,echonet_dynamic_no_long_axis_v1
0X1F341EB2BB60BC7E,39,61,1681.445,884.809,0.5262,2,echonet_dynamic_no_long_axis_v1
0X1F38A18115D35B80,5,29,1081.855,556.115,0.514,2,echonet_dynamic_no_long_axis_v1
0X1F3A4CF3F7A776F2,44,57,1589.285,876.895,0.5518,2,echonet_dynamic_no_long_axis_v1
0X1F3FC0C8E6884E5E,72,88,1231.578,639.953,0.5196,2,echonet_dynamic_no_long_axis_v1
0X1F4145A50D7D74A1,38,47,1996.936,1866.079,0.9345,2,echonet_dynamic_no_long_axis_v1
0X1F415D2BD4F791F1,58,75,1181.846,670.811,0.5676,2,echonet_dynamic_no_long_axis_v1
0X1F41F0CD400CE121,80,97,1517.738,771.433,0.5083,2,echonet_dynamic_no_long_axis_v1
0X1F4449F6E867C79D,124,138,1891.984,1058.56,0.5595,2,echonet_dynamic_no_long_axis_v1
0X1F5282DEF12F1522,135,151,1478.272,954.179,0.6455,2,echonet_dynamic_no_long_axis_v1
0X1F5743D01B9FF8A7,149,167,1001.765,630.627,0.6295,2,echonet_dynamic_no_long_axis_v1
0X1F636F27771CFA8A,0,20,1440.106,918.354,0.6377,2,echonet_dynamic_no_long_axis_v1
0X1F6E5F98F771906C,63,73,803.982,436.528,0.543,2,echonet_dynamic_no_long_axis_v1
0X1F7368994CBAFA05,37,52,1236.326,690.243,0.5583,2,echonet_dynamic_no_long_axis_v1
0X1F73F80777A9A18E,119,141,1033.734,577.722,0.5589,2,echonet_dynamic_no_long_axis_v1
0X1F7426166F480035,43,62,854.074,496.87,0.5818,2,echonet_dynamic_no_long_axis_v1
0X1F76CC06470CA08E,32,49,1051.14,605.636,0.5762,2,echonet_dynamic_no_long_axis_v1
0X1F7896620951FFD,38,60,1099.517,675.842,0.6147,2,echonet_dynamic_no_long_axis_v1
0X1F7984F85C024A44,38,59,2880.03,1816.829,0.6308,2,echonet_dynamic_no_long_axis_v1
0X1F7B281D395F60DF,66,79,1300.234,872.494,0.671,2,echonet_dynamic_no_long_axis_v1
0X1F7C341DFC185B04,44,63,1775.18,928.076,0.5228,2,echonet_dynamic_no_long_axis_v1
0X1F89A004D9EC9D11,160,184,2424.228,2081.355,0.8586,2,echonet_dynamic_no_long_axis_v1
0X1F8C3C7F157F3494,55,76,1561.252,780.064,0.4996,2,echonet_dynamic_no_long_axis_v1
0X1F8D2F8CEE622FC2,106,127,1358.904,764.935,0.5629,2,echonet_dynamic_no_long_axis_v1
0X1F8FD3228136CADC,48,64,886.649,474.132,0.5347,2,echonet_dynamic_no_long_axis_v1
0X1F96B3B6851A691F,78,85,1588.139,1385.545,0.8724,2,echonet_dynamic_no_long_axis_v1
0X1F9747E8DFC8C33F,34,53,1982.638,1080.114,0.5448,2,echonet_dynamic_no_long_axis_v1
0X1F97A5C0DC538F71,41,55,1058.101,681.514,0.6441,2,echonet_dynamic_no_long_axis_v1
0X1F97C88FCA1837FC,81,100,2420.505,1876.634,0.7753,2,echonet_dynamic_no_long_axis_v1
0X1F984B05E47C44E8,54,75,1380.461,707.597,0.5126,2,echonet_dynamic_no_long_axis_v1
0X1F9860EB836A4AD5,129,145,1423.449,823.517,0.5785,2,echonet_dynamic_no_long_axis_v1
0X1F9A2F0F949DA53C,97,114,1998.599,1312.05,0.6565,2,echonet_dynamic_no_long_axis_v1
0X1F9B2F6750598383,0,16,1232.683,695.163,0.5639,2,echonet_dynamic_no_long_axis_v1
0X1F9EC90B561B66F0,45,60,949.727,505.105,0.5318,2,echonet_dynamic_no_long_axis_v1
0X1F9F3763AB755914,35,53,799.333,217.178,0.2717,2,echonet_dynamic_no_long_axis_v1
0X1F9F7D8AA7E0AD33,49,72,1179.362,670.534,0.5686,2,echonet_dynamic_no_long_axis_v1
0X1FA2FD1613FF2ABA,51,74,1512.066,1118.132,0.7395,2,echonet_dynamic_no_long_axis_v1
0X1FA393110F28F205,43,54,889.456,603.265,0.6782,2,echonet_dynamic_no_long_axis_v1
0X1FA69C9259AB1323,59,73,1248.933,771.39,0.6176,2,echonet_dynamic_no_long_axis_v1
0X1FAB4A096967CE44,51,65,1244.606,653.773,0.5253,2,echonet_dynamic_no_long_axis_v1
0X1FB746B9CC0A2C34,143,158,1338.147,761.971,0.5694,2,echonet_dynamic_no_long_axis_v1
0X1FB77879F86A9295,108,129,636.052,358.825,0.5641,2,echonet_dynamic_no_long_axis_v1
0X1FB83321A4C5E14A,91,105,792.17,405.857,0.5123,2,echonet_dynamic_no_long_axis_v1
0X1FBB4B04FD21CFFD,103,118,2157.751,1279.729,0.5931,2,echonet_dynamic_no_long_axis_v1
0X1FBF4879584835DC,71,83,628.911,586.842,0.9331,2,echonet_dynamic_no_long_axis_v1
0X1FC0DB9513AAE7AE,0,17,1467.237,792.994,0.5405,2,echonet_dynamic_no_long_axis_v1
0X1FC4816F238B726E,49,65,1019.774,778.428,0.7633,2,echonet_dynamic_no_long_axis_v1
0X1FC8B6CD248E1EBF,54,70,1353.513,757.581,0.5597,2,echonet_dynamic_no_long_axis_v1
0X1FCFC35D87A5825E,29,43,1555.63,1027.413,0.6604,2,echonet_dynamic_no_long_axis_v1
0X1FD1C12446296002,56,74,1933.652,1488.898,0.77,2,echonet_dynamic_no_long_axis_v1
0X1FD5C7765ED980E9,103,119,1460.835,715.244,0.4896,2,echonet_dynamic_no_long_axis_v1
0X1FED7F19EE7790BC,65,76,886.118,614.14,0.6931,2,echonet_dynamic_no_long_axis_v1
0X1FEF660F1B027D9A,42,59,1262.385,963.782,0.7635,2,echonet_dynamic_no_long_axis_v1
0X1FF11ED3741D6CF1,47,68,1215.383,722.183,0.5942,2,echonet_dynamic_no_long_axis_v1
0X1FF210ABA6FAF49B,58,78,2127.651,1513.359,0.7113,2,echonet_dynamic_no_long_axis_v1
0X1FF2C044D2369B68,59,76,1912.46,1158.292,0.6057,2,echonet_dynamic_no_long_axis_v1
0X1FF493CD3E1F9556,104,121,1138.625,627.949,0.5515,2,echonet_dynamic_no_long_axis_v1
0X1FF49A3B7CCE0940,93,111,1753.527,981.371,0.5597,2,echonet_dynamic_no_long_axis_v1
0X1FF884B7C72A46E4,39,56,1076.493,683.18,0.6346,2,echonet_dynamic_no_long_axis_v1
0X1FF8C2A15819C013,91,106,1072.717,572.33,0.5335,2,echonet_dynamic_no_long_axis_v1
0X1FF8F1B69E8A6228,55,73,1019.467,615.409,0.6037,2,echonet_dynamic_no_long_axis_v1
0X1FFB0CA3E357AA3B,135,152,1736.202,1036.457,0.597,2,echonet_dynamic_no_long_axis_v1
0X1FFD70185CCC2352,150,171,1258.519,631.35,0.5017,2,echonet_dynamic_no_long_axis_v1
0X20044D5F4DB57EBF,64,91,1764.755,1365.717,0.7739,2,echonet_dynamic_no_long_axis_v1
0X2006B85D0AC90B99,97,113,2931.025,1643.543,0.5607,2,echonet_dynamic_no_long_axis_v1
0X2006F373AD037FB0,43,56,1005.907,518.523,0.5155,2,echonet_dynamic_no_long_axis_v1
0X2007AA7BEEA8CDE9,57,74,1249.498,717.529,0.5743,2,echonet_dynamic_no_long_axis_v1
0X2007E059C9C83B68,59,74,1469.102,1190.144,0.8101,2,echonet_dynamic_no_long_axis_v1
0X200A81BEC98DEB6D,67,81,1060.827,752.865,0.7097,2,echonet_dynamic_no_long_axis_v1
0X200BAB1CBCC59B75,0,16,1582.807,941.085,0.5946,2,echonet_dynamic_no_long_axis_v1
0X200D2ADC0AAA7F69,62,78,1140.312,642.223,0.5632,2,echonet_dynamic_no_long_axis_v1
0X2012F90A3894AE6C,4,16,1132.549,591.109,0.5219,2,echonet_dynamic_no_long_axis_v1
0X2013A055C2ED13B1,0,18,2916.554,1434.437,0.4918,2,echonet_dynamic_no_long_axis_v1
0X2018476243B2BF60,46,62,1453.321,1051.701,0.7237,2,echonet_dynamic_no_long_axis_v1
0X201E550F4D45FA11,42,56,1095.719,644.528,0.5882,2,echonet_dynamic_no_long_axis_v1
0X20206186C27410,60,79,1130.596,598.436,0.5293,2,echonet_dynamic_no_long_axis_v1
0X202CB635A3F07205,33,49,1876.898,1019.473,0.5432,2,echonet_dynamic_no_long_axis_v1
0X20385C07ACB78AD7,1,14,2343.387,1314.027,0.5607,2,echonet_dynamic_no_long_axis_v1
0X20398152C6AC9E74,95,118,1213.952,652.075,0.5372,2,echonet_dynamic_no_long_axis_v1
0X203B9F42F7B63F18,52,72,1239.333,688.322,0.5554,2,echonet_dynamic_no_long_axis_v1
0X203DEFC1AD6C4FE7,50,66,1062.187,607.407,0.5718,2,echonet_dynamic_no_long_axis_v1
0X2040D80BE038FF72,62,71,1145.539,614.975,0.5368,2,echonet_dynamic_no_long_axis_v1
0X204572836CA7223E,79,95,2138.087,1224.549,0.5727,2,echonet_dynamic_no_long_axis_v1
0X20466440F503CA47,47,71,938.097,583.686,0.6222,2,echonet_dynamic_no_long_axis_v1
0X2046744420463941,170,186,1205.926,634.001,0.5257,2,echonet_dynamic_no_long_axis_v1
0X20498F7A9EEC40,147,170,1176.024,678.449,0.5769,2,echonet_dynamic_no_long_axis_v1
0X2049B43FE38C7E52,41,56,1192.313,723.544,0.6068,2,echonet_dynamic_no_long_axis_v1
0X204AE811B3916921,133,155,1043.541,692.023,0.6631,2,echonet_dynamic_no_long_axis_v1
0X204B7002B426FB64,119,132,1235.655,674.331,0.5457,2,echonet_dynamic_no_long_axis_v1
0X204EABEBB4C346A7,117,133,1603.678,969.644,0.6046,2,echonet_dynamic_no_long_axis_v1
0X20527C7266CB3D06,36,51,1054.191,564.54,0.5355,2,echonet_dynamic_no_long_axis_v1
0X20552C24AF1C72AA,79,99,1581.695,918.098,0.5805,2,echonet_dynamic_no_long_axis_v1
0X20586B1BD35F38C9,73,86,486.343,189.804,0.3903,2,echonet_dynamic_no_long_axis_v1
0X205D332D95319E52,42,57,1402.968,901.418,0.6425,2,echonet_dynamic_no_long_axis_v1
0X205D43DE6AFEF1E3,70,83,1248.114,774.803,0.6208,2,echonet_dynamic_no_long_axis_v1
0X2061466F4B6FF0D6,116,133,1621.326,856.279,0.5281,2,echonet_dynamic_no_long_axis_v1
0X2064D5C200087993,71,81,1639.013,820.556,0.5006,2,echonet_dynamic_no_long_axis_v1
0X2067611AEB6EAC1C,27,38,1035.261,626.652,0.6053,2,echonet_dynamic_no_long_axis_v1
0X206AE6EE14B44F6D,80,93,753.786,450.124,0.5972,2,echonet_dynamic_no_long_axis_v1
0X206B9304876FB434,169,184,1035.263,595.285,0.575,2,echonet_dynamic_no_long_axis_v1
0X206BF720DCA80EDB,73,89,1227.468,623.943,0.5083,2,echonet_dynamic_no_long_axis_v1
0X20705C8B7253C987,111,128,977.279,585.765,0.5994,2,echonet_dynamic_no_long_axis_v1
0X2072849DEB59E522,135,153,1214.629,761.118,0.6266,2,echonet_dynamic_no_long_axis_v1
0X2077ABE141A56534,135,152,1606.793,848.679,0.5282,2,echonet_dynamic_no_long_axis_v1
0X2078B65A7DEB1F45,0,14,2131.978,1168.411,0.548,2,echonet_dynamic_no_long_axis_v1
0X207D62797D7ADFE5,32,46,2096.711,1381.486,0.6589,2,echonet_dynamic_no_long_axis_v1
0X208160FB0725991,77,93,1579.233,813.052,0.5148,2,echonet_dynamic_no_long_axis_v1
0X20826845F90FE6D,40,56,2607.806,1540.603,0.5908,2,echonet_dynamic_no_long_axis_v1
0X208440694FA7807C,75,106,975.883,508.929,0.5215,2,echonet_dynamic_no_long_axis_v1
0X2086CBAC9AC36095,46,64,1059.582,589.432,0.5563,2,echonet_dynamic_no_long_axis_v1
0X208AC63E1BFEB97F,94,110,1487.693,788.83,0.5302,2,echonet_dynamic_no_long_axis_v1
0X208ADDBD7BDAEC00,87,103,1500.395,814.302,0.5427,2,echonet_dynamic_no_long_axis_v1
0X208AEA64245AEE45,54,75,1260.574,738.352,0.5857,2,echonet_dynamic_no_long_axis_v1
0X208BA5FCD6556200,44,66,2124.845,1160.462,0.5461,2,echonet_dynamic_no_long_axis_v1
0X208DD67A7E91CA9B,45,63,1455.809,759.273,0.5215,2,echonet_dynamic_no_long_axis_v1
0X208F3DC503692577,52,67,1189.59,657.529,0.5527,2,echonet_dynamic_no_long_axis_v1
0X208FBB50F39AAF69,67,71,579.228,438.695,0.7574,2,echonet_dynamic_no_long_axis_v1
0X209C2DD9B266CEE0,139,156,993.432,546.847,0.5505,2,echonet_dynamic_no_long_axis_v1
0X209D282CEC579EA7,52,61,1235.897,678.313,0.5488,2,echonet_dynamic_no_long_axis_v1
0X209F758FA6ECB6BF,62,73,957.238,530.446,0.5541,2,echonet_dynamic_no_long_axis_v1
0X20A77232EFCBBA15,32,46,1683.226,1370.234,0.8141,2,echonet_dynamic_no_long_axis_v1
0X20A9585822B9B71D,107,120,1253.232,618.144,0.4932,2,echonet_dynamic_no_long_axis_v1
0X20AB680B9A6201C2,142,158,1232.345,663.777,0.5386,2,echonet_dynamic_no_long_axis_v1
0X20AEF825025712FA,32,47,1292.066,659.286,0.5103,2,echonet_dynamic_no_long_axis_v1
0X20B431A11992F8C1,121,139,2058.461,1041.599,0.506,2,echonet_dynamic_no_long_axis_v1
0X20BA6E6EAB935FF,46,62,1138.712,574.9,0.5049,2,echonet_dynamic_no_long_axis_v1
0X20BF40D7DF972197,55,72,1268.924,1026.083,0.8086,2,echonet_dynamic_no_long_axis_v1
0X20C138B0C280E0E8,44,59,1560.066,817.078,0.5237,2,echonet_dynamic_no_long_axis_v1
0X20C397F012441121,49,66,2137.416,1474.658,0.6899,2,echonet_dynamic_no_long_axis_v1
0X20C66395A83A2333,0,14,858.449,541.601,0.6309,2,echonet_dynamic_no_long_axis_v1
0X20C709BA520B3393,50,65,777.517,589.176,0.7578,2,echonet_dynamic_no_long_axis_v1
0X20C87FB09C5485FA,89,109,2221.385,1358.764,0.6117,2,echonet_dynamic_no_long_axis_v1
0X20DC0F2BB24C0B14,167,187,1106.172,602.158,0.5444,2,echonet_dynamic_no_long_axis_v1
0X20E2EEBED55F4D49,42,57,1169.901,695.625,0.5946,2,echonet_dynamic_no_long_axis_v1
0X20E888D4879745B8,58,73,1961.511,948.279,0.4834,2,echonet_dynamic_no_long_axis_v1
0X20EF6DD108D6DBEF,81,62,792.731,463.52,0.5847,2,echonet_dynamic_no_long_axis_v1
0X20F0ECA9A407E292,128,143,2225.718,1094.081,0.4916,2,echonet_dynamic_no_long_axis_v1
0X20F33082C8E339A5,65,81,1248.805,672.825,0.5388,2,echonet_dynamic_no_long_axis_v1
0X20F3D05837705ED2,60,72,1496.589,1222.327,0.8167,2,echonet_dynamic_no_long_axis_v1
0X20F915FF0D48F7B1,111,127,1258.149,606.858,0.4823,2,echonet_dynamic_no_long_axis_v1
0X20FA1B615696ED4E,48,66,925.622,481.982,0.5207,2,echonet_dynamic_no_long_axis_v1
0X20FAB502219482F3,51,72,1334.156,714.045,0.5352,2,echonet_dynamic_no_long_axis_v1
0X20FB855B93C178FB,69,86,1190.659,876.936,0.7365,2,echonet_dynamic_no_long_axis_v1
0X20FC953931845AED,71,92,996.158,788.4,0.7914,2,echonet_dynamic_no_long_axis_v1
0X20FDE60EA17CDF97,138,154,1370.027,758.194,0.5534,2,echonet_dynamic_no_long_axis_v1
0X210265FBDA5360AE,78,94,1547.444,960.099,0.6204,2,echonet_dynamic_no_long_axis_v1
0X210582D0841E845,31,47,1282.381,921.028,0.7182,2,echonet_dynamic_no_long_axis_v1
0X2109CB4DF22133B8,48,64,1027.173,596.822,0.581,2,echonet_dynamic_no_long_axis_v1
0X210C7A32E968D801,136,152,1655.827,1066.299,0.644,2,echonet_dynamic_no_long_axis_v1
0X210DAE04842ABFCE,57,77,1148.97,672.544,0.5853,2,echonet_dynamic_no_long_axis_v1
0X210F9921E31032AF,40,55,987.48,639.257,0.6474,2,echonet_dynamic_no_long_axis_v1
0X210FD939B1583C4,44,61,2595.143,1411.659,0.544,2,echonet_dynamic_no_long_axis_v1
0X2119E364C4EB41A5,136,165,1737.426,730.652,0.4205,2,echonet_dynamic_no_long_axis_v1
0X211D307253ACBEE7,86,94,768.444,738.03,0.9604,2,echonet_dynamic_no_long_axis_v1
0X211D82BA9236CDCB,75,94,2439.218,1330.153,0.5453,2,echonet_dynamic_no_long_axis_v1
0X212800138BB39A54,44,58,1301.734,795.296,0.611,2,echonet_dynamic_no_long_axis_v1
0X2128420519D139AC,49,65,1342.71,787.979,0.5869,2,echonet_dynamic_no_long_axis_v1
0X212CA9670262F815,46,60,1127.116,544.806,0.4834,2,echonet_dynamic_no_long_axis_v1
0X21308CC313DC6218,48,63,1296.739,1068.304,0.8238,2,echonet_dynamic_no_long_axis_v1
0X21335091E8EAB9E7,122,143,2077.481,1071.6,0.5158,2,echonet_dynamic_no_long_axis_v1
0X21335E5666FE334,55,68,1515.606,667.567,0.4405,2,echonet_dynamic_no_long_axis_v1
0X2137CC12E6EBD1F9,66,80,1623.5,1393.75,0.8585,2,echonet_dynamic_no_long_axis_v1
0X2138256B8ACBC286,49,66,776.632,424.681,0.5468,2,echonet_dynamic_no_long_axis_v1
0X213B9075196791A5,37,56,1021.088,601.619,0.5892,2,echonet_dynamic_no_long_axis_v1
0X2142A8069D0CEE3E,99,111,1282.062,873.979,0.6817,2,echonet_dynamic_no_long_axis_v1
0X2149046928524ECA,36,50,1041.604,606.378,0.5822,2,echonet_dynamic_no_long_axis_v1
0X21494E0B4F352AA,50,63,956.392,471.318,0.4928,2,echonet_dynamic_no_long_axis_v1
0X214C1C219A70B853,2,18,1932.444,1059.496,0.5483,2,echonet_dynamic_no_long_axis_v1
0X21586B809CFC96DF,113,135,1302.728,814.703,0.6254,2,echonet_dynamic_no_long_axis_v1
0X215A85593D22E6F0,156,181,909.007,443.477,0.4879,2,echonet_dynamic_no_long_axis_v1
0X215CFDA8D8E99821,93,107,1087.907,800.342,0.7357,2,echonet_dynamic_no_long_axis_v1
0X215F0AEFF802A568,36,50,628.757,311.613,0.4956,2,echonet_dynamic_no_long_axis_v1
0X215F900F6CB6C95A,97,113,3188.351,2899.805,0.9095,2,echonet_dynamic_no_long_axis_v1
0X216C953D364C7BE5,58,77,1144.801,645.342,0.5637,2,echonet_dynamic_no_long_axis_v1
0X216DCC8A21950E6E,105,120,2088.028,949.908,0.4549,2,echonet_dynamic_no_long_axis_v1
0X216E6AFF3D3589CD,58,69,1248.289,799.696,0.6406,2,echonet_dynamic_no_long_axis_v1
0X21753A275A66C4B5,60,79,1827.018,1204.71,0.6594,2,echonet_dynamic_no_long_axis_v1
0X21764955637F610E,2,25,1421.656,755.629,0.5315,2,echonet_dynamic_no_long_axis_v1
0X217799C2838B5023,58,67,3060.457,1715.346,0.5605,2,echonet_dynamic_no_long_axis_v1
0X21780197024E9D79,61,76,1970.729,1345.372,0.6827,2,echonet_dynamic_no_long_axis_v1
0X2178C7825C058A65,37,49,1192.262,990.633,0.8309,2,echonet_dynamic_no_long_axis_v1
0X21797862231FE398,129,147,2003.575,1407.821,0.7027,2,echonet_dynamic_no_long_axis_v1
0X217B4E9C7EA72B72,4,14,808.217,632.418,0.7825,2,echonet_dynamic_no_long_axis_v1
0X217DA0FD15274A38,32,49,909.639,549.808,0.6044,2,echonet_dynamic_no_long_axis_v1
0X217EB21B6C3068DF,48,66,979.622,508.369,0.5189,2,echonet_dynamic_no_long_axis_v1
0X218383A7F84BD283,68,81,1466.664,854.852,0.5829,2,echonet_dynamic_no_long_axis_v1
0X2183CED6963429F7,3,17,1738.085,1165.041,0.6703,2,echonet_dynamic_no_long_axis_v1
0X21861CDBBA5F5D9D,53,75,1222.552,604.963,0.4948,2,echonet_dynamic_no_long_axis_v1
0X218BD0C4F2E153B7,6,21,947.008,691.133,0.7298,2,echonet_dynamic_no_long_axis_v1
0X218C389768E6BEEF,46,61,1166.285,806.172,0.6912,2,echonet_dynamic_no_long_axis_v1
0X218E4B013739DD05,56,75,1315.349,763.092,0.5801,2,echonet_dynamic_no_long_axis_v1
0X2190CC524D8A3203,124,141,1420.157,846.269,0.5959,2,echonet_dynamic_no_long_axis_v1
0X21911F001AA82BCD,63,74,801.215,537.65,0.671,2,echonet_dynamic_no_long_axis_v1
0X2193B0208A4BD2C5,73,89,1186.077,518.733,0.4374,2,echonet_dynamic_no_long_axis_v1
0X21957D70CCDCA50C,106,125,1253.399,768.34,0.613,2,echonet_dynamic_no_long_axis_v1
0X219A42DE14521E3,72,93,2297.78,1300.299,0.5659,2,echonet_dynamic_no_long_axis_v1
0X219B35DD01D6562B,49,67,941.066,541.189,0.5751,2,echonet_dynamic_no_long_axis_v1
0X219CD2BA2C006453,40,54,1726.522,920.854,0.5334,2,echonet_dynamic_no_long_axis_v1
0X21A13B095CACF0EB,44,59,1170.347,692.186,0.5914,2,echonet_dynamic_no_long_axis_v1
0X21A4FF7D4640E7FC,27,40,1361.408,683.714,0.5022,2,echonet_dynamic_no_long_axis_v1
0X21ADDDA989F95D59,91,109,1169.379,677.373,0.5793,2,echonet_dynamic_no_long_axis_v1
0X21B24F2764DE564E,72,90,1680.651,1156.265,0.688,2,echonet_dynamic_no_long_axis_v1
0X21B497B1AE639C14,59,70,1320.755,682.212,0.5165,2,echonet_dynamic_no_long_axis_v1
0X21C7B32102269C4F,100,113,795.544,438.31,0.551,2,echonet_dynamic_no_long_axis_v1
0X21C7FD7003B44572,0,16,1430.818,689.572,0.4819,2,echonet_dynamic_no_long_axis_v1
0X21D68178D7E68FF6,96,108,1128.153,593.768,0.5263,2,echonet_dynamic_no_long_axis_v1
0X21D75884E9572691,33,46,568.912,346.072,0.6083,2,echonet_dynamic_no_long_axis_v1
0X21D7E54015D4F60,58,74,1695.049,961.71,0.5674,2,echonet_dynamic_no_long_axis_v1
0X21D8A9341F567E31,84,99,1157.798,693.77,0.5992,2,echonet_dynamic_no_long_axis_v1
0X21DB11780A6A35EE,38,53,1768.314,964.752,0.5456,2,echonet_dynamic_no_long_axis_v1
0X21E16CBE16849CF8,37,50,1554.888,901.756,0.5799,2,echonet_dynamic_no_long_axis_v1
0X21E519C28BC94C65,35,50,957.162,497.441,0.5197,2,echonet_dynamic_no_long_axis_v1
0X21EB8F540A5C436D,57,76,1594.337,773.621,0.4852,2,echonet_dynamic_no_long_axis_v1
0X21ECA17BDAB1F437,45,59,1242.236,666.296,0.5364,2,echonet_dynamic_no_long_axis_v1
0X21F0FCA4D0ED4E27,38,52,1079.096,601.811,0.5577,2,echonet_dynamic_no_long_axis_v1
0X21F20E41517158AB,89,101,1310.812,693.772,0.5293,2,echonet_dynamic_no_long_axis_v1
0X21F489F4F5523D94,49,66,1335.292,760.27,0.5694,2,echonet_dynamic_no_long_axis_v1
0X21FF36E89AF42A54,89,107,1293.718,705.628,0.5454,2,echonet_dynamic_no_long_axis_v1
0X2205F4A252993508,53,72,941.378,493.399,0.5241,2,echonet_dynamic_no_long_axis_v1
0X220A95C40078BCFC,51,70,1153.628,560.056,0.4855,2,echonet_dynamic_no_long_axis_v1
0X22152A575B5662D1,52,70,1081.897,630.971,0.5832,2,echonet_dynamic_no_long_axis_v1
0X2216131AF6AC3FC7,104,120,1113.731,631.84,0.5673,2,echonet_dynamic_no_long_axis_v1
0X22164FE4DE644483,55,72,1041.141,593.164,0.5697,2,echonet_dynamic_no_long_axis_v1
0X2217DF2C04B344B9,44,62,971.482,508.486,0.5234,2,echonet_dynamic_no_long_axis_v1
0X221A17B6FD89EDA9,56,70,1490.116,1122.666,0.7534,2,echonet_dynamic_no_long_axis_v1
0X221C260D3C7960DD,90,105,1177.348,705.412,0.5992,2,echonet_dynamic_no_long_axis_v1
0X221D4FD030661C63,76,94,2399.966,1322.166,0.5509,2,echonet_dynamic_no_long_axis_v1
0X2223897D4CA9FE1,60,86,1267.406,878.964,0.6935,2,echonet_dynamic_no_long_axis_v1
0X22241B85FF21816D,152,169,1310.484,889.726,0.6789,2,echonet_dynamic_no_long_axis_v1
0X22273DBF5B7AA460,3,18,2479.263,1383.684,0.5581,2,echonet_dynamic_no_long_axis_v1
0X222A58FCB3875364,66,86,2525.448,1911.949,0.7571,2,echonet_dynamic_no_long_axis_v1
0X222D850B21C1CBBF,77,85,1246.52,644.669,0.5172,2,echonet_dynamic_no_long_axis_v1
0X2230D32DA2165960,47,64,2238.365,1280.782,0.5722,2,echonet_dynamic_no_long_axis_v1
0X223201B0F37DA3E1,77,89,1582.039,930.284,0.588,2,echonet_dynamic_no_long_axis_v1
0X22390EC6147E56F5,106,121,1408.247,743.004,0.5276,2,echonet_dynamic_no_long_axis_v1
0X223C255E3659DD3A,53,69,791.024,527.068,0.6663,2,echonet_dynamic_no_long_axis_v1
0X223CC1A7091C8635,150,165,1428.49,868.8,0.6082,2,echonet_dynamic_no_long_axis_v1
0X22449C227AD0E5AF,136,159,1478.206,767.881,0.5195,2,echonet_dynamic_no_long_axis_v1
0X2245EF882F5AED68,43,59,1106.38,673.411,0.6087,2,echonet_dynamic_no_long_axis_v1
0X2246E1E4611257EA,56,77,1070.557,565.143,0.5279,2,echonet_dynamic_no_long_axis_v1
0X224BAB7B84F593AE,39,56,1353.701,766.179,0.566,2,echonet_dynamic_no_long_axis_v1
0X224BF576A2C34B1D,63,90,2192.614,1402.839,0.6398,2,echonet_dynamic_no_long_axis_v1
0X224D087937470C14,40,50,854.82,602.923,0.7053,2,echonet_dynamic_no_long_axis_v1
0X224D7364FF5B803,57,74,1369.978,794.077,0.5796,2,echonet_dynamic_no_long_axis_v1
0X22516F1CC1E029EB,58,71,1197.2,730.468,0.6101,2,echonet_dynamic_no_long_axis_v1
0X2256C847305993D3,6,24,1438.413,940.096,0.6536,2,echonet_dynamic_no_long_axis_v1
0X225D461E61753EF7,144,164,1013.108,581.023,0.5735,2,echonet_dynamic_no_long_axis_v1
0X2265B34908346F7E,116,136,1026.578,549.636,0.5354,2,echonet_dynamic_no_long_axis_v1
0X2267236AA0B2C189,51,68,1104.522,675.913,0.612,2,echonet_dynamic_no_long_axis_v1
0X226BDFC5918616F2,60,76,953.53,519.943,0.5453,2,echonet_dynamic_no_long_axis_v1
0X226CCBEB90960018,105,122,1754.744,833.5,0.475,2,echonet_dynamic_no_long_axis_v1
0X226F346724BCAD71,133,148,1339.119,761.473,0.5686,2,echonet_dynamic_no_long_axis_v1
0X226FC5A7CCB38B74,49,65,936.415,534.176,0.5704,2,echonet_dynamic_no_long_axis_v1
0X22720172531FD8E2,118,130,789.157,444.177,0.5629,2,echonet_dynamic_no_long_axis_v1
0X227A9B835F6F73F7,125,143,1434.998,837.635,0.5837,2,echonet_dynamic_no_long_axis_v1
0X227BA4CE78376983,79,91,1381.9,786.841,0.5694,2,echonet_dynamic_no_long_axis_v1
0X228402F6221FD034,42,58,971.704,570.434,0.587,2,echonet_dynamic_no_long_axis_v1
0X228D178D820A29A2,41,57,1508.005,889.691,0.59,2,echonet_dynamic_no_long_axis_v1
0X229107A87184B05E,117,139,1944.01,1068.775,0.5498,2,echonet_dynamic_no_long_axis_v1
0X2293D93BECAE2E77,45,59,1157.788,578.666,0.4998,2,echonet_dynamic_no_long_axis_v1
0X2295D5A3C8F9AF68,71,89,2005.186,1023.786,0.5106,2,echonet_dynamic_no_long_axis_v1
0X229B538A0319227C,40,55,1251.709,737.277,0.589,2,echonet_dynamic_no_long_axis_v1
0X229F4D6D9E97CF7,80,97,1681.493,919.067,0.5466,2,echonet_dynamic_no_long_axis_v1
0X229FA19806028FBF,41,58,1151.741,583.065,0.5062,2,echonet_dynamic_no_long_axis_v1
0X22A1A8A656653343,78,90,1448.252,719.954,0.4971,2,echonet_dynamic_no_long_axis_v1
0X22A224A7045E469A,41,60,2754.102,1564.279,0.568,2,echonet_dynamic_no_long_axis_v1
0X22A4930668E3B1F4,116,136,2526.134,1284.245,0.5084,2,echonet_dynamic_no_long_axis_v1
0X22A5FF0B68B27499,75,93,1417.747,1062.506,0.7494,2,echonet_dynamic_no_long_axis_v1
0X22A6C58CDE4CB622,55,71,826.464,479.639,0.5804,2,echonet_dynamic_no_long_axis_v1
0X22A6E3420279C25,71,90,1588.03,859.142,0.541,2,echonet_dynamic_no_long_axis_v1
0X22A8C16F3DEDC047,50,65,732.203,427.681,0.5841,2,echonet_dynamic_no_long_axis_v1
0X22A9B6ECBD591065,140,153,1271.48,661.034,0.5199,2,echonet_dynamic_no_long_axis_v1
0X22ABDF6856E47639,37,53,1810.52,870.633,0.4809,2,echonet_dynamic_no_long_axis_v1
0X22AE2280530D5513,0,9,634.806,343.628,0.5413,2,echonet_dynamic_no_long_axis_v1
0X22AEF55BDD1858B1,76,95,2022.598,1061.326,0.5247,2,echonet_dynamic_no_long_axis_v1
0X22B5C22119402EFA,105,123,1215.373,657.478,0.541,2,echonet_dynamic_no_long_axis_v1
0X22B62786C6D09449,40,56,1719.016,928.407,0.5401,2,echonet_dynamic_no_long_axis_v1
0X22BD7BADB8F9E8E8,42,57,861.314,468.232,0.5436,2,echonet_dynamic_no_long_axis_v1
0X22BD87DACA8C3D21,40,56,1505.87,812.482,0.5395,2,echonet_dynamic_no_long_axis_v1
0X22BDBD4B2C8D42AC,46,62,1714.721,1194.133,0.6964,2,echonet_dynamic_no_long_axis_v1
0X22BDBF9811758CD2,32,48,1030.374,668.524,0.6488,2,echonet_dynamic_no_long_axis_v1
0X22BEF985FFBEE221,112,133,1568.342,815.126,0.5197,2,echonet_dynamic_no_long_axis_v1
0X22C104757C7FC3AA,74,81,1368.335,660.179,0.4825,2,echonet_dynamic_no_long_axis_v1
0X22C1D803B10F7071,81,97,1808.378,1498.969,0.8289,2,echonet_dynamic_no_long_axis_v1
0X22CA1F004555C1BA,135,151,767.184,451.443,0.5884,2,echonet_dynamic_no_long_axis_v1
0X22CC169C12A93C2A,53,75,2523.272,1305.375,0.5173,2,echonet_dynamic_no_long_axis_v1
0X22D0F8CEA2D21C2D,100,114,1891.067,1675.435,0.886,2,echonet_dynamic_no_long_axis_v1
0X22D1F7E6B6953628,39,54,1650.786,1102.01,0.6676,2,echonet_dynamic_no_long_axis_v1
0X22D2668EC8BB8C20,67,85,1593.89,952.202,0.5974,2,echonet_dynamic_no_long_axis_v1
0X22D7FDCF2827269E,97,112,766.322,427.695,0.5581,2,echonet_dynamic_no_long_axis_v1
0X22DB24EB0B914163,132,151,1470.748,863.862,0.5874,2,echonet_dynamic_no_long_axis_v1
0X22DC2377CAE4D754,0,18,1282.284,960.558,0.7491,2,echonet_dynamic_no_long_axis_v1
0X22DD6BCF1DE33B89,51,60,1478.799,1239.568,0.8382,2,echonet_dynamic_no_long_axis_v1
0X22E82C3D081C819C,88,105,1071.427,825.799,0.7707,2,echonet_dynamic_no_long_axis_v1
0X22E91BA7334F8292,68,98,2056.525,1224.444,0.5954,2,echonet_dynamic_no_long_axis_v1
0X22E9ABEF19984B09,69,84,1177.534,602.428,0.5116,2,echonet_dynamic_no_long_axis_v1
0X22EEBC2819EE606D,35,53,1227.735,694.488,0.5657,2,echonet_dynamic_no_long_axis_v1
0X22F116501001DB14,132,152,1907.884,1348.511,0.7068,2,echonet_dynamic_no_long_axis_v1
0X22F64BF092575F44,50,65,2114.659,1067.253,0.5047,2,echonet_dynamic_no_long_axis_v1
0X22F81F24E8B0741C,33,48,2164.287,1085.509,0.5016,2,echonet_dynamic_no_long_axis_v1
0X22FA972EE22D2F30,0,20,1039.39,623.873,0.6002,2,echonet_dynamic_no_long_axis_v1
0X22FAC36B13D3526C,2,19,1392.628,954.226,0.6852,2,echonet_dynamic_no_long_axis_v1
0X22FE585B9B3A0ECB,39,50,1344.539,1082.104,0.8048,2,echonet_dynamic_no_long_axis_v1
0X2307097BE78FA04F,32,45,2393.01,1179.263,0.4928,2,echonet_dynamic_no_long_axis_v1
0X2307127FC335FF07,52,70,1175.667,652.279,0.5548,2,echonet_dynamic_no_long_axis_v1
0X2308E2752F913346,28,41,979.723,556.442,0.568,2,echonet_dynamic_no_long_axis_v1
0X230ECEDF5353B79D,44,61,1025.682,447.786,0.4366,2,echonet_dynamic_no_long_axis_v1
0X230F00FD0DF5D71C,82,96,1158.15,579.582,0.5004,2,echonet_dynamic_no_long_axis_v1
0X23109C0554A16C8F,1,15,916.988,468.292,0.5107,2,echonet_dynamic_no_long_axis_v1
0X2311252C422D2782,94,110,2406.211,1235.986,0.5137,2,echonet_dynamic_no_long_axis_v1
0X23138B9CCE9AA1D0,110,121,912.794,514.241,0.5634,2,echonet_dynamic_no_long_axis_v1
0X23178A65C1003DE7,2,14,1445.368,755.023,0.5224,2,echonet_dynamic_no_long_axis_v1
0X231C7BD210366D86,116,135,1802.816,1200.408,0.6659,2,echonet_dynamic_no_long_axis_v1
0X232094B1E30C45E1,59,74,2065.611,1229.524,0.5952,2,echonet_dynamic_no_long_axis_v1
0X232232E2699FD6BB,114,134,1638.309,1019.068,0.622,2,echonet_dynamic_no_long_axis_v1
0X23229F0B64DC9FAE,41,53,1211.996,751.643,0.6202,2,echonet_dynamic_no_long_axis_v1
0X2324CDAF976E078E,164,187,2053.443,1205.4,0.587,2,echonet_dynamic_no_long_axis_v1
0X2324EE43744E214C,33,46,1760.793,889.936,0.5054,2,echonet_dynamic_no_long_axis_v1
0X232567AC545F3F3D,56,72,1618.085,853.434,0.5274,2,echonet_dynamic_no_long_axis_v1
0X23261A4B1EEB9DE9,79,95,1101.41,588.054,0.5339,2,echonet_dynamic_no_long_axis_v1
0X2326F92D1F6B4980,39,55,822.544,485.93,0.5908,2,echonet_dynamic_no_long_axis_v1
0X232B95105F8D700C,58,72,905.942,468.648,0.5173,2,echonet_dynamic_no_long_axis_v1
0X232D295076A40924,83,97,968.476,489.93,0.5059,2,echonet_dynamic_no_long_axis_v1
0X232DAB0AE399625D,63,81,931.002,495.083,0.5318,2,echonet_dynamic_no_long_axis_v1
0X232E3FFDB1D666B0,85,100,982.299,519.495,0.5289,2,echonet_dynamic_no_long_axis_v1
0X23316DEB7389A3CF,26,52,1630.727,1233.305,0.7563,2,echonet_dynamic_no_long_axis_v1
0X233503BE5DE4C30F,44,67,869.096,551.586,0.6347,2,echonet_dynamic_no_long_axis_v1
0X2335AA783BB18BF9,43,59,828.782,459.263,0.5541,2,echonet_dynamic_no_long_axis_v1
0X233DCAFBF90253C7,54,67,1865.634,1517.626,0.8135,2,echonet_dynamic_no_long_axis_v1
0X233E8DAD9CD641F2,103,122,1623.666,964.196,0.5938,2,echonet_dynamic_no_long_axis_v1
0X233F896CE9F42E51,100,120,1274.314,938.845,0.7367,2,echonet_dynamic_no_long_axis_v1
0X233FA49D8921EEF4,102,115,1233.11,696.276,0.5647,2,echonet_dynamic_no_long_axis_v1
0X23404EE09A063C6B,35,52,973.527,589.125,0.6051,2,echonet_dynamic_no_long_axis_v1
0X23419AB4EA378B47,4,14,1856.271,1123.802,0.6054,2,echonet_dynamic_no_long_axis_v1
0X234453BC01C1F830,55,69,1151.358,631.386,0.5484,2,echonet_dynamic_no_long_axis_v1
0X2349279AD743CF2B,53,62,1904.835,1255.142,0.6589,2,echonet_dynamic_no_long_axis_v1
0X234D7576D2E85005,123,137,1911.397,1341.371,0.7018,2,echonet_dynamic_no_long_axis_v1
0X234DDA5BD6618265,50,65,962.911,578.186,0.6005,2,echonet_dynamic_no_long_axis_v1
0X234F388F6AF6AC9C,52,69,1466.206,877.65,0.5986,2,echonet_dynamic_no_long_axis_v1
0X235318E55D1F73EC,47,62,3974.696,2283.307,0.5745,2,echonet_dynamic_no_long_axis_v1
0X23562CFC0E7E956B,107,117,1330.022,722.077,0.5429,2,echonet_dynamic_no_long_axis_v1
0X2359BC3D3CC007E,77,93,1394.791,837.925,0.6008,2,echonet_dynamic_no_long_axis_v1
0X235CC08DFD8EFC4E,45,61,1415.493,989.169,0.6988,2,echonet_dynamic_no_long_axis_v1
0X23646D0D797339F6,89,111,781.904,494.61,0.6326,2,echonet_dynamic_no_long_axis_v1
0X236567224F84C1A3,3,18,660.606,346.778,0.5249,2,echonet_dynamic_no_long_axis_v1
0X2366DB553504817A,85,103,1964.903,1188.206,0.6047,2,echonet_dynamic_no_long_axis_v1
0X2367EA1E168596C6,133,147,2178.559,1772.904,0.8138,2,echonet_dynamic_no_long_axis_v1
0X236A602C00A2312,0,15,1556.65,1291.139,0.8294,2,echonet_dynamic_no_long_axis_v1
0X237A158C025A28E5,91,104,1783.747,957.801,0.537,2,echonet_dynamic_no_long_axis_v1
0X237C76B2D575785D,103,114,1702.713,1504.478,0.8836,2,echonet_dynamic_no_long_axis_v1
0X237F8C7FF6BB577F,121,132,2248.678,1352.655,0.6015,2,echonet_dynamic_no_long_axis_v1
0X2382898F68207D7F,71,86,1021.701,569.918,0.5578,2,echonet_dynamic_no_long_axis_v1
0X23835D19C3DBFE2E,149,163,1759.864,908.088,0.516,2,echonet_dynamic_no_long_axis_v1
0X2387300342812F85,68,84,1295.821,722.937,0.5579,2,echonet_dynamic_no_long_axis_v1
0X238824F40F11736F,3,18,1276.774,741.251,0.5806,2,echonet_dynamic_no_long_axis_v1
0X238ADF5CF8E3E97,83,95,1221.68,989.404,0.8099,2,echonet_dynamic_no_long_axis_v1
0X238CEE1A57B1D64E,63,87,1433.085,895.836,0.6251,2,echonet_dynamic_no_long_axis_v1
0X238D16678F01A823,103,118,2274.733,1914.753,0.8417,2,echonet_dynamic_no_long_axis_v1
0X2392EF0E06DB21B5,42,57,884.95,667.86,0.7547,2,echonet_dynamic_no_long_axis_v1
0X239CB1C46AEDDF00,116,143,1171.323,630.916,0.5386,2,echonet_dynamic_no_long_axis_v1
0X239D1851C8D6BE09,34,41,638.228,372.759,0.5841,2,echonet_dynamic_no_long_axis_v1
0X239FC841AB0C17DD,55,75,1347.931,787.203,0.584,2,echonet_dynamic_no_long_axis_v1
0X23A08B6B1959FCC5,0,17,2352.403,1421.63,0.6043,2,echonet_dynamic_no_long_axis_v1
0X23A2F3EB82C3709B,57,76,1459.953,974.497,0.6675,2,echonet_dynamic_no_long_axis_v1
0X23AA500225C0E94E,66,82,1009.922,692.122,0.6853,2,echonet_dynamic_no_long_axis_v1
0X23AC249A5A6612D9,85,100,2112.169,1509.305,0.7146,2,echonet_dynamic_no_long_axis_v1
0X23B1641319A2AFA2,50,66,1414.787,757.93,0.5357,2,echonet_dynamic_no_long_axis_v1
0X23B883A39F37F8D9,160,176,4911.081,2323.921,0.4732,2,echonet_dynamic_no_long_axis_v1
0X23BA55335A3F3F42,47,66,894.13,442.823,0.4953,2,echonet_dynamic_no_long_axis_v1
0X23BC106BDEB75F2B,41,61,1429.132,862.162,0.6033,2,echonet_dynamic_no_long_axis_v1
0X23C1AA2F97BCD568,78,92,1232.859,732.895,0.5945,2,echonet_dynamic_no_long_axis_v1
0X23CA5B856231EF59,53,77,1223.228,619.888,0.5068,2,echonet_dynamic_no_long_axis_v1
0X23CC21A0B9FBE97,124,139,1172.205,627.784,0.5356,2,echonet_dynamic_no_long_axis_v1
0X23CC74B76656533F,53,72,1019.441,520.61,0.5107,2,echonet_dynamic_no_long_axis_v1
0X23CF63A0B3106979,4,17,1050.934,627.827,0.5974,2,echonet_dynamic_no_long_axis_v1
0X23D1957D8639581F,48,68,1283.991,991.276,0.772,2,echonet_dynamic_no_long_axis_v1
0X23D40A4C6D379CF7,88,107,1212.689,633.324,0.5222,2,echonet_dynamic_no_long_axis_v1
0X23D6C6323D56B730,99,111,1014.867,543.732,0.5358,2,echonet_dynamic_no_long_axis_v1
0X23D7360CB2EF9A53,43,61,1155.044,813.84,0.7046,2,echonet_dynamic_no_long_axis_v1
0X23DF57D03E5E2F9B,31,44,934.81,463.494,0.4958,2,echonet_dynamic_no_long_axis_v1
0X23DFED26C5A53775,69,80,1290.217,729.348,0.5653,2,echonet_dynamic_no_long_axis_v1
0X23E4915490598D1F,95,114,1162.125,659.091,0.5671,2,echonet_dynamic_no_long_axis_v1
0X23E619A8A8C3736C,29,59,1704.738,1135.088,0.6658,2,echonet_dynamic_no_long_axis_v1
0X23E63ABC87C2E515,37,53,2046.351,1071.012,0.5234,2,echonet_dynamic_no_long_axis_v1
0X23E98D02C1B728A0,41,59,1194.82,793.459,0.6641,2,echonet_dynamic_no_long_axis_v1
0X23EB7A832C5D533D,85,104,1910.822,1064.792,0.5572,2,echonet_dynamic_no_long_axis_v1
0X23EBAF193699CC69,132,151,2735.141,1592.986,0.5824,2,echonet_dynamic_no_long_axis_v1
0X23F29235EC216628,85,106,1576.221,1091.053,0.6922,2,echonet_dynamic_no_long_axis_v1
0X23F4B52E8588E2AD,191,212,1405.689,839.722,0.5974,2,echonet_dynamic_no_long_axis_v1
0X23F7E889AEC65CC6,55,71,1806.723,967.141,0.5353,2,echonet_dynamic_no_long_axis_v1
0X23F8FB36ACE98145,3,18,998.08,614.033,0.6152,2,echonet_dynamic_no_long_axis_v1
0X23FAB252614B31A,110,128,993.298,519.04,0.5225,2,echonet_dynamic_no_long_axis_v1
0X23FCF45E798060D0,148,187,2477.937,1465.116,0.5913,2,echonet_dynamic_no_long_axis_v1
0X240DC6905435E17B,38,55,1151.621,752.028,0.653,2,echonet_dynamic_no_long_axis_v1
0X240E0BC8345AB153,54,73,2045.866,1097.002,0.5362,2,echonet_dynamic_no_long_axis_v1
0X241057582EE5420E,55,64,1649.023,771.986,0.4681,2,echonet_dynamic_no_long_axis_v1
0X2411B3C3F8748A26,91,110,1082.276,562.609,0.5198,2,echonet_dynamic_no_long_axis_v1
0X2414B3661FDBF9C3,43,61,1218.408,624.96,0.5129,2,echonet_dynamic_no_long_axis_v1
0X241E08BD87DD9251,99,113,1275.191,645.423,0.5061,2,echonet_dynamic_no_long_axis_v1
0X241F39470B521282,53,68,1261.862,722.759,0.5728,2,echonet_dynamic_no_long_axis_v1
0X2427A56346ED7F61,116,134,1432.533,1033.309,0.7213,2,echonet_dynamic_no_long_axis_v1
0X242B658934E3E2AE,93,110,1169.783,718.027,0.6138,2,echonet_dynamic_no_long_axis_v1
0X242CB7F150E2C5AA,60,76,778.088,454.682,0.5844,2,echonet_dynamic_no_long_axis_v1
0X2430FD0356057728,104,125,2546.823,1701.821,0.6682,2,echonet_dynamic_no_long_axis_v1
0X2432016D32614048,72,85,738.997,298.329,0.4037,2,echonet_dynamic_no_long_axis_v1
0X24337F79C53AD299,77,96,960.523,615.433,0.6407,2,echonet_dynamic_no_long_axis_v1
0X24346E6B95219B70,118,132,1755.209,923.038,0.5259,2,echonet_dynamic_no_long_axis_v1
0X24362254069DD61B,63,79,477.67,240.19,0.5028,2,echonet_dynamic_no_long_axis_v1
0X2439B4EB7F068E2A,75,90,1189.661,727.727,0.6117,2,echonet_dynamic_no_long_axis_v1
0X2439D556A91476D3,52,69,1321.756,724.177,0.5479,2,echonet_dynamic_no_long_axis_v1
0X243C32CAE420170B,91,107,2388.566,1875.677,0.7853,2,echonet_dynamic_no_long_axis_v1
0X243FDE8AE0A05B6F,98,113,2043.936,1646.932,0.8058,2,echonet_dynamic_no_long_axis_v1
0X24429BE93EA20EA0,4,16,1024.94,550.238,0.5368,2,echonet_dynamic_no_long_axis_v1
0X2445E24972D9082C,2,18,1617.053,769.908,0.4761,2,echonet_dynamic_no_long_axis_v1
0X244B43804C53EDB1,80,99,1787.073,986.317,0.5519,2,echonet_dynamic_no_long_axis_v1
0X244C21A1DE9C2E9B,2,18,1168.293,581.711,0.4979,2,echonet_dynamic_no_long_axis_v1
0X244C8BF642C90DA7,185,205,1717.605,906.071,0.5275,2,echonet_dynamic_no_long_axis_v1
0X244CAB3550320216,191,209,1853.91,956.235,0.5158,2,echonet_dynamic_no_long_axis_v1
0X244FC0ACE784DDF8,84,101,951.729,482.335,0.5068,2,echonet_dynamic_no_long_axis_v1
0X245274A42C2D825,131,144,1083.772,537.722,0.4962,2,echonet_dynamic_no_long_axis_v1
0X24543F8B04D98E65,123,135,1069.022,735.036,0.6876,2,echonet_dynamic_no_long_axis_v1
0X245BB0CA4EA502B6,46,63,862.183,481.597,0.5586,2,echonet_dynamic_no_long_axis_v1
0X24609A701DBC258E,48,63,1896.79,1164.531,0.6139,2,echonet_dynamic_no_long_axis_v1
0X2461DF4B5870DBC4,38,50,1305.734,1106.049,0.8471,2,echonet_dynamic_no_long_axis_v1
0X24669F82F91D85C9,33,48,969.703,542.604,0.5596,2,echonet_dynamic_no_long_axis_v1
0X246B8C7FCA4D818D,37,50,995.998,621.728,0.6242,2,echonet_dynamic_no_long_axis_v1
0X246D33ADC0084497,55,70,1230.324,650.617,0.5288,2,echonet_dynamic_no_long_axis_v1
0X246D58B781EFA3A2,55,71,839.721,459.298,0.547,2,echonet_dynamic_no_long_axis_v1
0X24708E2D3F05391F,133,149,1169.29,629.823,0.5386,2,echonet_dynamic_no_long_axis_v1
0X2478857A75A6F4E7,56,73,948.652,512.178,0.5399,2,echonet_dynamic_no_long_axis_v1
0X247B5634CCC3377C,60,79,907.379,547.421,0.6033,2,echonet_dynamic_no_long_axis_v1
0X247FC8D31B4E44B7,61,81,1375.106,752.814,0.5475,2,echonet_dynamic_no_long_axis_v1
0X248229014E7A20A9,35,53,2243.193,1262.775,0.5629,2,echonet_dynamic_no_long_axis_v1
0X2485A9135A333814,57,78,1587.492,921.083,0.5802,2,echonet_dynamic_no_long_axis_v1
0X24889AD4250280C9,146,162,2662.56,2301.887,0.8645,2,echonet_dynamic_no_long_axis_v1
0X2489A40319D6990E,92,110,863.648,537.88,0.6228,2,echonet_dynamic_no_long_axis_v1
0X2490B0F4C6B72FD2,73,82,2537.962,1218.095,0.48,2,echonet_dynamic_no_long_axis_v1
0X2492BC93BE9264ED,40,51,1609.286,829.959,0.5157,2,echonet_dynamic_no_long_axis_v1
0X249901C1E8BF28AA,106,120,1464.196,762.21,0.5206,2,echonet_dynamic_no_long_axis_v1
0X2499AD2830EAF683,45,57,1370.804,695.343,0.5073,2,echonet_dynamic_no_long_axis_v1
0X249FE2498B57B632,106,117,1103.46,639.805,0.5798,2,echonet_dynamic_no_long_axis_v1
0X24A8A07492EDC214,53,72,1443.962,804.383,0.5571,2,echonet_dynamic_no_long_axis_v1
0X24ADF09C5E5972E0,32,41,962.513,649.441,0.6747,2,echonet_dynamic_no_long_axis_v1
0X24B3D97148F6484B,83,99,1280.371,725.905,0.5669,2,echonet_dynamic_no_long_axis_v1
0X24B3DECAE59D63C9,54,69,1170.35,704.917,0.6023,2,echonet_dynamic_no_long_axis_v1
0X24BC1D83B332BEB6,67,82,882.996,494.286,0.5598,2,echonet_dynamic_no_long_axis_v1
0X24BE53A4193FF10D,154,172,891.658,456.087,0.5115,2,echonet_dynamic_no_long_axis_v1
0X24C05ADF764D0216,101,116,1007.995,638.117,0.6331,2,echonet_dynamic_no_long_axis_v1
0X24C20970C045D12E,49,66,1172.349,632.085,0.5392,2,echonet_dynamic_no_long_axis_v1
0X24C59DA367132337,25,39,1092.356,1005.656,0.9206,2,echonet_dynamic_no_long_axis_v1
0X24C8EA32354AEA68,76,88,2829.375,1550.483,0.548,2,echonet_dynamic_no_long_axis_v1
0X24C9CCB070DF24A2,48,66,1012.763,665.311,0.6569,2,echonet_dynamic_no_long_axis_v1
0X24D4438DC51DFA0E,71,85,834.972,567.37,0.6795,2,echonet_dynamic_no_long_axis_v1
0X24DB1B4036794813,73,88,1853.718,936.651,0.5053,2,echonet_dynamic_no_long_axis_v1
0X24DB845BE8C32224,44,57,1490.618,920.439,0.6175,2,echonet_dynamic_no_long_axis_v1
0X24DBD52BC75C4180,4,19,1148.59,727.151,0.6331,2,echonet_dynamic_no_long_axis_v1
0X24DCAB4C07F1AD8D,55,68,896.012,612.886,0.684,2,echonet_dynamic_no_long_axis_v1
0X24DDDEF00414EBC9,28,47,1272.532,720.881,0.5665,2,echonet_dynamic_no_long_axis_v1
0X24DEA0FED8614873,107,140,1915.496,1631.853,0.8519,2,echonet_dynamic_no_long_axis_v1
0X24DFAB969E9BD3E0,107,128,2406.462,1269.188,0.5274,2,echonet_dynamic_no_long_axis_v1
0X24DFC8851585B0DD,77,91,1944.117,1236.033,0.6358,2,echonet_dynamic_no_long_axis_v1
0X24E187AB50EC7783,19,31,2453.836,1054.603,0.4298,2,echonet_dynamic_no_long_axis_v1
0X24E87BD3601FCACD,2,17,2151.384,1387.813,0.6451,2,echonet_dynamic_no_long_axis_v1
0X24EA617BDDDE90F7,73,90,1520.625,1216.446,0.8,2,echonet_dynamic_no_long_axis_v1
0X24EE7C86ABF22F86,90,106,1933.285,1189.189,0.6151,2,echonet_dynamic_no_long_axis_v1
0X24EFBC61D076595F,90,104,1974.824,1363.072,0.6902,2,echonet_dynamic_no_long_axis_v1
0X24F61C272DE6EE2C,90,101,1097.879,722.389,0.658,2,echonet_dynamic_no_long_axis_v1
0X24FD10BD50809882,75,93,1705.413,943.688,0.5533,2,echonet_dynamic_no_long_axis_v1
0X24FE367014EDA4DD,57,79,1271.265,756.855,0.5954,2,echonet_dynamic_no_long_axis_v1
0X24FEF7D294B35A5B,45,59,2177.397,1189.005,0.5461,2,echonet_dynamic_no_long_axis_v1
0X250244FCEBCBC052,108,115,822.314,506.667,0.6161,2,echonet_dynamic_no_long_axis_v1
0X2505AECEA36CF52,78,93,885.585,497.63,0.5619,2,echonet_dynamic_no_long_axis_v1
0X25067F9AEA265A46,49,60,1110.492,631.969,0.5691,2,echonet_dynamic_no_long_axis_v1
0X2507255D8DC30B4E,0,100,1403.406,1224.582,0.8726,2,echonet_dynamic_no_long_axis_v1
0X250C2239FCD3BC30,138,157,2542.841,1320.092,0.5191,2,echonet_dynamic_no_long_axis_v1
0X250C34BB262848FB,50,66,1022.805,486.241,0.4754,2,echonet_dynamic_no_long_axis_v1
0X25153E9120D31CC8,70,84,3777.485,2207.513,0.5844,2,echonet_dynamic_no_long_axis_v1
0X25167816F5C51BF9,105,119,1185.875,746.504,0.6295,2,echonet_dynamic_no_long_axis_v1
0X2516D09AA3CCE8BD,80,100,1365.297,1114.052,0.816,2,echonet_dynamic_no_long_axis_v1
0X25189F2E27A7255B,112,134,1342.292,736.4,0.5486,2,echonet_dynamic_no_long_axis_v1
0X251EDDF07FB24ACF,43,62,1204.909,698.188,0.5795,2,echonet_dynamic_no_long_axis_v1
0X251F4272F05D83ED,37,50,1130.636,612.901,0.5421,2,echonet_dynamic_no_long_axis_v1
0X252021CE18C83D44,42,57,1210.299,862.74,0.7128,2,echonet_dynamic_no_long_axis_v1
0X25207D09933DFD43,51,68,943.515,490.971,0.5204,2,echonet_dynamic_no_long_axis_v1
0X2520973CB1749031,40,57,3052.32,1567.303,0.5135,2,echonet_dynamic_no_long_axis_v1
0X252C6960C9AF4343,52,71,1044.788,543.049,0.5198,2,echonet_dynamic_no_long_axis_v1
0X252E1DC0C5961D6C,42,53,1441.227,914.93,0.6348,2,echonet_dynamic_no_long_axis_v1
0X25300D8E61A12BC1,50,68,1130.123,771.343,0.6825,2,echonet_dynamic_no_long_axis_v1
0X2532193930C4999E,53,71,2102.128,1187.673,0.565,2,echonet_dynamic_no_long_axis_v1
0X253BCEAF26478E57,0,15,1198.46,1004.013,0.8378,2,echonet_dynamic_no_long_axis_v1
0X253C4E380393A2D2,52,63,1500.743,935.121,0.6231,2,echonet_dynamic_no_long_axis_v1
0X253C90A225AEF537,99,116,1509.638,802.005,0.5313,2,echonet_dynamic_no_long_axis_v1
0X2540790A197DB384,75,100,1562.535,794.41,0.5084,2,echonet_dynamic_no_long_axis_v1
0X2542AA1A14E87A14,97,116,1959.49,1031.698,0.5265,2,echonet_dynamic_no_long_axis_v1
0X2544717E45506688,101,117,1472.485,908.81,0.6172,2,echonet_dynamic_no_long_axis_v1
0X2546A823617AE567,42,57,915.278,498.703,0.5449,2,echonet_dynamic_no_long_axis_v1
0X2549CEDB5C42998D,81,98,2006.986,1397.586,0.6964,2,echonet_dynamic_no_long_axis_v1
0X254ABDAB4EA3EDF1,2,15,1604.436,716.388,0.4465,2,echonet_dynamic_no_long_axis_v1
0X254E038B4BBEA091,64,77,2069.078,1015.605,0.4908,2,echonet_dynamic_no_long_axis_v1
0X254E359564F8F57B,84,96,1135.039,633.489,0.5581,2,echonet_dynamic_no_long_axis_v1
0X254EAC7CF9705B92,49,64,879.017,520.514,0.5922,2,echonet_dynamic_no_long_axis_v1
0X25522AD7521D4273,112,127,1287.553,879.926,0.6834,2,echonet_dynamic_no_long_axis_v1
0X2553AFE4965ECA1E,51,70,1198.775,626.311,0.5225,2,echonet_dynamic_no_long_axis_v1
0X25553AEB1C8D0B7D,61,84,1490.123,872.283,0.5854,2,echonet_dynamic_no_long_axis_v1
0X2558A02B9C207AB7,36,53,1119.47,668.258,0.5969,2,echonet_dynamic_no_long_axis_v1
0X255B6F7F23189FC3,86,105,1510.309,816.929,0.5409,2,echonet_dynamic_no_long_axis_v1
0X255CF282AD77EF,57,66,1077.328,622.508,0.5778,2,echonet_dynamic_no_long_axis_v1
0X255D1BAE852D2D09,37,53,1132.501,616.935,0.5448,2,echonet_dynamic_no_long_axis_v1
0X256237754531D2A2,3,16,1106.361,647.881,0.5856,2,echonet_dynamic_no_long_axis_v1
0X25624BE57690EB19,53,69,1151.839,636.163,0.5523,2,echonet_dynamic_no_long_axis_v1
0X2564F370E5D14459,53,69,1308.284,701.141,0.5359,2,echonet_dynamic_no_long_axis_v1
0X25651736878239CE,61,78,1096.963,585.85,0.5341,2,echonet_dynamic_no_long_axis_v1
0X2566A541FE945277,45,63,849.289,507.618,0.5977,2,echonet_dynamic_no_long_axis_v1
0X25698E5F54BE0698,3,16,1644.111,824.487,0.5015,2,echonet_dynamic_no_long_axis_v1
0X256A9030D9AB77FD,5,17,1224.092,757.41,0.6188,2,echonet_dynamic_no_long_axis_v1
0X256B5ADEF784F5FA,104,119,1585.887,788.849,0.4974,2,echonet_dynamic_no_long_axis_v1
0X256B964D43ED2F4C,49,66,2124.858,1568.7,0.7383,2,echonet_dynamic_no_long_axis_v1
0X257DBA22CD382E13,49,65,1258.337,643.803,0.5116,2,echonet_dynamic_no_long_axis_v1
0X257E206A79A1586C,81,100,988.481,514.468,0.5205,2,echonet_dynamic_no_long_axis_v1
0X257EF0B5775B242F,44,60,1369.507,1118.157,0.8165,2,echonet_dynamic_no_long_axis_v1
0X2584F54C17C798FF,78,90,506.415,336.248,0.664,2,echonet_dynamic_no_long_axis_v1
0X258CC502191AF4EC,36,51,1186.27,607.828,0.5124,2,echonet_dynamic_no_long_axis_v1
0X25907540CCAE26A4,71,88,1308.431,754.243,0.5764,2,echonet_dynamic_no_long_axis_v1
0X259464E770C6A619,68,80,1270.39,1123.22,0.8842,2,echonet_dynamic_no_long_axis_v1
0X25964FF07BC01F9F,42,63,1902.073,1194.693,0.6281,2,echonet_dynamic_no_long_axis_v1
0X2596A4518C3B0F1D,128,146,1530.249,842.194,0.5504,2,echonet_dynamic_no_long_axis_v1
0X2596D75079E57033,113,128,1863.173,1065.303,0.5718,2,echonet_dynamic_no_long_axis_v1
0X259876A5AE3180F9,54,71,1482.279,819.305,0.5527,2,echonet_dynamic_no_long_axis_v1
0X259BD7856D76C702,41,57,1751.567,873.156,0.4985,2,echonet_dynamic_no_long_axis_v1
0X259C94B50AFAD96B,65,76,1025.552,770.722,0.7515,2,echonet_dynamic_no_long_axis_v1
0X259CB75B5D7E779C,153,173,1021.012,663.005,0.6494,2,echonet_dynamic_no_long_axis_v1
0X259CBD1FA6358DC,51,70,1729.751,1005.498,0.5813,2,echonet_dynamic_no_long_axis_v1
0X259D527FD2BEAECD,33,51,1874.444,1544.266,0.8239,2,echonet_dynamic_no_long_axis_v1
0X25A6935E6A8C35CD,51,70,885.481,537.022,0.6065,2,echonet_dynamic_no_long_axis_v1
0X25A6EA066D812683,40,60,1447.149,1096.899,0.758,2,echonet_dynamic_no_long_axis_v1
0X25A7456549F3C925,46,65,1071.345,593.621,0.5541,2,echonet_dynamic_no_long_axis_v1
0X25A8434F6D4F2256,158,181,1483.858,766.372,0.5165,2,echonet_dynamic_no_long_axis_v1
0X25B0A5E678CC4D13,92,108,1378.252,759.425,0.551,2,echonet_dynamic_no_long_axis_v1
0X25B9B8065140E94A,102,120,1120.397,842.576,0.752,2,echonet_dynamic_no_long_axis_v1
0X25BD4EC399A57695,0,14,1033.241,368.956,0.3571,2,echonet_dynamic_no_long_axis_v1
0X25BF7A8880B7E925,66,81,854.442,675.873,0.791,2,echonet_dynamic_no_long_axis_v1
0X25C020CCF59979A4,52,71,2054.207,1167.632,0.5684,2,echonet_dynamic_no_long_axis_v1
0X25C4CF4384EAA0FA,87,103,1668.692,865.193,0.5185,2,echonet_dynamic_no_long_axis_v1
0X25C5D78648D39291,1,20,2161.311,1200.664,0.5555,2,echonet_dynamic_no_long_axis_v1
0X25CB97C76159F8E9,96,113,1297.267,894.301,0.6894,2,echonet_dynamic_no_long_axis_v1
0X25D144CE38BAC3B5,86,106,1298.542,747.77,0.5759,2,echonet_dynamic_no_long_axis_v1
0X25D1BFBDD75BFAAE,106,120,953.852,478.752,0.5019,2,echonet_dynamic_no_long_axis_v1
0X25D22CAAFC2F06F2,56,73,2103.467,1373.402,0.6529,2,echonet_dynamic_no_long_axis_v1
0X25D27D50A4C85F88,159,173,1398.033,763.545,0.5462,2,echonet_dynamic_no_long_axis_v1
0X25D3F22462D32922,47,63,1008.387,524.571,0.5202,2,echonet_dynamic_no_long_axis_v1
0X25D630E0245B8D8,30,43,958.65,430.702,0.4493,2,echonet_dynamic_no_long_axis_v1
0X25D970C75A57B3F2,0,16,1007.071,670.682,0.666,2,echonet_dynamic_no_long_axis_v1
0X25DD6BFF7103EB50,53,71,1371.347,770.206,0.5616,2,echonet_dynamic_no_long_axis_v1
0X25E1A2FEB38D5C1A,44,65,1110.323,647.167,0.5829,2,echonet_dynamic_no_long_axis_v1
0X25E3D9E8E02E9F8C,44,60,1630.331,960.253,0.589,2,echonet_dynamic_no_long_axis_v1
0X25E51194DDD25625,96,107,1891.263,1103.998,0.5837,2,echonet_dynamic_no_long_axis_v1
0X25E65648D14CF132,162,182,2037.056,1261.195,0.6191,2,echonet_dynamic_no_long_axis_v1
0X25EA04C3BB5BD73A,126,138,829.781,481.547,0.5803,2,echonet_dynamic_no_long_axis_v1
0X25F3ABD0BC56E0FC,109,125,1777.503,991.518,0.5578,2,echonet_dynamic_no_long_axis_v1
0X25FDAC4206518E5D,64,84,2560.82,1339.051,0.5229,2,echonet_dynamic_no_long_axis_v1
0X260124F79F295A76,62,79,2558.045,1450.926,0.5672,2,echonet_dynamic_no_long_axis_v1
0X260767549892A590,0,14,1409.28,1100.557,0.7809,2,echonet_dynamic_no_long_axis_v1
0X260789ADF320D4F8,2,23,1700.273,1034.796,0.6086,2,echonet_dynamic_no_long_axis_v1
0X2608D27FDE98149F,38,55,1219.592,737.115,0.6044,2,echonet_dynamic_no_long_axis_v1
0X260C36268AE552EB,111,123,1388.906,726.413,0.523,2,echonet_dynamic_no_long_axis_v1
0X260C383010AEF14B,91,108,2469.504,1806.436,0.7315,2,echonet_dynamic_no_long_axis_v1
0X260D4D63B7684BDD,75,90,1341.891,1127.058,0.8399,2,echonet_dynamic_no_long_axis_v1
0X2617EE50F758E3C5,45,61,1415.566,1128.774,0.7974,2,echonet_dynamic_no_long_axis_v1
0X26206D5594CF7FB2,71,84,1831.593,1473.007,0.8042,2,echonet_dynamic_no_long_axis_v1
0X2620ED756670917C,49,64,1641.206,829.665,0.5055,2,echonet_dynamic_no_long_axis_v1
0X26253C5173D9E765,59,75,1480.647,823.821,0.5564,2,echonet_dynamic_no_long_axis_v1
0X262735F84D104CDD,63,80,1875.772,1088.095,0.5801,2,echonet_dynamic_no_long_axis_v1
0X262D48995AF25D8D,46,62,2048.566,1030.75,0.5032,2,echonet_dynamic_no_long_axis_v1
0X262EA10B2898736E,56,65,1402.236,900.421,0.6421,2,echonet_dynamic_no_long_axis_v1
0X2630F7B1E8035F5B,102,117,1350.725,1095.569,0.8111,2,echonet_dynamic_no_long_axis_v1
0X2635B9BFE175C8E4,45,66,1174.317,682.099,0.5808,2,echonet_dynamic_no_long_axis_v1
0X263A95AED78DF1B2,0,20,1335.507,684.012,0.5122,2,echonet_dynamic_no_long_axis_v1
0X263BDA8DEDBBDBAA,55,73,1316.437,811.609,0.6165,2,echonet_dynamic_no_long_axis_v1
0X263C6A56C2FAA248,37,54,874.44,412.44,0.4717,2,echonet_dynamic_no_long_axis_v1
0X2641B2DB74DE3FF1,24,35,1144.252,639.144,0.5586,2,echonet_dynamic_no_long_axis_v1
0X26444E1ACD4FE90F,55,69,1119.277,646.592,0.5777,2,echonet_dynamic_no_long_axis_v1
0X2649959DDB6CA52B,46,58,1077.385,568.746,0.5279,2,echonet_dynamic_no_long_axis_v1
0X264B6A93D7EE624A,3,23,1707.579,1186.33,0.6947,2,echonet_dynamic_no_long_axis_v1
0X264C65C2ABBD368,73,91,1470.207,822.859,0.5597,2,echonet_dynamic_no_long_axis_v1
0X264CFB8943A84B48,30,42,1017.623,588.634,0.5784,2,echonet_dynamic_no_long_axis_v1
0X264FE9E65AF38F05,5,31,1624.005,1018.142,0.6269,2,echonet_dynamic_no_long_axis_v1
0X2651CD8338B30EB,107,123,1087.533,669.024,0.6152,2,echonet_dynamic_no_long_axis_v1
0X26549E8D48ABC8DC,55,68,1039.53,672.064,0.6465,2,echonet_dynamic_no_long_axis_v1
0X2654E4234D69980A,58,74,1166.804,658.379,0.5643,2,echonet_dynamic_no_long_axis_v1
0X265A95FC3A21FE5,48,65,1389.599,885.063,0.6369,2,echonet_dynamic_no_long_axis_v1
0X265D6BCE92090FFC,59,81,1112.106,668.008,0.6007,2,echonet_dynamic_no_long_axis_v1
0X265F7C106F4A0B62,36,53,1996.89,1269.226,0.6356,2,echonet_dynamic_no_long_axis_v1
0X2660492955910B85,38,53,1356.206,975.22,0.7191,2,echonet_dynamic_no_long_axis_v1
0X26626AAEFAAEEC0,0,13,1371.859,700.216,0.5104,2,echonet_dynamic_no_long_axis_v1
0X26635CBAB84870AA,127,143,1041.574,542.775,0.5211,2,echonet_dynamic_no_long_axis_v1
0X2665FA8EF7EEDA20,86,102,1502.581,845.332,0.5626,2,echonet_dynamic_no_long_axis_v1
0X266AD7E3C2CC1BE,46,60,1151.724,618.911,0.5374,2,echonet_dynamic_no_long_axis_v1
0X266D751D516B1711,163,184,2332.755,1338.359,0.5737,2,echonet_dynamic_no_long_axis_v1
0X267065C982C08D41,89,109,1617.512,918.134,0.5676,2,echonet_dynamic_no_long_axis_v1
0X2670CCCA311E7C7D,92,108,2473.013,1375.217,0.5561,2,echonet_dynamic_no_long_axis_v1
0X2671B367BF1DBB8B,105,126,1377.35,741.798,0.5386,2,echonet_dynamic_no_long_axis_v1
0X26760E1AE0AA7123,42,57,1001.241,575.999,0.5753,2,echonet_dynamic_no_long_axis_v1
0X2676C392F6C80EBD,4,16,1636.945,982.931,0.6005,2,echonet_dynamic_no_long_axis_v1
0X267B31C01341EDBA,46,65,1791.456,1150.491,0.6422,2,echonet_dynamic_no_long_axis_v1
0X267E2148259DAA74,53,67,698.433,371.341,0.5317,2,echonet_dynamic_no_long_axis_v1
0X267E5D3B36A34A6C,31,49,1610.387,967.443,0.6008,2,echonet_dynamic_no_long_axis_v1
0X26804C474CA9671C,31,41,1654.073,958.948,0.5797,2,echonet_dynamic_no_long_axis_v1
0X268D722E60E6E7EC,87,102,2377.465,1355.11,0.57,2,echonet_dynamic_no_long_axis_v1
0X26902A58F384934F,2,16,646.172,333.725,0.5165,2,echonet_dynamic_no_long_axis_v1
0X2694F675274D5ED6,57,75,1114.594,639.66,0.5739,2,echonet_dynamic_no_long_axis_v1
0X2698E0A4C8C7777C,79,96,1331.245,749.96,0.5634,2,echonet_dynamic_no_long_axis_v1
0X269BDCE2A6A294AB,55,69,1309.1,803.964,0.6141,2,echonet_dynamic_no_long_axis_v1
0X26A12BDA55DE0DDE,75,90,1548.697,1222.0,0.7891,2,echonet_dynamic_no_long_axis_v1
0X26A8F239F3777D92,35,52,1490.616,1282.109,0.8601,2,echonet_dynamic_no_long_axis_v1
0X26A955191AA5D386,119,137,820.087,431.605,0.5263,2,echonet_dynamic_no_long_axis_v1
0X26ABE39755AB6CA8,49,62,932.188,526.168,0.5644,2,echonet_dynamic_no_long_axis_v1
0X26AC778A988D76C1,69,87,1421.467,756.673,0.5323,2,echonet_dynamic_no_long_axis_v1
0X26ACBFDFA9C147C6,36,49,1052.277,530.02,0.5037,2,echonet_dynamic_no_long_axis_v1
0X26B10F18D3BA321B,1,20,1253.863,663.738,0.5294,2,echonet_dynamic_no_long_axis_v1
0X26B209C0083A4AD5,41,56,1629.822,1106.836,0.6791,2,echonet_dynamic_no_long_axis_v1
0X26B4D2AD6ECD2F2,45,65,1364.351,880.249,0.6452,2,echonet_dynamic_no_long_axis_v1
0X26B75629377907FA,92,105,1642.535,1364.68,0.8308,2,echonet_dynamic_no_long_axis_v1
0X26BCB772A8DD9BEC,38,55,2226.561,1410.163,0.6333,2,echonet_dynamic_no_long_axis_v1
0X26C216A513F3EE72,48,61,583.35,339.897,0.5827,2,echonet_dynamic_no_long_axis_v1
0X26C6F8397D6EC0,120,133,1657.6,918.642,0.5542,2,echonet_dynamic_no_long_axis_v1
0X26C7FACA5C9DFA73,68,82,887.556,633.127,0.7133,2,echonet_dynamic_no_long_axis_v1
0X26C9C9504E3472BC,46,60,1370.363,941.026,0.6867,2,echonet_dynamic_no_long_axis_v1
0X26CCB26A138F5904,42,65,1846.825,982.637,0.5321,2,echonet_dynamic_no_long_axis_v1
0X26CCD2B933FE44D1,100,115,988.45,601.882,0.6089,2,echonet_dynamic_no_long_axis_v1
0X26CD1BC6C11A3861,42,58,761.988,398.078,0.5224,2,echonet_dynamic_no_long_axis_v1
0X26CF0F0BCD885F65,4,23,1874.196,1078.726,0.5756,2,echonet_dynamic_no_long_axis_v1
0X26DC58E11003BCA1,83,97,1575.905,943.503,0.5987,2,echonet_dynamic_no_long_axis_v1
0X26DCA2BE77293D2D,55,66,969.79,685.078,0.7064,2,echonet_dynamic_no_long_axis_v1
0X26DCCCBC2614214,45,61,1664.501,1021.397,0.6136,2,echonet_dynamic_no_long_axis_v1
0X26DD260B02C5900C,42,53,1230.334,598.804,0.4867,2,echonet_dynamic_no_long_axis_v1
0X26DDEAE1C3A6A05,100,110,1191.066,635.767,0.5338,2,echonet_dynamic_no_long_axis_v1
0X26E20CDE56AEEAF3,4,20,1620.131,871.773,0.5381,2,echonet_dynamic_no_long_axis_v1
0X26E2492AD4BD86A9,46,60,1524.581,790.892,0.5188,2,echonet_dynamic_no_long_axis_v1
0X26E286395968E8C2,34,47,1137.727,570.017,0.501,2,echonet_dynamic_no_long_axis_v1
0X26E3E2CF4D4EC82B,81,100,1928.178,1224.004,0.6348,2,echonet_dynamic_no_long_axis_v1
0X26E6C7FBCBD4AB54,1,21,1506.446,826.905,0.5489,2,echonet_dynamic_no_long_axis_v1
0X26EA0A49954B4816,51,66,1402.516,805.718,0.5745,2,echonet_dynamic_no_long_axis_v1
0X26EB82C1481E10E7,35,49,1036.68,570.546,0.5504,2,echonet_dynamic_no_long_axis_v1
0X26EBEDBF286CD649,97,113,718.288,425.053,0.5918,2,echonet_dynamic_no_long_axis_v1
0X26F143D493EF7B90,145,157,1286.615,785.44,0.6105,2,echonet_dynamic_no_long_axis_v1
0X26F4ACC4D1DE761E,110,130,763.484,563.436,0.738,2,echonet_dynamic_no_long_axis_v1
0X2704E5FD2037088E,34,47,1066.753,621.712,0.5828,2,echonet_dynamic_no_long_axis_v1
0X27077CF4CF371370,200,235,2405.631,1233.02,0.5126,2,echonet_dynamic_no_long_axis_v1
0X2709CA13E0E58743,76,93,2275.991,1148.287,0.5045,2,echonet_dynamic_no_long_axis_v1
0X270BF3E8EC3136C9,58,86,1345.264,762.286,0.5666,2,echonet_dynamic_no_long_axis_v1
0X27135E2E874381AA,103,119,1663.456,885.484,0.5323,2,echonet_dynamic_no_long_axis_v1
0X271545171DA5B5F5,66,88,1112.96,645.903,0.5803,2,echonet_dynamic_no_long_axis_v1
0X27187ECFBEB82A72,69,91,684.698,329.469,0.4812,2,echonet_dynamic_no_long_axis_v1
0X271A48B44C62AFDA,0,13,1971.468,1236.332,0.6271,2,echonet_dynamic_no_long_axis_v1
0X271C112B61F00E3A,114,129,2338.987,1245.132,0.5323,2,echonet_dynamic_no_long_axis_v1
0X271C3AE602E3785C,54,73,2262.296,1413.577,0.6248,2,echonet_dynamic_no_long_axis_v1
0X272447C91729F139,41,56,1066.487,691.874,0.6487,2,echonet_dynamic_no_long_axis_v1
0X27250C8B6DF1D971,39,60,672.798,256.744,0.3816,2,echonet_dynamic_no_long_axis_v1
0X2728207F531EE47D,40,53,1516.495,769.994,0.5077,2,echonet_dynamic_no_long_axis_v1
0X272940207C572D60,57,77,1011.644,761.263,0.7525,2,echonet_dynamic_no_long_axis_v1
0X272A1770B9F8E6A0,81,99,1464.175,1270.936,0.868,2,echonet_dynamic_no_long_axis_v1
0X272CBEA136AB2FC5,44,59,2351.006,1407.664,0.5987,2,echonet_dynamic_no_long_axis_v1
0X272D953C352803EA,53,73,1386.664,1144.455,0.8253,2,echonet_dynamic_no_long_axis_v1
0X27350E8706E23F95,132,151,1509.064,998.282,0.6615,2,echonet_dynamic_no_long_axis_v1
0X2736D654E5082786,0,18,1099.422,504.197,0.4586,2,echonet_dynamic_no_long_axis_v1
0X273A6EE131B06F89,35,54,1202.681,613.828,0.5104,2,echonet_dynamic_no_long_axis_v1
0X273A8DAD815E005C,91,106,1624.386,1114.894,0.6863,2,echonet_dynamic_no_long_axis_v1
0X273E4A9DF1C9DAC9,52,70,790.61,414.711,0.5245,2,echonet_dynamic_no_long_axis_v1
0X274474F672CA7CCA,0,15,1742.787,1100.004,0.6312,2,echonet_dynamic_no_long_axis_v1
0X2749DB8810BA40F9,43,57,1214.425,672.196,0.5535,2,echonet_dynamic_no_long_axis_v1
0X27508F921B0D7D12,94,112,2066.893,1040.694,0.5035,2,echonet_dynamic_no_long_axis_v1
0X2752526D9BC50FE3,47,65,2330.132,1409.564,0.6049,2,echonet_dynamic_no_long_axis_v1
0X2753C50A8B05D7D5,72,84,1140.561,647.909,0.5681,2,echonet_dynamic_no_long_axis_v1
0X2754B4D0ABE17BD0,81,99,1728.759,1429.447,0.8269,2,echonet_dynamic_no_long_axis_v1
0X2755371160DC96FC,57,84,1296.657,791.964,0.6108,2,echonet_dynamic_no_long_axis_v1
0X275ABCD76B8D34C0,64,77,997.8,792.74,0.7945,2,echonet_dynamic_no_long_axis_v1
0X275B6562C2CAB56D,42,55,1154.376,638.487,0.5531,2,echonet_dynamic_no_long_axis_v1
0X275C7438812C25A1,101,115,969.739,511.713,0.5277,2,echonet_dynamic_no_long_axis_v1
0X276409ED976E48CA,40,60,1391.641,670.592,0.4819,2,echonet_dynamic_no_long_axis_v1
0X2764D7135244AB7A,79,96,1498.581,825.025,0.5505,2,echonet_dynamic_no_long_axis_v1
0X2768CE554B3E0BED,146,163,1635.252,895.292,0.5475,2,echonet_dynamic_no_long_axis_v1
0X276B38EA6C9DED77,39,55,1608.023,976.544,0.6073,2,echonet_dynamic_no_long_axis_v1
0X276C46369286E618,65,72,1012.285,635.457,0.6277,2,echonet_dynamic_no_long_axis_v1
0X276DED2DD51341DA,52,71,1223.0,672.209,0.5496,2,echonet_dynamic_no_long_axis_v1
0X2774E9E5AFD94FFD,49,73,1316.419,1136.489,0.8633,2,echonet_dynamic_no_long_axis_v1
0X2774EAE17709B110,105,121,1928.695,1043.561,0.5411,2,echonet_dynamic_no_long_axis_v1
0X2776B06CA00EE370,115,129,1391.348,728.884,0.5239,2,echonet_dynamic_no_long_axis_v1
0X2778AF8121E07236,37,50,2460.207,1218.074,0.4951,2,echonet_dynamic_no_long_axis_v1
0X277FC348812C0E79,74,90,1461.085,1237.3,0.8468,2,echonet_dynamic_no_long_axis_v1
0X27836E538BD008A,49,69,1704.877,979.898,0.5748,2,echonet_dynamic_no_long_axis_v1
0X278A875DF27E7F42,70,86,1117.037,723.077,0.6473,2,echonet_dynamic_no_long_axis_v1
0X2790203453E55347,84,101,1409.338,917.583,0.6511,2,echonet_dynamic_no_long_axis_v1
0X2795D1D6CC01F594,44,62,1360.132,709.203,0.5214,2,echonet_dynamic_no_long_axis_v1
0X2795F92CA80D4F5F,45,64,716.604,457.872,0.6389,2,echonet_dynamic_no_long_axis_v1
0X2797ABAED6ABCE28,83,102,2487.952,1985.72,0.7981,2,echonet_dynamic_no_long_axis_v1
0X279B82BB85870F8D,70,80,1099.585,730.683,0.6645,2,echonet_dynamic_no_long_axis_v1
0X279CA7868FB35FB2,69,84,2512.06,1426.528,0.5679,2,echonet_dynamic_no_long_axis_v1
0X27A14489647DFCB,1,13,808.641,779.586,0.9641,2,echonet_dynamic_no_long_axis_v1
0X27A172BEF8B816CD,32,49,1423.9,638.669,0.4485,2,echonet_dynamic_no_long_axis_v1
0X27A4A5840BC00390,107,126,2392.175,1396.204,0.5837,2,echonet_dynamic_no_long_axis_v1
0X27AB73CC472E519D,38,60,2177.432,1142.805,0.5248,2,echonet_dynamic_no_long_axis_v1
0X27AD2D53372C8B2C,52,70,1697.449,875.849,0.516,2,echonet_dynamic_no_long_axis_v1
0X27AE655830163CF2,89,108,1117.39,587.17,0.5255,2,echonet_dynamic_no_long_axis_v1
0X27B4E7A56393A167,104,123,2064.728,1234.774,0.598,2,echonet_dynamic_no_long_axis_v1
0X27B83995F6D5BDBB,63,78,806.46,420.574,0.5215,2,echonet_dynamic_no_long_axis_v1
0X27BBC1D9367BD3F,61,84,2979.282,1806.482,0.6063,2,echonet_dynamic_no_long_axis_v1
0X27BF8122053FB24F,105,116,1241.716,689.312,0.5551,2,echonet_dynamic_no_long_axis_v1
0X27C0E8036DA99281,117,136,2008.805,1187.255,0.591,2,echonet_dynamic_no_long_axis_v1
0X27C871612E887EF6,96,116,2410.404,1329.199,0.5514,2,echonet_dynamic_no_long_axis_v1
0X27CA6FFE2C5843BD,0,14,785.076,561.796,0.7156,2,echonet_dynamic_no_long_axis_v1
0X27CC9C6EAF53A68F,58,76,2418.995,1451.044,0.5999,2,echonet_dynamic_no_long_axis_v1
0X27D24C1F2489FB74,45,61,1389.396,1115.278,0.8027,2,echonet_dynamic_no_long_axis_v1
0X27DE40A84F577EBD,98,108,1318.33,798.475,0.6057,2,echonet_dynamic_no_long_axis_v1
0X27E3BABA985C6485,88,102,1518.103,933.482,0.6149,2,echonet_dynamic_no_long_axis_v1
0X27E5A824236613DF,85,100,1397.245,909.1,0.6506,2,echonet_dynamic_no_long_axis_v1
0X27E5FF18C326FC22,51,68,1975.775,1153.745,0.5839,2,echonet_dynamic_no_long_axis_v1
0X27E8DE815C310DE2,95,121,5807.161,3079.768,0.5303,2,echonet_dynamic_no_long_axis_v1
0X27EBBB70B35C2BDF,81,100,1472.236,747.575,0.5078,2,echonet_dynamic_no_long_axis_v1
0X27ED61D9D1D7C33,39,52,735.121,449.985,0.6121,2,echonet_dynamic_no_long_axis_v1
0X27F9E56828CA9A79,58,75,1343.075,682.768,0.5084,2,echonet_dynamic_no_long_axis_v1
0X27FB927A584A359C,0,16,928.07,530.134,0.5712,2,echonet_dynamic_no_long_axis_v1
0X2800557D97ACA8FA,117,134,746.471,416.057,0.5574,2,echonet_dynamic_no_long_axis_v1
0X2802CA3B99221213,94,110,1104.29,671.816,0.6084,2,echonet_dynamic_no_long_axis_v1
0X280B7441A7E287B2,1,117,464.451,421.775,0.9081,2,echonet_dynamic_no_long_axis_v1
0X280E7E6433076E5B,68,82,2349.584,1454.585,0.6191,2,echonet_dynamic_no_long_axis_v1
0X2812459832695FC3,42,55,1247.024,983.481,0.7887,2,echonet_dynamic_no_long_axis_v1
0X281A54A385859C72,166,179,979.123,524.736,0.5359,2,echonet_dynamic_no_long_axis_v1
0X281BFB3D114BB83A,78,96,2240.452,1162.942,0.5191,2,echonet_dynamic_no_long_axis_v1
0X28236C2AA117D80B,88,98,1569.341,922.458,0.5878,2,echonet_dynamic_no_long_axis_v1
0X28259FC1DD8D4DCC,92,104,1174.298,998.016,0.8499,2,echonet_dynamic_no_long_axis_v1
0X2826DDFD5A2904F4,49,66,1095.659,561.477,0.5125,2,echonet_dynamic_no_long_axis_v1
0X282AA53113273C8B,103,116,1243.863,717.466,0.5768,2,echonet_dynamic_no_long_axis_v1
0X282CA4F9C50B6F6B,68,86,1604.766,993.147,0.6189,2,echonet_dynamic_no_long_axis_v1
0X2833102D81E9117C,51,69,946.054,652.496,0.6897,2,echonet_dynamic_no_long_axis_v1
0X2835A031AB3FF693,55,71,1144.13,673.049,0.5883,2,echonet_dynamic_no_long_axis_v1
0X2837905EB4C648A6,132,155,4748.92,2562.36,0.5396,2,echonet_dynamic_no_long_axis_v1
0X283B9F3D9498F401,55,70,1007.068,552.679,0.5488,2,echonet_dynamic_no_long_axis_v1
0X283E07E657955D9D,36,51,1647.375,1508.062,0.9154,2,echonet_dynamic_no_long_axis_v1
0X283EA34320D8C58B,136,148,1121.661,592.738,0.5284,2,echonet_dynamic_no_long_axis_v1
0X283F3C018BBAA3FB,53,71,1134.025,659.27,0.5814,2,echonet_dynamic_no_long_axis_v1
0X2840438B29E95F1F,154,170,1404.612,787.542,0.5607,2,echonet_dynamic_no_long_axis_v1
0X2841EE2AE1958F10,85,102,1164.309,667.222,0.5731,2,echonet_dynamic_no_long_axis_v1
0X28482EB3CD2FDA9D,59,72,2152.192,1496.248,0.6952,2,echonet_dynamic_no_long_axis_v1
0X284834DEEBB7C5C2,57,79,1443.986,800.862,0.5546,2,echonet_dynamic_no_long_axis_v1
0X284D36D6CA672984,153,173,1230.099,633.754,0.5152,2,echonet_dynamic_no_long_axis_v1
0X284DA4EF4567F673,41,59,1394.747,963.05,0.6905,2,echonet_dynamic_no_long_axis_v1
0X2851536849A2542B,39,52,1176.462,852.502,0.7246,2,echonet_dynamic_no_long_axis_v1
0X2851818C006989E0,158,179,1347.812,646.678,0.4798,2,echonet_dynamic_no_long_axis_v1
0X2855741E46DF1FA3,43,58,885.189,509.359,0.5754,2,echonet_dynamic_no_long_axis_v1
0X285939779C4DBE60,34,50,778.432,526.688,0.6766,2,echonet_dynamic_no_long_axis_v1
0X285B6CE9FA9200E1,212,238,933.316,510.728,0.5472,2,echonet_dynamic_no_long_axis_v1
0X2863C1D767AA05C,42,60,843.551,539.758,0.6399,2,echonet_dynamic_no_long_axis_v1
0X286661146EB02EE4,63,76,437.172,226.259,0.5176,2,echonet_dynamic_no_long_axis_v1
0X286856FF99946B18,113,129,1055.014,556.531,0.5275,2,echonet_dynamic_no_long_axis_v1
0X286CE13D5E499A83,45,66,1029.867,509.366,0.4946,2,echonet_dynamic_no_long_axis_v1
0X2870FB8B7A63E9F7,36,51,1224.17,709.945,0.5799,2,echonet_dynamic_no_long_axis_v1
0X28712788DD9BC1B6,98,120,2619.249,2202.308,0.8408,2,echonet_dynamic_no_long_axis_v1
0X2871AB68D43C2FAE,74,90,840.89,520.283,0.6187,2,echonet_dynamic_no_long_axis_v1
0X2871C2C07B263E65,3,25,3458.726,1828.082,0.5285,2,echonet_dynamic_no_long_axis_v1
0X2878D9240A9B5CC4,2,17,1362.4,834.398,0.6124,2,echonet_dynamic_no_long_axis_v1
0X287940BA389ACFE8,42,61,1242.515,788.68,0.6347,2,echonet_dynamic_no_long_axis_v1
0X287AFCC7F6DEED83,112,145,2122.948,1203.517,0.5669,2,echonet_dynamic_no_long_axis_v1
0X287BF355C298ACA,124,140,1886.392,1157.729,0.6137,2,echonet_dynamic_no_long_axis_v1
0X287C85967E202E62,45,61,1252.038,726.908,0.5806,2,echonet_dynamic_no_long_axis_v1
0X2882179032E434E1,13,22,1940.217,1369.249,0.7057,2,echonet_dynamic_no_long_axis_v1
0X28845A25C055F9DC,8,16,1885.267,1699.177,0.9013,2,echonet_dynamic_no_long_axis_v1
0X2889D8C33077C148,57,79,951.025,459.944,0.4836,2,echonet_dynamic_no_long_axis_v1
0X288EB79F76CDA89F,66,74,1325.188,1115.538,0.8418,2,echonet_dynamic_no_long_axis_v1
0X28903421E8658F6A,73,86,1360.059,1043.036,0.7669,2,echonet_dynamic_no_long_axis_v1
0X28917531761A46E7,2,14,1636.009,946.231,0.5784,2,echonet_dynamic_no_long_axis_v1
0X28923B334611CFC1,46,65,970.84,614.745,0.6332,2,echonet_dynamic_no_long_axis_v1
0X2893E0784C56B75,41,53,766.925,410.649,0.5354,2,echonet_dynamic_no_long_axis_v1
0X28957333BC12D494,112,80,1517.764,859.602,0.5664,2,echonet_dynamic_no_long_axis_v1
0X28957EA81265C8D9,83,96,1638.519,803.953,0.4907,2,echonet_dynamic_no_long_axis_v1
0X28980B95F9769CE7,3,21,1807.867,864.883,0.4784,2,echonet_dynamic_no_long_axis_v1
0X28A2034B93DBE0D6,34,51,407.051,244.657,0.601,2,echonet_dynamic_no_long_axis_v1
0X28A422DF50B05663,85,104,768.017,366.897,0.4777,2,echonet_dynamic_no_long_axis_v1
0X28AABB6786125B68,40,53,1373.797,1063.691,0.7743,2,echonet_dynamic_no_long_axis_v1
0X28B349884BCB88D2,53,75,1409.95,1095.071,0.7767,2,echonet_dynamic_no_long_axis_v1
0X28B494298CA73B42,36,49,1013.949,552.768,0.5452,2,echonet_dynamic_no_long_axis_v1
0X28B77DCB71D1245A,96,120,1221.413,654.866,0.5362,2,echonet_dynamic_no_long_axis_v1
0X28B8302CC1B2FCB,91,108,1762.254,816.513,0.4633,2,echonet_dynamic_no_long_axis_v1
0X28BD4F110426601C,2,27,1152.106,710.359,0.6166,2,echonet_dynamic_no_long_axis_v1
0X28C73B18FDF845BC,179,194,3302.352,2680.989,0.8118,2,echonet_dynamic_no_long_axis_v1
0X28C95C58B1790E20,61,77,734.32,392.507,0.5345,2,echonet_dynamic_no_long_axis_v1
0X28C9F49BA9170823,62,76,1175.689,602.315,0.5123,2,echonet_dynamic_no_long_axis_v1
0X28CA9C46619120F3,45,59,1950.385,1283.523,0.6581,2,echonet_dynamic_no_long_axis_v1
0X28CB8784368E0723,67,82,873.026,546.676,0.6262,2,echonet_dynamic_no_long_axis_v1
0X28CFBCA1B785A2F2,45,62,1465.634,883.411,0.6028,2,echonet_dynamic_no_long_axis_v1
0X28CFCF51E65B1B31,98,114,557.899,334.997,0.6005,2,echonet_dynamic_no_long_axis_v1
0X28D1BD6F5325C92C,91,104,1020.487,496.228,0.4863,2,echonet_dynamic_no_long_axis_v1
0X28D708482E66EDE5,71,86,1207.176,666.912,0.5525,2,echonet_dynamic_no_long_axis_v1
0X28DDDD1528582978,33,48,1813.103,957.146,0.5279,2,echonet_dynamic_no_long_axis_v1
0X28DDF77DCDD5982A,50,63,903.093,517.72,0.5733,2,echonet_dynamic_no_long_axis_v1
0X28E0837117794467,0,16,1024.707,753.835,0.7357,2,echonet_dynamic_no_long_axis_v1
0X28E57A04871E4BC0,88,107,1513.187,847.303,0.5599,2,echonet_dynamic_no_long_axis_v1
0X28E5D0919BC9A280,80,97,941.859,626.352,0.665,2,echonet_dynamic_no_long_axis_v1
0X28EA2B0204CD390C,59,80,1016.893,534.617,0.5257,2,echonet_dynamic_no_long_axis_v1
0X28EAD9701FAB642B,93,113,1090.148,439.228,0.4029,2,echonet_dynamic_no_long_axis_v1
0X28EDD31B54CBEBD9,106,132,1864.096,1330.026,0.7135,2,echonet_dynamic_no_long_axis_v1
0X28EDDD27E7D737BB,104,116,1059.435,521.565,0.4923,2,echonet_dynamic_no_long_axis_v1
0X28EF4C40DB0E777D,81,98,1653.506,792.737,0.4794,2,echonet_dynamic_no_long_axis_v1
0X28F054EA79CDB082,125,139,790.338,576.635,0.7296,2,echonet_dynamic_no_long_axis_v1
0X28F2E8C16B4A4974,75,101,1475.103,787.613,0.5339,2,echonet_dynamic_no_long_axis_v1
0X28F376B3A1AC9A38,50,68,1831.537,1257.84,0.6868,2,echonet_dynamic_no_long_axis_v1
0X28F676EC204B892,48,59,1242.674,1178.846,0.9486,2,echonet_dynamic_no_long_axis_v1
0X28FB1162DC7E5985,100,129,1707.946,952.442,0.5577,2,echonet_dynamic_no_long_axis_v1
0X28FBB5E92B4E4970,173,193,2744.632,2210.295,0.8053,2,echonet_dynamic_no_long_axis_v1
0X28FC7D7A02E982B1,41,59,1034.789,619.606,0.5988,2,echonet_dynamic_no_long_axis_v1
0X290387F4D1B37AE0,55,75,851.218,474.462,0.5574,2,echonet_dynamic_no_long_axis_v1
0X29044407543B4ED0,30,42,1090.642,1012.335,0.9282,2,echonet_dynamic_no_long_axis_v1
0X29088E4297D24753,50,68,651.814,358.977,0.5507,2,echonet_dynamic_no_long_axis_v1
0X2909743644F8B146,78,93,1098.889,642.973,0.5851,2,echonet_dynamic_no_long_axis_v1
0X290C040A358C02C1,87,99,942.782,494.38,0.5244,2,echonet_dynamic_no_long_axis_v1
0X29148E0F44A62490,56,78,2990.247,1955.609,0.654,2,echonet_dynamic_no_long_axis_v1
0X2918B2872C91B115,79,93,653.943,311.008,0.4756,2,echonet_dynamic_no_long_axis_v1
0X291C4F5273C6D916,46,60,567.933,306.848,0.5403,2,echonet_dynamic_no_long_axis_v1
0X29205B46A897CCE4,45,62,1141.919,916.005,0.8022,2,echonet_dynamic_no_long_axis_v1
0X2925FF720D4E48F,98,125,1476.448,725.367,0.4913,2,echonet_dynamic_no_long_axis_v1
0X292971284482F563,129,147,1419.352,844.046,0.5947,2,echonet_dynamic_no_long_axis_v1
0X292A1F9335000CC5,54,72,1070.75,581.956,0.5435,2,echonet_dynamic_no_long_axis_v1
0X292BD6E101B932B9,49,66,1274.804,761.16,0.5971,2,echonet_dynamic_no_long_axis_v1
0X292CF3666916BFEE,46,59,1161.567,637.996,0.5493,2,echonet_dynamic_no_long_axis_v1
0X2936BE5BD2B454BE,43,61,1253.212,1041.303,0.8309,2,echonet_dynamic_no_long_axis_v1
0X29372D09CBD2D8D0,45,60,1327.535,758.374,0.5713,2,echonet_dynamic_no_long_axis_v1
0X293C81AED2A80133,88,112,1193.305,635.581,0.5326,2,echonet_dynamic_no_long_axis_v1
0X293C9951DFBCD9D8,58,81,1826.386,978.736,0.5359,2,echonet_dynamic_no_long_axis_v1
0X293D1E326007C469,106,120,920.505,534.016,0.5801,2,echonet_dynamic_no_long_axis_v1
0X293DC06147AADAD2,3,18,1178.457,646.56,0.5487,2,echonet_dynamic_no_long_axis_v1
0X293E8502D91120B4,32,45,1394.928,1205.164,0.864,2,echonet_dynamic_no_long_axis_v1
0X294BA2FC928E6983,90,109,2086.239,1727.296,0.8279,2,echonet_dynamic_no_long_axis_v1
0X294D929C1B18A74C,39,49,643.045,346.12,0.5383,2,echonet_dynamic_no_long_axis_v1
0X29576307FEE7F10E,77,94,1765.165,1421.889,0.8055,2,echonet_dynamic_no_long_axis_v1
0X29582FA0A66ECA89,43,63,1677.359,1103.653,0.658,2,echonet_dynamic_no_long_axis_v1
0X2959FF1D90DC5714,80,96,1204.349,953.005,0.7913,2,echonet_dynamic_no_long_axis_v1
0X295CBC8E87EBEA7E,36,53,1170.71,688.288,0.5879,2,echonet_dynamic_no_long_axis_v1
0X295D7794423319AD,86,102,1559.378,1131.929,0.7259,2,echonet_dynamic_no_long_axis_v1
0X296284667D0B48F7,47,61,1227.732,682.787,0.5561,2,echonet_dynamic_no_long_axis_v1
0X2962BA442DE9E45B,75,90,1218.482,763.602,0.6267,2,echonet_dynamic_no_long_axis_v1
0X29640FD5E676FCF2,105,118,1403.587,798.595,0.569,2,echonet_dynamic_no_long_axis_v1
0X2966D3700CD4B8B5,14,32,2648.094,1744.205,0.6587,2,echonet_dynamic_no_long_axis_v1
0X29670BE6399C86BC,48,61,982.941,577.548,0.5876,2,echonet_dynamic_no_long_axis_v1
0X296BF1BFDF695E01,115,133,1435.442,846.39,0.5896,2,echonet_dynamic_no_long_axis_v1
0X296D27E36A3B10B1,1,21,2036.681,1214.563,0.5963,2,echonet_dynamic_no_long_axis_v1
0X296F1EF6CF0AFE57,47,70,1808.936,1008.465,0.5575,2,echonet_dynamic_no_long_axis_v1
0X2971776F0E51B880,153,172,905.994,681.297,0.752,2,echonet_dynamic_no_long_axis_v1
0X29735078772CEC7C,88,104,1165.225,733.503,0.6295,2,echonet_dynamic_no_long_axis_v1
0X2973BE861413FD44,174,191,1291.537,783.995,0.607,2,echonet_dynamic_no_long_axis_v1
0X2975F53722811E61,57,73,1782.929,1016.647,0.5702,2,echonet_dynamic_no_long_axis_v1
0X297C35461EDC1C32,51,62,490.858,259.805,0.5293,2,echonet_dynamic_no_long_axis_v1
0X297F7F40A699959B,127,144,1886.593,1724.222,0.9139,2,echonet_dynamic_no_long_axis_v1
0X2980C863A2001D4F,286,318,3350.809,2702.307,0.8065,2,echonet_dynamic_no_long_axis_v1
0X298127FA6EF9AE66,81,101,1347.427,745.016,0.5529,2,echonet_dynamic_no_long_axis_v1
0X298213C78149E758,82,98,1791.896,946.647,0.5283,2,echonet_dynamic_no_long_axis_v1
0X2987121B61405E4A,36,56,1248.159,664.959,0.5328,2,echonet_dynamic_no_long_axis_v1
0X29891201362B3276,45,64,2314.32,1963.985,0.8486,2,echonet_dynamic_no_long_axis_v1
0X2989EFBB544B63BF,61,84,999.685,540.978,0.5411,2,echonet_dynamic_no_long_axis_v1
0X298EBAF6CC2B526,107,123,919.658,470.453,0.5116,2,echonet_dynamic_no_long_axis_v1
0X2994B5330ED757B9,57,74,1813.138,1003.864,0.5537,2,echonet_dynamic_no_long_axis_v1
0X299A88D5675F49D0,80,103,1563.155,925.964,0.5924,2,echonet_dynamic_no_long_axis_v1
0X299E0A308114BAE3,38,55,1017.169,585.49,0.5756,2,echonet_dynamic_no_long_axis_v1
0X29A2919E823A0D12,58,81,1235.715,719.591,0.5823,2,echonet_dynamic_no_long_axis_v1
0X29A336DCE20541A0,75,91,1163.064,999.074,0.859,2,echonet_dynamic_no_long_axis_v1
0X29A4B28DB80C5246,68,80,753.502,433.006,0.5747,2,echonet_dynamic_no_long_axis_v1
0X29AF1111EE5795F,31,45,1085.808,631.533,0.5816,2,echonet_dynamic_no_long_axis_v1
0X29BB9686E6983297,79,94,2721.847,2016.476,0.7408,2,echonet_dynamic_no_long_axis_v1
0X29C17E1745706401,48,60,1007.099,620.436,0.6161,2,echonet_dynamic_no_long_axis_v1
0X29C57DC906DE1162,96,117,917.273,538.92,0.5875,2,echonet_dynamic_no_long_axis_v1
0X29C61163B3107A0F,34,48,800.964,540.372,0.6747,2,echonet_dynamic_no_long_axis_v1
0X29C62BE737EF818E,90,107,1572.985,854.835,0.5434,2,echonet_dynamic_no_long_axis_v1
0X29C81728B50A2E6C,44,65,1124.551,646.844,0.5752,2,echonet_dynamic_no_long_axis_v1
0X29C990BE357DA21C,53,69,1515.171,795.583,0.5251,2,echonet_dynamic_no_long_axis_v1
0X29CB7E7DE6A747BD,89,103,1317.411,696.793,0.5289,2,echonet_dynamic_no_long_axis_v1
0X29DC850F81AD37D8,49,67,1775.145,1482.019,0.8349,2,echonet_dynamic_no_long_axis_v1
0X29DFB3EEC01DD44C,110,132,2181.066,1452.3,0.6659,2,echonet_dynamic_no_long_axis_v1
0X29E0C74AFAC38079,43,63,2154.094,1231.02,0.5715,2,echonet_dynamic_no_long_axis_v1
0X29E4873A1EDEDCE2,110,130,2673.88,2010.978,0.7521,2,echonet_dynamic_no_long_axis_v1
0X29E5CE47FBC8961D,156,168,1184.084,649.493,0.5485,2,echonet_dynamic_no_long_axis_v1
0X29E66C557C99EC32,38,49,921.165,452.654,0.4914,2,echonet_dynamic_no_long_axis_v1
0X29EA5EC080FF78D6,122,142,1075.786,583.015,0.5419,2,echonet_dynamic_no_long_axis_v1
0X29EAD82D1B3029D2,85,103,1431.217,790.314,0.5522,2,echonet_dynamic_no_long_axis_v1
0X29EB469268DC5E30,49,65,1483.912,960.947,0.6476,2,echonet_dynamic_no_long_axis_v1
0X29ED6C257E2FC811,37,50,1943.771,1100.662,0.5663,2,echonet_dynamic_no_long_axis_v1
0X29F5DCEC80F87BA6,48,61,1046.067,509.235,0.4868,2,echonet_dynamic_no_long_axis_v1
0X29F88FD41325783F,48,60,1133.75,680.08,0.5999,2,echonet_dynamic_no_long_axis_v1
0X29F98334C8C86ACF,77,94,1336.857,836.908,0.626,2,echonet_dynamic_no_long_axis_v1
0X29FA8548E33956DA,46,63,1243.658,602.934,0.4848,2,echonet_dynamic_no_long_axis_v1
0X29FDE0A4498AB572,74,91,1958.835,1586.549,0.8099,2,echonet_dynamic_no_long_axis_v1
0X2A005531D741B5AE,35,49,1236.164,881.219,0.7129,2,echonet_dynamic_no_long_axis_v1
0X2A01716CA8E6B78C,52,67,1171.388,794.11,0.6779,2,echonet_dynamic_no_long_axis_v1
0X2A071BC3FD1AC4EC,42,59,1479.153,946.949,0.6402,2,echonet_dynamic_no_long_axis_v1
0X2A09D7E5E6F9F9DF,41,59,1394.26,1019.723,0.7314,2,echonet_dynamic_no_long_axis_v1
0X2A0B8E212C49D706,77,92,1095.15,548.791,0.5011,2,echonet_dynamic_no_long_axis_v1
0X2A179DC26614D64F,97,114,1648.716,822.515,0.4989,2,echonet_dynamic_no_long_axis_v1
0X2A1AE3B6420FD216,42,59,1533.266,894.577,0.5834,2,echonet_dynamic_no_long_axis_v1
0X2A1F8EEF3A53DF5E,117,130,1040.148,573.716,0.5516,2,echonet_dynamic_no_long_axis_v1
0X2A20552783F445AE,130,141,1392.273,784.718,0.5636,2,echonet_dynamic_no_long_axis_v1
0X2A2C1D627826C72,45,57,848.5,454.305,0.5354,2,echonet_dynamic_no_long_axis_v1
0X2A2C6AF671DB82E7,109,123,1817.102,1362.625,0.7499,2,echonet_dynamic_no_long_axis_v1
0X2A2C7C74F6D0D042,38,56,975.315,786.685,0.8066,2,echonet_dynamic_no_long_axis_v1
0X2A2D19625CBF1D16,112,122,1275.114,987.749,0.7746,2,echonet_dynamic_no_long_axis_v1
0X2A312A5ECB7000FC,127,146,984.811,512.844,0.5208,2,echonet_dynamic_no_long_axis_v1
0X2A388C798DF4CFF0,3,15,1019.883,613.917,0.6019,2,echonet_dynamic_no_long_axis_v1
0X2A3BB51936839E6D,38,52,1601.471,801.197,0.5003,2,echonet_dynamic_no_long_axis_v1
0X2A449C0A5F6A9CCB,40,58,1036.176,590.464,0.5698,2,echonet_dynamic_no_long_axis_v1
0X2A45204FA70C5C9,35,50,1339.246,1062.235,0.7932,2,echonet_dynamic_no_long_axis_v1
0X2A46A6A93DF181FA,45,57,1709.968,1249.231,0.7306,2,echonet_dynamic_no_long_axis_v1
0X2A4B6CD214AAB6A0,128,146,1399.461,809.167,0.5782,2,echonet_dynamic_no_long_axis_v1
0X2A4B8B438E6DE7FF,51,69,1405.913,1022.318,0.7272,2,echonet_dynamic_no_long_axis_v1
0X2A4CE8DBE3CCDE95,42,64,1878.079,1262.744,0.6724,2,echonet_dynamic_no_long_axis_v1
0X2A5507B5E2C166BA,3,17,1309.087,712.838,0.5445,2,echonet_dynamic_no_long_axis_v1
0X2A55659AE64722AA,28,16,962.896,648.325,0.6733,2,echonet_dynamic_no_long_axis_v1
0X2A5A066CD7F27D5C,37,49,725.666,339.312,0.4676,2,echonet_dynamic_no_long_axis_v1
0X2A5B7EE5D039818C,88,109,1019.338,573.018,0.5621,2,echonet_dynamic_no_long_axis_v1
0X2A651E015F9439C0,55,76,1749.484,1009.326,0.5769,2,echonet_dynamic_no_long_axis_v1
0X2A6635B01B13AAA4,85,96,1092.864,692.179,0.6334,2,echonet_dynamic_no_long_axis_v1
0X2A667FD468D528A2,51,69,1433.09,924.945,0.6454,2,echonet_dynamic_no_long_axis_v1
0X2A67800D05897E40,1,11,1496.394,739.246,0.494,2,echonet_dynamic_no_long_axis_v1
0X2A68164E9B03130B,31,47,1844.673,1589.481,0.8617,2,echonet_dynamic_no_long_axis_v1
0X2A6A2DB28C7B4608,49,68,1450.528,934.176,0.644,2,echonet_dynamic_no_long_axis_v1
0X2A6A33D5D510FDBF,55,74,1480.15,781.402,0.5279,2,echonet_dynamic_no_long_axis_v1
0X2A75592E9961EB81,48,64,1183.936,544.623,0.46,2,echonet_dynamic_no_long_axis_v1
0X2A76C86F7457546F,34,49,870.965,502.434,0.5769,2,echonet_dynamic_no_long_axis_v1
0X2A777BDE3B51C189,0,15,1794.37,974.74,0.5432,2,echonet_dynamic_no_long_axis_v1
0X2A7C5F0B89FED627,68,83,1249.05,760.091,0.6085,2,echonet_dynamic_no_long_axis_v1
0X2A7FCA76C4FAEAFD,43,60,2109.369,1760.17,0.8345,2,echonet_dynamic_no_long_axis_v1
0X2A830BC4A3A36A93,39,55,1176.959,633.969,0.5387,2,echonet_dynamic_no_long_axis_v1
0X2A8498756C4D6E82,56,79,1674.017,874.356,0.5223,2,echonet_dynamic_no_long_axis_v1
0X2A855CCD4A6C6BD3,91,108,751.582,385.843,0.5134,2,echonet_dynamic_no_long_axis_v1
0X2A85B05A9671F32E,56,80,3418.338,1778.477,0.5203,2,echonet_dynamic_no_long_axis_v1
0X2A85FF99D2016B7D,47,68,1224.335,571.383,0.4667,2,echonet_dynamic_no_long_axis_v1
0X2A8A694D5740E1F0,99,113,2498.592,1734.575,0.6942,2,echonet_dynamic_no_long_axis_v1
0X2A8AF50D1F38A71,112,123,1096.222,580.962,0.53,2,echonet_dynamic_no_long_axis_v1
0X2A8DA996FB52D5CB,111,124,1283.064,735.033,0.5729,2,echonet_dynamic_no_long_axis_v1
0X2A904CE88E96E7,114,127,1332.796,1169.207,0.8773,2,echonet_dynamic_no_long_axis_v1
0X2A91906B774CE547,71,97,1247.685,707.682,0.5672,2,echonet_dynamic_no_long_axis_v1
0X2A928235B332DBCF,83,95,760.741,479.385,0.6302,2,echonet_dynamic_no_long_axis_v1
0X2A9687F49EE5406,53,67,1349.332,672.978,0.4987,2,echonet_dynamic_no_long_axis_v1
0X2A99BFFB26E9ECE2,49,63,1209.404,970.523,0.8025,2,echonet_dynamic_no_long_axis_v1
0X2A9CDF57A90DBE32,106,121,1646.148,987.803,0.6001,2,echonet_dynamic_no_long_axis_v1
0X2AA7D76F830E270,36,50,1581.402,846.527,0.5353,2,echonet_dynamic_no_long_axis_v1
0X2AA86B752CDAFC28,59,77,1626.86,808.51,0.497,2,echonet_dynamic_no_long_axis_v1
0X2AB5732368D8A3F9,85,103,1741.747,893.353,0.5129,2,echonet_dynamic_no_long_axis_v1
0X2AB73E07EA2A8D7F,51,69,1443.179,863.773,0.5985,2,echonet_dynamic_no_long_axis_v1
0X2AB81C540CAFDB5A,35,57,1443.239,1124.338,0.779,2,echonet_dynamic_no_long_axis_v1
0X2AB98AC8D400D5DB,76,86,738.26,385.162,0.5217,2,echonet_dynamic_no_long_axis_v1
0X2ABAD17326F8DC47,43,64,2111.567,997.566,0.4724,2,echonet_dynamic_no_long_axis_v1
0X2ABBA31A554D6E2,114,130,1332.034,659.095,0.4948,2,echonet_dynamic_no_long_axis_v1
0X2ABBDEA046C1EBF1,79,93,727.966,447.229,0.6144,2,echonet_dynamic_no_long_axis_v1
0X2AC09763183674E8,43,64,1364.691,724.116,0.5306,2,echonet_dynamic_no_long_axis_v1
0X2AC18208BD3CA1FF,37,49,623.976,282.036,0.452,2,echonet_dynamic_no_long_axis_v1
0X2AC54813DFFE6A44,35,54,1788.285,1417.886,0.7929,2,echonet_dynamic_no_long_axis_v1
0X2ACD4F35A8D82C7C,83,100,1176.188,689.419,0.5861,2,echonet_dynamic_no_long_axis_v1
0X2ACE034731B7CA96,49,63,924.524,514.825,0.5569,2,echonet_dynamic_no_long_axis_v1
0X2ACEC865BDA02BE4,79,94,1089.244,577.562,0.5302,2,echonet_dynamic_no_long_axis_v1
0X2ACF3F84A3F9A6ED,84,57,1471.896,1188.711,0.8076,2,echonet_dynamic_no_long_axis_v1
0X2AD46881C37E12F,122,134,1395.972,851.62,0.6101,2,echonet_dynamic_no_long_axis_v1
0X2AD648B03DA6DDB6,56,70,1279.64,945.977,0.7393,2,echonet_dynamic_no_long_axis_v1
0X2AD994F98C491FA6,41,57,961.642,551.166,0.5732,2,echonet_dynamic_no_long_axis_v1
0X2ADEADB93D232F1F,41,57,1584.34,933.626,0.5893,2,echonet_dynamic_no_long_axis_v1
0X2ADF6020233E02A5,75,91,1210.541,761.328,0.6289,2,echonet_dynamic_no_long_axis_v1
0X2AE5EC02C6B6F6DB,55,73,2139.564,1022.895,0.4781,2,echonet_dynamic_no_long_axis_v1
0X2AE7F3D6A1A2A977,0,21,2753.128,1551.02,0.5634,2,echonet_dynamic_no_long_axis_v1
0X2AEB1E1DE5E9144F,94,113,1193.289,704.911,0.5907,2,echonet_dynamic_no_long_axis_v1
0X2AEB5ED737A6EA90,1,18,1075.745,683.147,0.635,2,echonet_dynamic_no_long_axis_v1
0X2AEBE2737F2F198E,88,107,669.8,374.969,0.5598,2,echonet_dynamic_no_long_axis_v1
0X2AF780DBAFAEE9DD,105,116,1174.725,619.142,0.5271,2,echonet_dynamic_no_long_axis_v1
0X2AFCAC3003694C4D,81,99,1102.231,728.066,0.6605,2,echonet_dynamic_no_long_axis_v1
0X2AFCEF38F2CB4FD,49,61,1235.945,671.673,0.5434,2,echonet_dynamic_no_long_axis_v1
0X2AFE868FF0F26037,160,178,1122.759,952.997,0.8488,2,echonet_dynamic_no_long_axis_v1
0X2AFFF29A1DA11CEC,105,120,1061.992,526.127,0.4954,2,echonet_dynamic_no_long_axis_v1
0X2B00EBE66CDF22EF,96,114,1236.249,901.818,0.7295,2,echonet_dynamic_no_long_axis_v1
0X2B0188BDC08AE8F3,127,140,794.221,393.176,0.495,2,echonet_dynamic_no_long_axis_v1
0X2B04379243A07D3E,100,120,2255.344,1410.657,0.6255,2,echonet_dynamic_no_long_axis_v1
0X2B049A419C740450,83,97,989.776,560.615,0.5664,2,echonet_dynamic_no_long_axis_v1
0X2B04D402904C0AF3,49,63,1473.471,868.42,0.5894,2,echonet_dynamic_no_long_axis_v1
0X2B0639FDC76E788B,129,143,1278.44,842.248,0.6588,2,echonet_dynamic_no_long_axis_v1
0X2B0C7B1FD6FDF2FA,100,122,1244.384,660.666,0.5309,2,echonet_dynamic_no_long_axis_v1
0X2B0F87B014648FF1,77,102,2672.605,1673.799,0.6263,2,echonet_dynamic_no_long_axis_v1
0X2B11C46C12F72E1,90,109,1252.102,968.14,0.7732,2,echonet_dynamic_no_long_axis_v1
0X2B13AFFF378DA58A,23,41,1000.052,730.298,0.7303,2,echonet_dynamic_no_long_axis_v1
0X2B1407FFE2B14FB4,41,62,1319.954,815.143,0.6176,2,echonet_dynamic_no_long_axis_v1
0X2B1EA4FE61E09B04,42,57,1175.892,668.495,0.5685,2,echonet_dynamic_no_long_axis_v1
0X2B2471C251239AD7,54,71,2578.759,1686.531,0.654,2,echonet_dynamic_no_long_axis_v1
0X2B2494C2C6EF6F9,48,66,1324.376,688.464,0.5198,2,echonet_dynamic_no_long_axis_v1
0X2B25C29EF3612FD9,69,81,764.587,418.608,0.5475,2,echonet_dynamic_no_long_axis_v1
0X2B26BF7B0DC2B52E,105,119,628.413,428.045,0.6812,2,echonet_dynamic_no_long_axis_v1
0X2B2D3664A4F59EF6,47,65,1123.477,615.706,0.548,2,echonet_dynamic_no_long_axis_v1
0X2B337C895834063D,3,25,1544.595,814.061,0.527,2,echonet_dynamic_no_long_axis_v1
0X2B357569BC532F43,37,52,1479.859,879.795,0.5945,2,echonet_dynamic_no_long_axis_v1
0X2B36749BB015C796,50,64,1922.443,1482.623,0.7712,2,echonet_dynamic_no_long_axis_v1
0X2B36907D5AB72242,51,70,1828.39,1093.698,0.5982,2,echonet_dynamic_no_long_axis_v1
0X2B39C678737EB346,126,145,991.017,707.494,0.7139,2,echonet_dynamic_no_long_axis_v1
0X2B39E514C7DED838,101,109,908.185,494.512,0.5445,2,echonet_dynamic_no_long_axis_v1
0X2B3A07F9F9F16B0B,81,98,1267.473,713.446,0.5629,2,echonet_dynamic_no_long_axis_v1
0X2B3CFA85CCB59333,25,36,2057.015,1367.042,0.6646,2,echonet_dynamic_no_long_axis_v1
0X2B45ECFBC4E2299A,46,61,665.742,365.253,0.5486,2,echonet_dynamic_no_long_axis_v1
0X2B4ACDDAB3F1DA2E,62,80,1591.818,1401.385,0.8804,2,echonet_dynamic_no_long_axis_v1
0X2B559592BBB6E421,80,100,1562.793,868.408,0.5557,2,echonet_dynamic_no_long_axis_v1
0X2B5619B4EDE8F1B8,52,67,1198.803,957.75,0.7989,2,echonet_dynamic_no_long_axis_v1
0X2B591E1ED1F86C25,43,57,961.565,467.334,0.486,2,echonet_dynamic_no_long_axis_v1
0X2B5B9DA97FC8A1A7,54,68,1194.486,680.087,0.5694,2,echonet_dynamic_no_long_axis_v1
0X2B5C65259968F31D,43,58,1159.635,570.134,0.4916,2,echonet_dynamic_no_long_axis_v1
0X2B5D059047625083,44,59,1415.958,812.879,0.5741,2,echonet_dynamic_no_long_axis_v1
0X2B5E93155A8601B3,88,99,1037.665,630.006,0.6071,2,echonet_dynamic_no_long_axis_v1
0X2B62A0DEB27B4C10,52,72,2305.631,1305.119,0.5661,2,echonet_dynamic_no_long_axis_v1
0X2B650F4F171CC99F,32,45,2389.778,1470.62,0.6154,2,echonet_dynamic_no_long_axis_v1
0X2B6BB50CF65EE164,89,105,2100.791,1294.522,0.6162,2,echonet_dynamic_no_long_axis_v1
0X2B6E6D287F09E2A0,66,85,2516.223,1499.248,0.5958,2,echonet_dynamic_no_long_axis_v1
0X2B6EBF9236788362,36,55,1141.798,694.176,0.608,2,echonet_dynamic_no_long_axis_v1
0X2B75FD103FD8FA5E,64,86,1530.342,729.123,0.4764,2,echonet_dynamic_no_long_axis_v1
0X2B76F1C5F5D0466D,86,97,1089.15,584.066,0.5363,2,echonet_dynamic_no_long_axis_v1
0X2B79C68A21B5F520,59,80,2149.013,1413.103,0.6576,2,echonet_dynamic_no_long_axis_v1
0X2B7ABC059BB8090D,78,93,1113.485,645.393,0.5796,2,echonet_dynamic_no_long_axis_v1
0X2B810D03C090DE59,124,139,928.139,557.337,0.6005,2,echonet_dynamic_no_long_axis_v1
0X2B81FE1EF971B25A,0,19,1051.297,561.132,0.5338,2,echonet_dynamic_no_long_axis_v1
0X2B831262FD6E0F44,106,126,1657.617,931.602,0.562,2,echonet_dynamic_no_long_axis_v1
0X2B8349B0466DDFE9,43,62,1226.011,820.063,0.6689,2,echonet_dynamic_no_long_axis_v1
0X2B867271589725B9,86,105,3171.869,1897.424,0.5982,2,echonet_dynamic_no_long_axis_v1
0X2B888E6F035154BB,20,40,1121.88,911.673,0.8126,2,echonet_dynamic_no_long_axis_v1
0X2B8D66D3AF8E8B84,15,23,1094.999,489.245,0.4468,2,echonet_dynamic_no_long_axis_v1
0X2B8E2C047E853E71,40,54,1671.638,1166.653,0.6979,2,echonet_dynamic_no_long_axis_v1
0X2B9185D91BBE0E97,54,67,1961.576,1003.132,0.5114,2,echonet_dynamic_no_long_axis_v1
0X2B92A8AA5710178B,1,19,1304.087,698.703,0.5358,2,echonet_dynamic_no_long_axis_v1
0X2B935E3B4404D29E,91,107,1579.915,1081.689,0.6847,2,echonet_dynamic_no_long_axis_v1
0X2B974E47EADA843,46,62,1360.722,920.644,0.6766,2,echonet_dynamic_no_long_axis_v1
0X2B9B38D0E03561B3,106,121,1569.02,844.023,0.5379,2,echonet_dynamic_no_long_axis_v1
0X2BA0CC0FD446A0CD,30,47,1659.163,919.527,0.5542,2,echonet_dynamic_no_long_axis_v1
0X2BA56103B7A6BE7C,1,20,2037.471,1323.087,0.6494,2,echonet_dynamic_no_long_axis_v1
0X2BB46B720AC47098,40,55,1246.816,656.616,0.5266,2,echonet_dynamic_no_long_axis_v1
0X2BB4D1569CCBAAF0,126,133,720.819,350.149,0.4858,2,echonet_dynamic_no_long_axis_v1
0X2BB53A7347B59BC6,39,53,2322.333,1327.175,0.5715,2,echonet_dynamic_no_long_axis_v1
0X2BB72AFEFA5753AA,83,98,1175.37,671.539,0.5713,2,echonet_dynamic_no_long_axis_v1
0X2BB766EF1A13DECC,47,62,1040.518,618.89,0.5948,2,echonet_dynamic_no_long_axis_v1
0X2BB8F8D3346376DA,28,44,1495.506,775.35,0.5185,2,echonet_dynamic_no_long_axis_v1
0X2BBE07A50418CB3,110,127,1193.077,694.143,0.5818,2,echonet_dynamic_no_long_axis_v1
0X2BC272DCF674E2FC,94,106,1410.976,755.163,0.5352,2,echonet_dynamic_no_long_axis_v1
0X2BC37749440CC632,0,21,2143.324,1769.814,0.8257,2,echonet_dynamic_no_long_axis_v1
0X2BCA5CD0E25723F1,65,79,2218.924,1101.401,0.4964,2,echonet_dynamic_no_long_axis_v1
0X2BCB6F4D73191177,39,57,1303.801,1030.756,0.7906,2,echonet_dynamic_no_long_axis_v1
0X2BCCE250005CFD40,0,16,1565.488,1075.625,0.6871,2,echonet_dynamic_no_long_axis_v1
0X2BD1518044A7F1E7,81,99,1825.841,992.549,0.5436,2,echonet_dynamic_no_long_axis_v1
0X2BD2EAEB075A7A56,65,83,3073.482,2730.374,0.8884,2,echonet_dynamic_no_long_axis_v1
0X2BD5CA404CF4822,45,63,1296.587,964.287,0.7437,2,echonet_dynamic_no_long_axis_v1
0X2BDAE57715F1BBF4,43,59,1140.051,675.12,0.5922,2,echonet_dynamic_no_long_axis_v1
0X2BDE03448DF23DEB,63,77,1051.758,610.243,0.5802,2,echonet_dynamic_no_long_axis_v1
0X2BDF20FFCF3D29F8,40,57,1018.064,633.465,0.6222,2,echonet_dynamic_no_long_axis_v1
0X2BDFE5712EFDDD47,52,68,1261.873,765.154,0.6064,2,echonet_dynamic_no_long_axis_v1
0X2BE0908F65A5A564,42,61,1495.28,983.693,0.6579,2,echonet_dynamic_no_long_axis_v1
0X2BE38B4D5D345FFA,38,52,1440.626,804.305,0.5583,2,echonet_dynamic_no_long_axis_v1
0X2BEAF12F3432C314,40,58,1001.339,712.329,0.7114,2,echonet_dynamic_no_long_axis_v1
0X2BEC544FB23D724A,43,57,1475.73,1113.486,0.7545,2,echonet_dynamic_no_long_axis_v1
0X2BF16ED5C2D8A0D3,90,104,2262.541,1914.657,0.8462,2,echonet_dynamic_no_long_axis_v1
0X2BF66637343A27ED,28,39,1362.177,1148.169,0.8429,2,echonet_dynamic_no_long_axis_v1
0X2BF77B6A39CD9A0B,143,157,2603.555,1778.661,0.6832,2,echonet_dynamic_no_long_axis_v1
0X2C03CDC4A9D90ACD,48,62,1674.209,941.581,0.5624,2,echonet_dynamic_no_long_axis_v1
0X2C03FAE807BF8E76,45,62,2130.669,1247.223,0.5854,2,echonet_dynamic_no_long_axis_v1
0X2C04949A6CC88C77,0,20,2210.534,1835.203,0.8302,2,echonet_dynamic_no_long_axis_v1
0X2C073A809964F995,39,58,1517.263,745.129,0.4911,2,echonet_dynamic_no_long_axis_v1
0X2C0B21D4520985EB,43,58,1475.986,846.268,0.5734,2,echonet_dynamic_no_long_axis_v1
0X2C12346EFB5636F3,134,152,1467.573,715.745,0.4877,2,echonet_dynamic_no_long_axis_v1
0X2C12A8B71D39E8DA,4,16,1169.707,837.618,0.7161,2,echonet_dynamic_no_long_axis_v1
0X2C12BF73BA0A814C,95,121,2102.703,1074.561,0.511,2,echonet_dynamic_no_long_axis_v1
0X2C14699B62EE346C,55,74,2131.255,1263.755,0.593,2,echonet_dynamic_no_long_axis_v1
0X2C18E8C665E9D9A3,35,49,731.524,352.706,0.4822,2,echonet_dynamic_no_long_axis_v1
0X2C190FF79A686E07,97,119,1270.852,864.832,0.6805,2,echonet_dynamic_no_long_axis_v1
0X2C1966CD61F4608D,123,143,1218.388,652.459,0.5355,2,echonet_dynamic_no_long_axis_v1
0X2C19EFC05FC3B091,42,53,1149.47,700.632,0.6095,2,echonet_dynamic_no_long_axis_v1
0X2C21A633164A6BFB,98,115,1026.262,550.689,0.5366,2,echonet_dynamic_no_long_axis_v1
0X2C2DDBD3EB793DAA,49,63,1293.452,631.633,0.4883,2,echonet_dynamic_no_long_axis_v1
0X2C34E713BB4D3308,150,165,1707.403,1128.499,0.6609,2,echonet_dynamic_no_long_axis_v1
0X2C35AFD93B9496EA,54,71,1305.942,830.038,0.6356,2,echonet_dynamic_no_long_axis_v1
0X2C36F355EB681B07,120,138,1429.481,876.619,0.6132,2,echonet_dynamic_no_long_axis_v1
0X2C41E0CF2733C297,49,70,1283.038,682.879,0.5322,2,echonet_dynamic_no_long_axis_v1
0X2C45F28244AF0456,56,69,1327.755,688.416,0.5185,2,echonet_dynamic_no_long_axis_v1
0X2C49216A08762644,52,67,1384.461,673.591,0.4865,2,echonet_dynamic_no_long_axis_v1
0X2C49AB7562FAA93,69,84,1731.732,1060.378,0.6123,2,echonet_dynamic_no_long_axis_v1
0X2C49F6FD06CCBCF8,152,172,2104.116,1225.948,0.5826,2,echonet_dynamic_no_long_axis_v1
0X2C4D02125B318CBD,123,145,1073.129,639.564,0.596,2,echonet_dynamic_no_long_axis_v1
0X2C511E5B9B2D8D2C,47,64,926.518,525.721,0.5674,2,echonet_dynamic_no_long_axis_v1
0X2C5353EF79A2AE33,47,60,1147.091,649.417,0.5661,2,echonet_dynamic_no_long_axis_v1
0X2C56A1B8986F6EA7,3,19,2046.232,1068.904,0.5224,2,echonet_dynamic_no_long_axis_v1
0X2C5FA07F95C49BEE,53,74,1451.666,977.727,0.6735,2,echonet_dynamic_no_long_axis_v1
0X2C6012D44180AE4A,34,47,1472.101,1281.948,0.8708,2,echonet_dynamic_no_long_axis_v1
0X2C61E96BC700B20F,112,141,2549.707,1294.649,0.5078,2,echonet_dynamic_no_long_axis_v1
0X2C693B4B714F5F77,59,65,1386.172,792.507,0.5717,2,echonet_dynamic_no_long_axis_v1
0X2C73664CB7057853,44,67,1578.094,905.61,0.5739,2,echonet_dynamic_no_long_axis_v1
0X2C75C3C43D12BF,95,108,1087.821,573.128,0.5269,2,echonet_dynamic_no_long_axis_v1
0X2C76048845DB3B26,34,49,1840.991,861.459,0.4679,2,echonet_dynamic_no_long_axis_v1
0X2C79C011E028C5C8,132,151,1423.716,775.816,0.5449,2,echonet_dynamic_no_long_axis_v1
0X2C7D0289D4D9C8DA,3,18,1225.514,677.552,0.5529,2,echonet_dynamic_no_long_axis_v1
0X2C7EE3815ECE5418,57,79,785.008,360.544,0.4593,2,echonet_dynamic_no_long_axis_v1
0X2C82A1C3E914188A,141,159,1417.917,1035.357,0.7302,2,echonet_dynamic_no_long_axis_v1
0X2C871D22AD5EAD1A,90,110,1405.204,991.215,0.7054,2,echonet_dynamic_no_long_axis_v1
0X2C87657038E600E4,111,127,1185.517,652.916,0.5507,2,echonet_dynamic_no_long_axis_v1
0X2C8891A017BD1976,53,68,1267.312,697.584,0.5504,2,echonet_dynamic_no_long_axis_v1
0X2C8D4E3F973C4C0C,28,43,979.003,671.305,0.6857,2,echonet_dynamic_no_long_axis_v1
0X2C8D5BE1148380DD,45,57,1490.203,768.022,0.5154,2,echonet_dynamic_no_long_axis_v1
0X2C8E3C1FD1F556BC,128,146,1661.949,875.445,0.5268,2,echonet_dynamic_no_long_axis_v1
0X2C8F95568F4E8742,38,56,2020.222,1313.015,0.6499,2,echonet_dynamic_no_long_axis_v1
0X2C90DA7EB02FCCD2,45,69,3066.211,1798.879,0.5867,2,echonet_dynamic_no_long_axis_v1
0X2C91EA24C7C0B398,125,142,1350.666,632.056,0.468,2,echonet_dynamic_no_long_axis_v1
0X2C9357E39710C30C,74,87,1269.585,944.826,0.7442,2,echonet_dynamic_no_long_axis_v1
0X2C9420596D198D01,83,99,1534.84,921.255,0.6002,2,echonet_dynamic_no_long_axis_v1
0X2C97A655ED70FABF,121,143,866.711,462.174,0.5333,2,echonet_dynamic_no_long_axis_v1
0X2C97ECB94ED1AD37,56,73,1163.212,612.376,0.5265,2,echonet_dynamic_no_long_axis_v1
0X2CA3761058236EF3,98,115,1400.823,742.427,0.53,2,echonet_dynamic_no_long_axis_v1
0X2CA42A8211675132,55,69,1752.446,922.395,0.5263,2,echonet_dynamic_no_long_axis_v1
0X2CA89051DE3DEC33,82,98,1402.774,644.209,0.4592,2,echonet_dynamic_no_long_axis_v1
0X2CA927607A7AB65A,46,65,1149.307,754.162,0.6562,2,echonet_dynamic_no_long_axis_v1
0X2CAA96B0D5EB2D62,33,44,1397.668,1215.036,0.8693,2,echonet_dynamic_no_long_axis_v1
0X2CADB19F2FEE68AD,53,68,2912.052,2106.491,0.7234,2,echonet_dynamic_no_long_axis_v1
0X2CAE2DE8A42A2342,39,53,1243.305,682.284,0.5488,2,echonet_dynamic_no_long_axis_v1
0X2CB0D18E525D7C37,39,54,1213.191,672.971,0.5547,2,echonet_dynamic_no_long_axis_v1
0X2CB14DA1C391E86B,150,182,2016.728,1114.467,0.5526,2,echonet_dynamic_no_long_axis_v1
0X2CB15E6A301D6B19,121,141,1377.091,726.89,0.5278,2,echonet_dynamic_no_long_axis_v1
0X2CB1956D0DB0180C,124,138,989.162,543.539,0.5495,2,echonet_dynamic_no_long_axis_v1
0X2CB329D5D9E62171,31,54,1271.893,808.035,0.6353,2,echonet_dynamic_no_long_axis_v1
0X2CB7A24A2CFDC0DE,65,86,942.63,485.972,0.5155,2,echonet_dynamic_no_long_axis_v1
0X2CB7A5F709ABD767,44,58,1313.452,735.419,0.5599,2,echonet_dynamic_no_long_axis_v1
0X2CBCF722CBB5B80D,54,66,1112.03,915.432,0.8232,2,echonet_dynamic_no_long_axis_v1
0X2CBD88FCC98A48FB,56,73,1354.709,837.201,0.618,2,echonet_dynamic_no_long_axis_v1
0X2CC10C4F3C7A5F8C,56,74,4574.251,2379.057,0.5201,2,echonet_dynamic_no_long_axis_v1
0X2CC1ACAF0876862A,4,20,1867.688,1123.946,0.6018,2,echonet_dynamic_no_long_axis_v1
0X2CC9EEC1D61BB2BF,42,54,1113.605,581.446,0.5221,2,echonet_dynamic_no_long_axis_v1
0X2CCCED512683D687,1,16,1082.924,622.585,0.5749,2,echonet_dynamic_no_long_axis_v1
0X2CCF9716099B6F41,82,99,1238.334,779.053,0.6291,2,echonet_dynamic_no_long_axis_v1
0X2CD8C8DD79E1675F,61,86,2517.346,1799.162,0.7147,2,echonet_dynamic_no_long_axis_v1
0X2CE0CBE435FB7161,75,91,1019.362,542.261,0.532,2,echonet_dynamic_no_long_axis_v1
0X2CE2BBE899FB30A,30,45,1253.033,570.975,0.4557,2,echonet_dynamic_no_long_axis_v1
0X2CE2C2ECE6B2DEF3,47,63,1556.512,1262.221,0.8109,2,echonet_dynamic_no_long_axis_v1
0X2CE35C58DEBA5E84,89,108,1565.726,777.709,0.4967,2,echonet_dynamic_no_long_axis_v1
0X2CE3CF0F97E7FC72,47,61,1783.543,996.452,0.5587,2,echonet_dynamic_no_long_axis_v1
0X2CE44822F7569ED4,33,45,1343.273,1102.602,0.8208,2,echonet_dynamic_no_long_axis_v1
0X2CE840CE9B6A835E,99,117,2637.977,1329.749,0.5041,2,echonet_dynamic_no_long_axis_v1
0X2CE8B16185B68E,2,19,1539.966,1270.794,0.8252,2,echonet_dynamic_no_long_axis_v1
0X2CEF6124DDC757CF,61,71,1404.7,1181.922,0.8414,2,echonet_dynamic_no_long_axis_v1
0X2CF28B839885FBAE,52,67,1605.089,851.22,0.5303,2,echonet_dynamic_no_long_axis_v1
0X2CF2FAD1B2A26CEF,54,71,1587.874,1018.413,0.6414,2,echonet_dynamic_no_long_axis_v1
0X2CF7B35D7849A5D,0,17,2069.482,1081.185,0.5224,2,echonet_dynamic_no_long_axis_v1
0X2CF9DE123FE188CA,73,86,980.896,495.373,0.505,2,echonet_dynamic_no_long_axis_v1
0X2CFC388D482B5B31,0,24,1067.954,851.298,0.7971,2,echonet_dynamic_no_long_axis_v1
0X2CFD447B055E05BF,74,85,1335.048,703.446,0.5269,2,echonet_dynamic_no_long_axis_v1
0X2CFD990707C2AFEF,116,133,1241.942,683.707,0.5505,2,echonet_dynamic_no_long_axis_v1
0X2D03DD1D93E5C751,115,125,1169.747,779.428,0.6663,2,echonet_dynamic_no_long_axis_v1
0X2D103F41D2E38399,46,63,1753.506,1289.04,0.7351,2,echonet_dynamic_no_long_axis_v1
0X2D1062571172E8A7,48,67,1348.626,859.284,0.6372,2,echonet_dynamic_no_long_axis_v1
0X2D10BE0BA5D1B6A9,51,68,2076.065,1382.802,0.6661,2,echonet_dynamic_no_long_axis_v1
0X2D17D1C132427A37,39,49,945.685,573.223,0.6061,2,echonet_dynamic_no_long_axis_v1
0X2D196F26588E2E17,63,77,2026.752,1042.733,0.5145,2,echonet_dynamic_no_long_axis_v1
0X2D19E502F1A7362E,37,49,2217.507,1130.733,0.5099,2,echonet_dynamic_no_long_axis_v1
0X2D1CE5FC57B6FBC1,112,134,1595.784,1277.781,0.8007,2,echonet_dynamic_no_long_axis_v1
0X2D23A079EADDFA54,1,17,1997.281,978.558,0.4899,2,echonet_dynamic_no_long_axis_v1
0X2D2ED63C8BA47E4D,45,61,2149.146,1347.529,0.627,2,echonet_dynamic_no_long_axis_v1
0X2D30608E926E7FC8,35,47,1130.768,560.945,0.4961,2,echonet_dynamic_no_long_axis_v1
0X2D34C7C038A1E3D2,53,71,2071.313,1197.099,0.5779,2,echonet_dynamic_no_long_axis_v1
0X2D3555E57E30410B,46,70,898.269,481.157,0.5356,2,echonet_dynamic_no_long_axis_v1
0X2D374A42BC63F7D3,28,38,1239.11,644.156,0.5199,2,echonet_dynamic_no_long_axis_v1
0X2D37B879A205F20E,102,118,1240.503,698.17,0.5628,2,echonet_dynamic_no_long_axis_v1
0X2D37C242683F1061,56,71,783.083,415.018,0.53,2,echonet_dynamic_no_long_axis_v1
0X2D385BC839299FE6,64,83,1001.662,582.162,0.5812,2,echonet_dynamic_no_long_axis_v1
0X2D3D5BE721D93FAB,48,69,1202.349,744.407,0.6191,2,echonet_dynamic_no_long_axis_v1
0X2D3E3C182D1459C8,52,63,821.998,322.367,0.3922,2,echonet_dynamic_no_long_axis_v1
0X2D3F2E5FFA807CFF,34,47,577.88,352.573,0.6101,2,echonet_dynamic_no_long_axis_v1
0X2D3F7E5490285446,115,130,914.189,451.677,0.4941,2,echonet_dynamic_no_long_axis_v1
0X2D405B452654D053,71,89,910.656,615.516,0.6759,2,echonet_dynamic_no_long_axis_v1
0X2D40DC11D737F49B,44,58,1624.259,1021.691,0.629,2,echonet_dynamic_no_long_axis_v1
0X2D4304FA6A09F93E,182,202,2120.625,1781.779,0.8402,2,echonet_dynamic_no_long_axis_v1
0X2D44B66B9949BE4D,61,81,1627.0,795.349,0.4888,2,echonet_dynamic_no_long_axis_v1
0X2D4C335281042D7F,109,76,1293.723,907.74,0.7016,2,echonet_dynamic_no_long_axis_v1
0X2D4E0673C195F693,87,104,1980.567,1089.654,0.5502,2,echonet_dynamic_no_long_axis_v1
0X2D4F77FD196A3828,156,176,1031.897,546.745,0.5298,2,echonet_dynamic_no_long_axis_v1
0X2D597332A98E785E,72,91,2491.228,1178.87,0.4732,2,echonet_dynamic_no_long_axis_v1
0X2D5BD6E67BD7AE69,37,56,1231.13,756.809,0.6147,2,echonet_dynamic_no_long_axis_v1
0X2D5CC137BFF6A623,60,82,1455.268,865.596,0.5948,2,echonet_dynamic_no_long_axis_v1
0X2D5E11117A6B333B,60,74,1609.797,855.878,0.5317,2,echonet_dynamic_no_long_axis_v1
0X2D604D85FE921D9,35,48,1095.533,494.386,0.4513,2,echonet_dynamic_no_long_axis_v1
0X2D658517E159F3F4,42,57,1549.069,900.726,0.5815,2,echonet_dynamic_no_long_axis_v1
0X2D6601DFA32D0382,33,48,1230.848,696.705,0.566,2,echonet_dynamic_no_long_axis_v1
0X2D66386606994937,144,164,1427.479,721.29,0.5053,2,echonet_dynamic_no_long_axis_v1
0X2D69D2B24305EB5,28,44,2218.969,1722.763,0.7764,2,echonet_dynamic_no_long_axis_v1
0X2D6CA36A674EDC8F,42,56,1520.778,1093.075,0.7188,2,echonet_dynamic_no_long_axis_v1
0X2D6F8C1DEA6EF363,95,112,1262.981,631.197,0.4998,2,echonet_dynamic_no_long_axis_v1
0X2D72B203AB220EAB,59,75,947.791,507.493,0.5354,2,echonet_dynamic_no_long_axis_v1
0X2D7C2A7FD48AC5CA,28,46,980.954,653.237,0.6659,2,echonet_dynamic_no_long_axis_v1
0X2D7E8B6DA9FDB3E0,147,173,1572.15,1214.986,0.7728,2,echonet_dynamic_no_long_axis_v1
0X2D82FF915BD14EFD,96,113,1023.577,577.358,0.5641,2,echonet_dynamic_no_long_axis_v1
0X2D88CA57C0CA4328,96,116,1266.877,739.136,0.5834,2,echonet_dynamic_no_long_axis_v1
0X2D8A896770271A60,22,32,1289.279,920.379,0.7139,2,echonet_dynamic_no_long_axis_v1
0X2D8B38AA1ADBB074,42,57,1157.768,801.077,0.6919,2,echonet_dynamic_no_long_axis_v1
0X2D8BD5AF3B8DED9C,28,46,750.522,396.607,0.5284,2,echonet_dynamic_no_long_axis_v1
0X2D909B4FCF030F77,86,99,1361.264,719.401,0.5285,2,echonet_dynamic_no_long_axis_v1
0X2D93EB042A3DB0E2,34,59,1955.634,1016.273,0.5197,2,echonet_dynamic_no_long_axis_v1
0X2D9566C4D06D6F28,2,19,882.414,550.031,0.6233,2,echonet_dynamic_no_long_axis_v1
0X2D958648FECCDF1E,42,59,925.413,481.47,0.5203,2,echonet_dynamic_no_long_axis_v1
0X2D982113D0EC3AA0,33,47,1058.885,525.576,0.4963,2,echonet_dynamic_no_long_axis_v1
0X2D9DB9841B21B473,99,117,1376.817,1098.071,0.7975,2,echonet_dynamic_no_long_axis_v1
0X2D9E50E6BDB7CF9,49,65,960.445,529.017,0.5508,2,echonet_dynamic_no_long_axis_v1
0X2DA55EE48DCFCD80,37,52,2287.245,1913.83,0.8367,2,echonet_dynamic_no_long_axis_v1
0X2DA7DA5B3CBF9227,38,52,1268.241,686.56,0.5413,2,echonet_dynamic_no_long_axis_v1
0X2DA998F63F173C44,88,103,1331.931,961.975,0.7222,2,echonet_dynamic_no_long_axis_v1
0X2DA99F9FC1DAD8A9,99,114,1687.282,838.987,0.4972,2,echonet_dynamic_no_long_axis_v1
0X2DAD48A6BD57C623,161,174,800.262,473.794,0.592,2,echonet_dynamic_no_long_axis_v1
0X2DAE446A22A6038,118,86,1036.87,702.07,0.6771,2,echonet_dynamic_no_long_axis_v1
0X2DB1613A3E1C52F3,55,67,1055.837,848.977,0.8041,2,echonet_dynamic_no_long_axis_v1
0X2DB1F8801485264A,75,91,1500.618,856.788,0.571,2,echonet_dynamic_no_long_axis_v1
0X2DB87473EC321C75,75,88,1378.351,746.371,0.5415,2,echonet_dynamic_no_long_axis_v1
0X2DC165EBD4F6A499,72,94,991.181,714.305,0.7207,2,echonet_dynamic_no_long_axis_v1
0X2DC355CC1C2B3876,105,126,1066.233,629.535,0.5904,2,echonet_dynamic_no_long_axis_v1
0X2DC8C2A8797096FA,84,104,1699.886,1032.133,0.6072,2,echonet_dynamic_no_long_axis_v1
0X2DCE146E4AE80A3D,0,20,1255.277,1148.477,0.9149,2,echonet_dynamic_no_long_axis_v1
0X2DD4B303E3F4FCB5,81,100,1815.737,1008.826,0.5556,2,echonet_dynamic_no_long_axis_v1
0X2DD603AC2C74F6EC,41,57,808.579,371.865,0.4599,2,echonet_dynamic_no_long_axis_v1
0X2DD74DF5EE1C2986,99,132,1221.116,661.249,0.5415,2,echonet_dynamic_no_long_axis_v1
0X2DDA61D944C9F9C3,43,53,964.446,498.698,0.5171,2,echonet_dynamic_no_long_axis_v1
0X2DDFB92556009B4C,66,78,938.673,565.264,0.6022,2,echonet_dynamic_no_long_axis_v1
0X2DE30D01995BB762,78,92,1527.291,852.858,0.5584,2,echonet_dynamic_no_long_axis_v1
0X2DE58B024738E3C7,0,16,1081.28,593.503,0.5489,2,echonet_dynamic_no_long_axis_v1
0X2DE5DE59AE16AF82,60,80,1724.392,1039.114,0.6026,2,echonet_dynamic_no_long_axis_v1
0X2DE6608CDEC4A536,2,15,1641.892,781.159,0.4758,2,echonet_dynamic_no_long_axis_v1
0X2DE6FC105DDE8B38,38,51,1060.881,1011.136,0.9531,2,echonet_dynamic_no_long_axis_v1
0X2DEC11BFCC04AD8,128,151,1582.146,861.216,0.5443,2,echonet_dynamic_no_long_axis_v1
0X2DEDA110B28EFD48,47,63,1085.27,572.502,0.5275,2,echonet_dynamic_no_long_axis_v1
0X2DF0CD09785D2C10,159,178,1368.083,1137.825,0.8317,2,echonet_dynamic_no_long_axis_v1
0X2DF88C27BB20C25D,157,172,1159.062,816.335,0.7043,2,echonet_dynamic_no_long_axis_v1
0X2DFB4F76758EF666,96,110,2502.877,1494.054,0.5969,2,echonet_dynamic_no_long_axis_v1
0X2E0036AF7A9C970E,52,66,1213.738,646.573,0.5327,2,echonet_dynamic_no_long_axis_v1
0X2E00AD0FD28287B9,72,90,3389.947,2697.182,0.7956,2,echonet_dynamic_no_long_axis_v1
0X2E03541DE1D78F8C,44,57,1131.663,479.82,0.424,2,echonet_dynamic_no_long_axis_v1
0X2E041070DF3C0BCD,51,73,1415.824,849.674,0.6001,2,echonet_dynamic_no_long_axis_v1
0X2E08BE7843E94F2C,52,74,880.848,534.659,0.607,2,echonet_dynamic_no_long_axis_v1
0X2E0A75B64C955D2F,94,113,2021.089,985.811,0.4878,2,echonet_dynamic_no_long_axis_v1
0X2E0FDC08CC93A3C6,115,133,1727.348,944.234,0.5466,2,echonet_dynamic_no_long_axis_v1
0X2E10D578B99BF9F3,1,19,3215.978,1681.754,0.5229,2,echonet_dynamic_no_long_axis_v1
0X2E1476D1A5C2BA29,31,43,980.329,591.064,0.6029,2,echonet_dynamic_no_long_axis_v1
0X2E17DD438B26829,38,54,1327.883,761.857,0.5737,2,echonet_dynamic_no_long_axis_v1
0X2E19B6DE8518F7FD,112,125,1038.742,656.243,0.6318,2,echonet_dynamic_no_long_axis_v1
0X2E1C7FD7AF5F7124,51,66,1440.592,800.662,0.5558,2,echonet_dynamic_no_long_axis_v1
0X2E1EAA6DEAA3C9A4,42,61,1005.091,505.125,0.5026,2,echonet_dynamic_no_long_axis_v1
0X2E1EF8E244CECCFD,91,109,1652.984,982.398,0.5943,2,echonet_dynamic_no_long_axis_v1
0X2E2A4F7D4604622F,120,137,1561.916,998.407,0.6392,2,echonet_dynamic_no_long_axis_v1
0X2E2E861DD589D587,110,125,1724.063,933.215,0.5413,2,echonet_dynamic_no_long_axis_v1
0X2E2FB299A22B2B76,64,83,1405.423,717.319,0.5104,2,echonet_dynamic_no_long_axis_v1
0X2E38C47AC9A2A3E6,80,96,547.097,308.408,0.5637,2,echonet_dynamic_no_long_axis_v1
0X2E407BCA61BDF192,45,63,1348.496,693.399,0.5142,2,echonet_dynamic_no_long_axis_v1
0X2E410E770355AAC2,109,126,1208.382,568.45,0.4704,2,echonet_dynamic_no_long_axis_v1
0X2E42A13CDA91A601,40,56,2517.148,1873.439,0.7443,2,echonet_dynamic_no_long_axis_v1
0X2E462984BEAE8FCD,119,134,807.005,400.268,0.496,2,echonet_dynamic_no_long_axis_v1
0X2E46B7FD40A6955D,40,56,1659.572,1113.643,0.671,2,echonet_dynamic_no_long_axis_v1
0X2E47B387F4355FB3,84,100,1387.431,779.58,0.5619,2,echonet_dynamic_no_long_axis_v1
0X2E4CC2441CFABDB0,49,68,2020.327,1044.596,0.517,2,echonet_dynamic_no_long_axis_v1
0X2E52102EE379C357,52,66,3967.565,2324.956,0.586,2,echonet_dynamic_no_long_axis_v1
0X2E5298542F1F9C97,137,151,1754.237,1141.862,0.6509,2,echonet_dynamic_no_long_axis_v1
0X2E580D3095F8413D,44,56,1478.262,767.174,0.519,2,echonet_dynamic_no_long_axis_v1
0X2E5D1A5A950E394A,55,75,1135.634,691.776,0.6092,2,echonet_dynamic_no_long_axis_v1
0X2E5D7030DC1C9FBC,171,189,2273.125,1861.262,0.8188,2,echonet_dynamic_no_long_axis_v1
0X2E5EDA11D632F50,55,73,1118.319,619.422,0.5539,2,echonet_dynamic_no_long_axis_v1
0X2E61656CEDFA0B02,126,148,1459.493,856.433,0.5868,2,echonet_dynamic_no_long_axis_v1
0X2E636FB653B4D46,60,85,1389.331,772.028,0.5557,2,echonet_dynamic_no_long_axis_v1
0X2E707E80B324D9F8,68,88,2705.02,1587.8,0.587,2,echonet_dynamic_no_long_axis_v1
0X2E711400B03C543B,56,74,1268.123,785.087,0.6191,2,echonet_dynamic_no_long_axis_v1
0X2E71FF0BAAC3BEC1,69,81,1656.981,845.299,0.5101,2,echonet_dynamic_no_long_axis_v1
0X2E733C8B779C06B7,34,55,1800.631,1388.29,0.771,2,echonet_dynamic_no_long_axis_v1
0X2E74B3A21BA7934E,137,149,1139.972,645.828,0.5665,2,echonet_dynamic_no_long_axis_v1
0X2E77A82F2D70D940,41,56,1373.965,775.775,0.5646,2,echonet_dynamic_no_long_axis_v1
0X2E7C63C6E680E0FD,58,80,1120.727,672.451,0.6,2,echonet_dynamic_no_long_axis_v1
0X2E7D89B9C53F4DBF,37,48,697.794,409.773,0.5872,2,echonet_dynamic_no_long_axis_v1
0X2E8342A7771D0391,50,61,722.913,398.61,0.5514,2,echonet_dynamic_no_long_axis_v1
0X2E879F97E4C4DB87,32,44,939.685,568.679,0.6052,2,echonet_dynamic_no_long_axis_v1
0X2E8A4D028176C17A,76,96,2035.363,1702.244,0.8363,2,echonet_dynamic_no_long_axis_v1
0X2E8CF6423EA1B7EC,49,65,1052.416,621.651,0.5907,2,echonet_dynamic_no_long_axis_v1
0X2E908EB5E89DD099,94,108,2123.871,1069.834,0.5037,2,echonet_dynamic_no_long_axis_v1
0X2E924753D4D5ED2A,103,114,1138.111,666.811,0.5859,2,echonet_dynamic_no_long_axis_v1
0X2E94465751550B92,1,19,1614.033,847.183,0.5249,2,echonet_dynamic_no_long_axis_v1
0X2E9602C7CB2FD797,58,74,1601.3,904.539,0.5649,2,echonet_dynamic_no_long_axis_v1
0X2E9AEFC26169C304,37,51,945.885,559.83,0.5919,2,echonet_dynamic_no_long_axis_v1
0X2E9E2C168789FA46,42,62,3267.34,2029.028,0.621,2,echonet_dynamic_no_long_axis_v1
0X2EA240C55AAD9858,1,21,2031.129,1158.497,0.5704,2,echonet_dynamic_no_long_axis_v1
0X2EA4BD879EEE7D43,101,111,703.549,419.614,0.5964,2,echonet_dynamic_no_long_axis_v1
0X2EA8A7FE9B5CD93E,41,62,1738.682,972.146,0.5591,2,echonet_dynamic_no_long_axis_v1
0X2EADDC6889C08ABC,64,81,1358.87,739.448,0.5442,2,echonet_dynamic_no_long_axis_v1
0X2EAF0F81176431E0,116,127,1117.115,615.59,0.5511,2,echonet_dynamic_no_long_axis_v1
0X2EAF0FCB979CE980,58,78,1302.367,783.157,0.6013,2,echonet_dynamic_no_long_axis_v1
0X2EB2CC02E37A1070,35,51,815.671,663.113,0.813,2,echonet_dynamic_no_long_axis_v1
0X2EB39D9717E466FB,42,56,1055.965,613.46,0.5809,2,echonet_dynamic_no_long_axis_v1
0X2EB86B8EAE0A26F0,54,72,2562.208,1451.559,0.5665,2,echonet_dynamic_no_long_axis_v1
0X2EB93A2E4548142E,31,49,1648.981,1262.841,0.7658,2,echonet_dynamic_no_long_axis_v1
0X2EBCFAC54E08438,55,74,2723.669,1557.368,0.5718,2,echonet_dynamic_no_long_axis_v1
0X2EC24D55FD3FC423,102,116,1483.781,774.631,0.5221,2,echonet_dynamic_no_long_axis_v1
0X2EC2E75D27C6F224,46,18,1237.141,771.88,0.6239,2,echonet_dynamic_no_long_axis_v1
0X2EC3A1A5F3971273,71,81,1829.616,1558.93,0.8521,2,echonet_dynamic_no_long_axis_v1
0X2EC3E1044DE5412D,48,62,1365.872,800.335,0.586,2,echonet_dynamic_no_long_axis_v1
0X2EC46449B60FD85B,90,104,1338.197,721.713,0.5393,2,echonet_dynamic_no_long_axis_v1
0X2EC469A29DD619FF,68,79,1045.627,694.382,0.6641,2,echonet_dynamic_no_long_axis_v1
0X2EC98D548B0A3542,129,148,1266.193,651.61,0.5146,2,echonet_dynamic_no_long_axis_v1
0X2ECD35E6B98033EB,70,84,1809.564,1290.845,0.7133,2,echonet_dynamic_no_long_axis_v1
0X2ECE3ECC0BF62256,65,80,1541.49,781.93,0.5073,2,echonet_dynamic_no_long_axis_v1
0X2ED5BE4B6181065A,52,62,982.144,555.984,0.5661,2,echonet_dynamic_no_long_axis_v1
0X2ED852A3EC97B2E1,2,22,1195.691,601.05,0.5027,2,echonet_dynamic_no_long_axis_v1
0X2EDA3A769536EEF8,149,164,1908.701,1500.115,0.7859,2,echonet_dynamic_no_long_axis_v1
0X2EDDFC5697535B9C,55,74,2507.118,1471.117,0.5868,2,echonet_dynamic_no_long_axis_v1
0X2EDF6921AA560E72,82,104,1313.482,691.272,0.5263,2,echonet_dynamic_no_long_axis_v1
0X2EE0A304184B797,39,55,818.014,472.858,0.5781,2,echonet_dynamic_no_long_axis_v1
0X2EE1815F10D8A1F,92,107,829.077,521.059,0.6285,2,echonet_dynamic_no_long_axis_v1
0X2EE56F270D208DF2,45,63,3265.135,2384.937,0.7304,2,echonet_dynamic_no_long_axis_v1
0X2EE5F2D684F133AA,42,54,1655.737,1069.994,0.6462,2,echonet_dynamic_no_long_axis_v1
0X2EE799C4FDC049DB,8,26,1093.123,588.228,0.5381,2,echonet_dynamic_no_long_axis_v1
0X2EEB52E916176270,98,118,1377.625,723.573,0.5252,2,echonet_dynamic_no_long_axis_v1
0X2EF360C2BADB742,77,89,1715.387,1292.049,0.7532,2,echonet_dynamic_no_long_axis_v1
0X2EF6FF02EC002834,253,276,1468.674,1192.124,0.8117,2,echonet_dynamic_no_long_axis_v1
0X2EF985AA40F1925D,46,66,2209.545,1194.368,0.5405,2,echonet_dynamic_no_long_axis_v1
0X2EFB024B09168681,48,68,1809.216,1280.894,0.708,2,echonet_dynamic_no_long_axis_v1
0X2EFB608A1CC1437F,63,79,1071.635,780.824,0.7286,2,echonet_dynamic_no_long_axis_v1
0X2F064717C2ADEB37,61,76,924.263,512.867,0.5549,2,echonet_dynamic_no_long_axis_v1
0X2F094CEC2EEA4606,54,72,1085.399,684.307,0.6305,2,echonet_dynamic_no_long_axis_v1
0X2F0A8FC115DF5430,47,63,1238.446,917.876,0.7412,2,echonet_dynamic_no_long_axis_v1
0X2F0CAB93EBD17678,67,88,902.356,442.718,0.4906,2,echonet_dynamic_no_long_axis_v1
0X2F0CC49D6B277135,77,103,1553.121,900.44,0.5798,2,echonet_dynamic_no_long_axis_v1
0X2F0F6CF2E9C4A169,46,61,1383.236,750.014,0.5422,2,echonet_dynamic_no_long_axis_v1
0X2F102F29E46CC1C0,49,64,1174.268,672.885,0.573,2,echonet_dynamic_no_long_axis_v1
0X2F11637431660144,40,52,872.01,435.861,0.4998,2,echonet_dynamic_no_long_axis_v1
0X2F15468C912C8E60,1,18,1541.963,860.379,0.558,2,echonet_dynamic_no_long_axis_v1
0X2F15D09454E8628C,130,146,2098.859,1150.071,0.548,2,echonet_dynamic_no_long_axis_v1
0X2F178A2E89C73B5,112,128,1213.788,976.027,0.8041,2,echonet_dynamic_no_long_axis_v1
0X2F1E80FB8078C3E8,168,189,2251.712,1453.394,0.6455,2,echonet_dynamic_no_long_axis_v1
0X2F1EFBACA8FA6CB5,22,32,1715.054,1380.435,0.8049,2,echonet_dynamic_no_long_axis_v1
0X2F21A058E2B8304A,123,132,1173.833,686.938,0.5852,2,echonet_dynamic_no_long_axis_v1
0X2F290311A5574772,46,62,1302.238,746.115,0.5729,2,echonet_dynamic_no_long_axis_v1
0X2F29E8E7691D0E32,57,74,1017.857,536.128,0.5267,2,echonet_dynamic_no_long_axis_v1
0X2F2A34E211A5A1FE,0,16,2201.148,1417.851,0.6441,2,echonet_dynamic_no_long_axis_v1
0X2F3141F00A232601,117,133,1317.943,960.34,0.7287,2,echonet_dynamic_no_long_axis_v1
0X2F32F1458812322B,38,55,1171.938,626.965,0.535,2,echonet_dynamic_no_long_axis_v1
0X2F332BC4ACA747A0,40,55,1170.638,573.319,0.4897,2,echonet_dynamic_no_long_axis_v1
0X2F35B6AE58B2D4A4,34,46,2412.269,1229.521,0.5097,2,echonet_dynamic_no_long_axis_v1
0X2F38FFD4351DB77B,91,105,2213.157,1303.018,0.5888,2,echonet_dynamic_no_long_axis_v1
0X2F3A223D2AC5A8C9,91,106,1692.612,1424.73,0.8417,2,echonet_dynamic_no_long_axis_v1
0X2F3ABF4B8389713F,51,71,1006.608,556.321,0.5527,2,echonet_dynamic_no_long_axis_v1
0X2F3CE7185C80B272,46,65,1665.561,1108.142,0.6653,2,echonet_dynamic_no_long_axis_v1
0X2F3DCD66E67791C0,45,64,857.814,487.635,0.5685,2,echonet_dynamic_no_long_axis_v1
0X2F405D88DA52F20D,2,19,2852.305,1796.457,0.6298,2,echonet_dynamic_no_long_axis_v1
0X2F51B5A594D13CC4,53,71,1558.828,787.811,0.5054,2,echonet_dynamic_no_long_axis_v1
0X2F5250C07A31A531,73,86,931.922,559.159,0.6,2,echonet_dynamic_no_long_axis_v1
0X2F55C5011B932EE5,104,124,1814.864,1038.675,0.5723,2,echonet_dynamic_no_long_axis_v1
0X2F57AD6F6A61BD37,179,198,1284.248,649.102,0.5054,2,echonet_dynamic_no_long_axis_v1
0X2F57AF57EBACCEB,85,104,2182.135,1057.111,0.4844,2,echonet_dynamic_no_long_axis_v1
0X2F588214D2744257,49,70,1113.358,555.706,0.4991,2,echonet_dynamic_no_long_axis_v1
0X2F59305E0FDCC775,43,59,969.871,600.56,0.6192,2,echonet_dynamic_no_long_axis_v1
0X2F5B2D5DBDD28F66,5,16,2380.658,2035.85,0.8552,2,echonet_dynamic_no_long_axis_v1
0X2F60720EDEDB2B84,51,72,901.512,528.495,0.5862,2,echonet_dynamic_no_long_axis_v1
0X2F65820B1076710D,46,74,2021.025,1578.069,0.7808,2,echonet_dynamic_no_long_axis_v1
0X2F694951F67DF1B1,37,51,1038.058,574.442,0.5534,2,echonet_dynamic_no_long_axis_v1
0X2F6973744CFA87D7,40,62,2427.787,2159.702,0.8896,2,echonet_dynamic_no_long_axis_v1
0X2F6DD3F418E35400,31,44,1022.205,600.835,0.5878,2,echonet_dynamic_no_long_axis_v1
0X2F71399035F475FB,105,122,682.034,384.287,0.5634,2,echonet_dynamic_no_long_axis_v1
0X2F73A1716262CBE0,103,120,1434.415,822.558,0.5734,2,echonet_dynamic_no_long_axis_v1
0X2F763FE2C438D16,59,81,1451.761,906.719,0.6246,2,echonet_dynamic_no_long_axis_v1
0X2F778DF5E4DA96AD,57,71,1082.932,571.035,0.5273,2,echonet_dynamic_no_long_axis_v1
0X2F7B172A664C6989,79,57,767.93,448.719,0.5843,2,echonet_dynamic_no_long_axis_v1
0X2F7E24BFBA3AA884,41,58,1379.441,741.015,0.5372,2,echonet_dynamic_no_long_axis_v1
0X2F7EF90430E9370C,31,40,1109.518,586.442,0.5286,2,echonet_dynamic_no_long_axis_v1
0X2F80BA0880335F5B,86,105,2016.084,852.745,0.423,2,echonet_dynamic_no_long_axis_v1
0X2F8172CBAC91EBCE,147,158,1170.544,596.978,0.51,2,echonet_dynamic_no_long_axis_v1
0X2F82938DF2A52427,1,20,1266.633,725.399,0.5727,2,echonet_dynamic_no_long_axis_v1
0X2F839D43FB3ABB20,55,69,1279.424,665.706,0.5203,2,echonet_dynamic_no_long_axis_v1
0X2F86CEC86F015C5D,47,64,1109.785,700.42,0.6311,2,echonet_dynamic_no_long_axis_v1
0X2F874518FF81C895,42,55,1033.723,549.094,0.5312,2,echonet_dynamic_no_long_axis_v1
0X2F8B4FE7F10C9FA1,65,83,1337.24,745.31,0.5573,2,echonet_dynamic_no_long_axis_v1
0X2F9151F662C9CD76,82,95,739.75,387.808,0.5242,2,echonet_dynamic_no_long_axis_v1
0X2F92E6A93BE81557,39,49,1598.64,881.19,0.5512,2,echonet_dynamic_no_long_axis_v1
0X2F99E4F6D932876F,47,60,798.27,466.222,0.584,2,echonet_dynamic_no_long_axis_v1
0X2F9E2329B851C361,30,44,1010.15,589.239,0.5833,2,echonet_dynamic_no_long_axis_v1
0X2F9F41180785BAB1,45,63,2613.618,2236.354,0.8557,2,echonet_dynamic_no_long_axis_v1
0X2FA10595E74036E6,78,96,1480.846,712.456,0.4811,2,echonet_dynamic_no_long_axis_v1
0X2FA3584A1A60A7BE,110,126,1038.255,618.939,0.5961,2,echonet_dynamic_no_long_axis_v1
0X2FA3FF89B166D768,30,44,1418.462,1273.296,0.8977,2,echonet_dynamic_no_long_axis_v1
0X2FA600708C8C76CA,97,110,1218.651,735.536,0.6036,2,echonet_dynamic_no_long_axis_v1
0X2FA6F6D940DD7CEC,70,87,1432.492,790.422,0.5518,2,echonet_dynamic_no_long_axis_v1
0X2FA86741F726D47C,39,59,2078.078,1217.691,0.586,2,echonet_dynamic_no_long_axis_v1
0X2FA98A8EA1D32AE4,40,48,585.803,318.441,0.5436,2,echonet_dynamic_no_long_axis_v1
0X2FAA908FAA937E75,100,117,1139.657,616.273,0.5408,2,echonet_dynamic_no_long_axis_v1
0X2FAAC59C895C5441,112,127,877.511,519.618,0.5921,2,echonet_dynamic_no_long_axis_v1
0X2FAB42A57418EC49,110,132,1304.529,762.575,0.5846,2,echonet_dynamic_no_long_axis_v1
0X2FAD587DA2A84649,51,71,1803.894,905.419,0.5019,2,echonet_dynamic_no_long_axis_v1
0X2FADE9E508CBEBBB,140,164,1761.816,967.652,0.5492,2,echonet_dynamic_no_long_axis_v1
0X2FAFDA5737784951,82,100,1195.475,954.919,0.7988,2,echonet_dynamic_no_long_axis_v1
0X2FB094DB8A50D559,97,112,1316.435,799.269,0.6071,2,echonet_dynamic_no_long_axis_v1
0X2FB0B822B78A2E22,57,71,1281.54,721.336,0.5629,2,echonet_dynamic_no_long_axis_v1
0X2FB2FF3DCA860716,73,86,864.673,482.468,0.558,2,echonet_dynamic_no_long_axis_v1
0X2FB599E81FD49B1F,39,59,1604.465,1160.48,0.7233,2,echonet_dynamic_no_long_axis_v1
0X2FB96B1F06BA9765,92,112,887.227,485.523,0.5472,2,echonet_dynamic_no_long_axis_v1
0X2FBC0AB4967074E9,39,53,1711.248,934.886,0.5463,2,echonet_dynamic_no_long_axis_v1
0X2FCB95682388D5A3,45,61,955.941,517.947,0.5418,2,echonet_dynamic_no_long_axis_v1
0X2FCD60103356EECD,48,64,934.397,471.17,0.5043,2,echonet_dynamic_no_long_axis_v1
0X2FCD96B6D495DDCB,38,51,1301.39,1035.33,0.7956,2,echonet_dynamic_no_long_axis_v1
0X2FCF352447197479,0,22,1343.542,819.397,0.6099,2,echonet_dynamic_no_long_axis_v1
0X2FCF4A3A64516275,61,79,1050.892,473.05,0.4501,2,echonet_dynamic_no_long_axis_v1
0X2FCF6321B94208F9,77,95,1925.124,1043.554,0.5421,2,echonet_dynamic_no_long_axis_v1
0X2FCF84F7FD763713,2,16,1378.021,543.423,0.3944,2,echonet_dynamic_no_long_axis_v1
0X2FD13114B6B7BA39,53,72,1423.693,691.101,0.4854,2,echonet_dynamic_no_long_axis_v1
0X2FD727869D3D7132,50,69,1239.601,685.939,0.5534,2,echonet_dynamic_no_long_axis_v1
0X2FDDCD0EE2DAB2E0,124,144,1502.142,780.638,0.5197,2,echonet_dynamic_no_long_axis_v1
0X2FDECA4EA592C887,60,79,2922.265,1635.213,0.5596,2,echonet_dynamic_no_long_axis_v1
0X2FDF24DB8EF1CE4D,100,112,933.976,397.239,0.4253,2,echonet_dynamic_no_long_axis_v1
0X2FE7BCA20D009E39,61,77,1392.199,708.068,0.5086,2,echonet_dynamic_no_long_axis_v1
0X2FE828B7456FE840,53,83,1807.418,1350.905,0.7474,2,echonet_dynamic_no_long_axis_v1
0X2FE99C7939456141,51,68,1167.842,874.686,0.749,2,echonet_dynamic_no_long_axis_v1
0X2FEC1EA391B6A3BB,109,125,1277.108,881.398,0.6902,2,echonet_dynamic_no_long_axis_v1
0X2FF0C9AF0BDAE066,51,69,1769.926,939.327,0.5307,2,echonet_dynamic_no_long_axis_v1
0X2FF33D4035E666DB,50,68,1090.811,533.258,0.4889,2,echonet_dynamic_no_long_axis_v1
0X2FFB2D1F3A52F4AF,41,49,1266.733,740.417,0.5845,2,echonet_dynamic_no_long_axis_v1
0X2FFB8AB1CBB7C3D,47,65,1830.206,1234.411,0.6745,2,echonet_dynamic_no_long_axis_v1
0X2FFF24580B67B985,76,92,1409.832,1219.794,0.8652,2,echonet_dynamic_no_long_axis_v1
0X2FFF4396044B9599,134,148,1501.534,951.331,0.6336,2,echonet_dynamic_no_long_axis_v1
0X2FFFF8FC560376F0,47,64,1810.15,1113.974,0.6154,2,echonet_dynamic_no_long_axis_v1
0X30031EC6E173237B,154,171,1422.719,735.602,0.517,2,echonet_dynamic_no_long_axis_v1
0X30095431B14EB3DF,46,19,2253.981,1348.935,0.5985,2,echonet_dynamic_no_long_axis_v1
0X300AA381A5509008,66,86,1196.07,664.951,0.5559,2,echonet_dynamic_no_long_axis_v1
0X300D3D8177BE07A6,106,122,1555.058,891.511,0.5733,2,echonet_dynamic_no_long_axis_v1
0X300EB440D348F45,83,95,1015.033,514.718,0.5071,2,echonet_dynamic_no_long_axis_v1
0X3011B1FF13AA6C42,80,114,2600.228,1439.185,0.5535,2,echonet_dynamic_no_long_axis_v1
0X30162222B586A328,100,116,2095.808,996.81,0.4756,2,echonet_dynamic_no_long_axis_v1
0X3016B7ECCCEAE02C,98,118,1478.247,940.921,0.6365,2,echonet_dynamic_no_long_axis_v1
0X30191C05574D0257,123,140,1490.615,794.647,0.5331,2,echonet_dynamic_no_long_axis_v1
0X3023ECB2216511F0,50,66,1348.245,768.585,0.5701,2,echonet_dynamic_no_long_axis_v1
0X302567FE70174845,4,18,1326.544,693.765,0.523,2,echonet_dynamic_no_long_axis_v1
0X30274DCF9BBA567F,73,92,1245.75,630.522,0.5061,2,echonet_dynamic_no_long_axis_v1
0X3027FD45B2C26E6B,100,119,829.197,481.55,0.5807,2,echonet_dynamic_no_long_axis_v1
0X302819E258912025,53,75,1060.923,582.504,0.5491,2,echonet_dynamic_no_long_axis_v1
0X302995669B66A122,102,120,1479.141,1176.227,0.7952,2,echonet_dynamic_no_long_axis_v1
0X3029C3C640B5EFD9,93,109,2753.181,1423.764,0.5171,2,echonet_dynamic_no_long_axis_v1
0X302B5A67D2FD528F,30,42,2011.975,1023.183,0.5085,2,echonet_dynamic_no_long_axis_v1
0X302DC89F8DBB4E72,38,52,1121.471,651.817,0.5812,2,echonet_dynamic_no_long_axis_v1
0X3031FD2072E91F1F,57,73,1315.035,732.147,0.5568,2,echonet_dynamic_no_long_axis_v1
0X303266C9753A9221,88,104,1718.81,978.644,0.5694,2,echonet_dynamic_no_long_axis_v1
0X3032DD7D5F77DC37,159,176,1462.478,617.204,0.422,2,echonet_dynamic_no_long_axis_v1
0X303781B228664E4,47,68,935.148,779.308,0.8334,2,echonet_dynamic_no_long_axis_v1
0X3038AF85DAEA33AF,114,135,1023.791,573.221,0.5599,2,echonet_dynamic_no_long_axis_v1
0X303B6560E7903370,49,68,1491.051,832.085,0.5581,2,echonet_dynamic_no_long_axis_v1
0X303FBC993DCFFA5A,74,90,511.711,292.59,0.5718,2,echonet_dynamic_no_long_axis_v1
0X304072964F9FED96,104,122,2365.4,1672.544,0.7071,2,echonet_dynamic_no_long_axis_v1
0X30478F96BBD1A142,80,96,2577.272,2263.745,0.8783,2,echonet_dynamic_no_long_axis_v1
0X3047DAECF3BF4F35,63,80,1938.634,1016.735,0.5245,2,echonet_dynamic_no_long_axis_v1
0X30498000742D4D19,42,57,1926.246,1092.751,0.5673,2,echonet_dynamic_no_long_axis_v1
0X304BECC72FD64162,50,70,883.921,481.088,0.5443,2,echonet_dynamic_no_long_axis_v1
0X304F73AE14FCAAEE,49,65,962.161,481.456,0.5004,2,echonet_dynamic_no_long_axis_v1
0X304FEB38430F6379,46,63,1024.719,555.269,0.5419,2,echonet_dynamic_no_long_axis_v1
0X305357FDBA449A7E,42,58,2751.012,2356.826,0.8567,2,echonet_dynamic_no_long_axis_v1
0X3057B68614333EF5,53,69,1337.141,868.244,0.6493,2,echonet_dynamic_no_long_axis_v1
0X305A08AAFCD0F1B,74,85,1387.241,1042.885,0.7518,2,echonet_dynamic_no_long_axis_v1
0X305C73A65134962D,73,89,1320.316,1122.694,0.8503,2,echonet_dynamic_no_long_axis_v1
0X305DA6109DF57F3E,46,66,2482.35,1483.445,0.5976,2,echonet_dynamic_no_long_axis_v1
0X306001BA85006E21,4,16,737.874,446.67,0.6053,2,echonet_dynamic_no_long_axis_v1
0X306089480560F2CB,71,92,1662.885,1153.978,0.694,2,echonet_dynamic_no_long_axis_v1
0X30623CFE5E3AD181,86,101,2276.67,1339.804,0.5885,2,echonet_dynamic_no_long_axis_v1
0X3062BAD834AAB2A3,81,94,730.225,453.153,0.6206,2,echonet_dynamic_no_long_axis_v1
0X3064D2C12E6718AD,7,16,1072.436,800.934,0.7468,2,echonet_dynamic_no_long_axis_v1
0X3064DF4DEEA10F77,108,133,1318.463,846.453,0.642,2,echonet_dynamic_no_long_axis_v1
0X306F42A51FFEB3CD,102,111,1533.683,951.334,0.6203,2,echonet_dynamic_no_long_axis_v1
0X3070B9FC19EEA1A8,31,45,903.678,720.75,0.7976,2,echonet_dynamic_no_long_axis_v1
0X3073CB032B344F83,0,17,1982.275,1350.063,0.6811,2,echonet_dynamic_no_long_axis_v1
0X3074A91A06F3DF4F,40,56,1276.986,680.149,0.5326,2,echonet_dynamic_no_long_axis_v1
0X3077040EC90D916D,56,76,1269.274,816.091,0.643,2,echonet_dynamic_no_long_axis_v1
0X30789B87116B381C,108,122,1661.168,826.778,0.4977,2,echonet_dynamic_no_long_axis_v1
0X307C147F99088E0E,100,115,1011.006,544.713,0.5388,2,echonet_dynamic_no_long_axis_v1
0X3086B124F7E9C217,43,61,1569.657,1176.97,0.7498,2,echonet_dynamic_no_long_axis_v1
0X30875E172CAE1B6E,37,51,830.748,366.674,0.4414,2,echonet_dynamic_no_long_axis_v1
0X308F6D2FF3555209,197,210,945.861,471.245,0.4982,2,echonet_dynamic_no_long_axis_v1
0X3091FF4E0AE5D57C,96,113,1168.232,771.694,0.6606,2,echonet_dynamic_no_long_axis_v1
0X309525C0BF6240C0,49,64,1627.765,811.142,0.4983,2,echonet_dynamic_no_long_axis_v1
0X3096BB5F01A3E901,227,251,1948.052,1101.498,0.5654,2,echonet_dynamic_no_long_axis_v1
0X309AD0F57E1C81B2,0,24,2310.251,1324.134,0.5732,2,echonet_dynamic_no_long_axis_v1
0X309C2F4CC7C29F55,40,50,984.489,507.348,0.5153,2,echonet_dynamic_no_long_axis_v1
0X309E151E82DD9D94,89,105,1221.779,733.494,0.6003,2,echonet_dynamic_no_long_axis_v1
0X30A216CE9B22EF5,102,130,1571.453,721.643,0.4592,2,echonet_dynamic_no_long_axis_v1
0X30A55286F1F00DD9,120,136,1298.552,679.991,0.5237,2,echonet_dynamic_no_long_axis_v1
0X30A9476068D69B16,47,58,1245.278,770.368,0.6186,2,echonet_dynamic_no_long_axis_v1
0X30ADD91111F35C41,40,57,2840.342,1904.379,0.6705,2,echonet_dynamic_no_long_axis_v1
0X30AFF793AC29BD2B,81,94,954.294,691.068,0.7242,2,echonet_dynamic_no_long_axis_v1
0X30B39D3B28B492C0,55,74,1195.826,653.396,0.5464,2,echonet_dynamic_no_long_axis_v1
0X30B3AAE38D19F95A,1,12,1089.033,638.907,0.5867,2,echonet_dynamic_no_long_axis_v1
0X30B768205DDFE981,151,163,838.306,472.738,0.5639,2,echonet_dynamic_no_long_axis_v1
0X30B78D6996933B74,71,86,1517.908,723.186,0.4764,2,echonet_dynamic_no_long_axis_v1
0X30BABD45D8570AD3,41,57,569.526,433.068,0.7604,2,echonet_dynamic_no_long_axis_v1
0X30BFDB06375733D1,3,18,784.92,582.743,0.7424,2,echonet_dynamic_no_long_axis_v1
0X30BFEEB4102D358F,58,75,1012.181,559.472,0.5527,2,echonet_dynamic_no_long_axis_v1
0X30C23954381AEB00,93,108,1101.049,862.84,0.7837,2,echonet_dynamic_no_long_axis_v1
0X30C6E212959E3A90,50,70,2050.311,1288.846,0.6286,2,echonet_dynamic_no_long_axis_v1
0X30CAEB4DADB146B,90,107,1349.039,820.713,0.6084,2,echonet_dynamic_no_long_axis_v1
0X30CB7DA75CA8487B,96,109,2695.325,1483.414,0.5504,2,echonet_dynamic_no_long_axis_v1
0X30D3622EBC82AC5F,105,120,1465.408,699.957,0.4777,2,echonet_dynamic_no_long_axis_v1
0X30D3A903D183E50E,48,64,1288.455,702.086,0.5449,2,echonet_dynamic_no_long_axis_v1
0X30D3D4670D1960CB,48,62,1139.835,577.05,0.5063,2,echonet_dynamic_no_long_axis_v1
0X30D49694BD3BE8E1,0,19,2580.654,2175.862,0.8431,2,echonet_dynamic_no_long_axis_v1
0X30DC735C9465A19B,41,54,844.261,444.698,0.5267,2,echonet_dynamic_no_long_axis_v1
0X30DD2E0EFB94A0C3,29,44,933.155,437.929,0.4693,2,echonet_dynamic_no_long_axis_v1
0X30DD64890676EF7D,66,85,891.112,482.751,0.5417,2,echonet_dynamic_no_long_axis_v1
0X30DF42C999969D67,41,50,835.584,706.826,0.8459,2,echonet_dynamic_no_long_axis_v1
0X30E04350F8CE348B,0,18,928.789,448.04,0.4824,2,echonet_dynamic_no_long_axis_v1
0X30E33024CE9DF8E9,36,51,1342.397,747.407,0.5568,2,echonet_dynamic_no_long_axis_v1
0X30F0CADB380AFD41,57,74,1437.427,742.252,0.5164,2,echonet_dynamic_no_long_axis_v1
0X30F59532488B7385,62,77,2312.689,1072.228,0.4636,2,echonet_dynamic_no_long_axis_v1
0X30FC08C8A542EB2F,50,73,813.275,532.306,0.6545,2,echonet_dynamic_no_long_axis_v1
0X30FEEEFC74A8F437,92,116,1253.442,643.281,0.5132,2,echonet_dynamic_no_long_axis_v1
0X310589D4CDC13146,80,93,1039.255,738.909,0.711,2,echonet_dynamic_no_long_axis_v1
0X31066B9B6C089130,1,24,1226.917,717.244,0.5846,2,echonet_dynamic_no_long_axis_v1
0X31091C108B79BD8D,52,75,967.497,569.381,0.5885,2,echonet_dynamic_no_long_axis_v1
0X3112D11F241CFEC2,50,68,1030.497,634.8,0.616,2,echonet_dynamic_no_long_axis_v1
0X312454CBA4A7D4F2,42,65,1389.628,944.307,0.6795,2,echonet_dynamic_no_long_axis_v1
0X3125B96D71B7821B,68,78,1100.509,545.473,0.4957,2,echonet_dynamic_no_long_axis_v1
0X312D452CAA7E64C1,0,14,1190.374,737.948,0.6199,2,echonet_dynamic_no_long_axis_v1
0X312EF19F60FD492,0,18,1267.193,754.531,0.5954,2,echonet_dynamic_no_long_axis_v1
0X312EF87AE19B3E5,48,68,1389.125,859.32,0.6186,2,echonet_dynamic_no_long_axis_v1
0X3135870672917B2E,46,61,1603.164,795.171,0.496,2,echonet_dynamic_no_long_axis_v1
0X31393277CDB5A7CC,48,69,1600.013,873.5,0.5459,2,echonet_dynamic_no_long_axis_v1
0X313BCE11B5A12F4E,105,122,1032.464,734.329,0.7112,2,echonet_dynamic_no_long_axis_v1
0X313D7019ACE708FD,61,80,1217.797,688.886,0.5657,2,echonet_dynamic_no_long_axis_v1
0X313E1E99DB1C98DB,147,161,885.778,483.87,0.5463,2,echonet_dynamic_no_long_axis_v1
0X314192FBA6E19068,40,18,1972.809,1470.731,0.7455,2,echonet_dynamic_no_long_axis_v1
0X31454136B3094167,73,89,632.735,323.202,0.5108,2,echonet_dynamic_no_long_axis_v1
0X314D25279BC64DCC,50,68,1872.44,1050.497,0.561,2,echonet_dynamic_no_long_axis_v1
0X3153B66CE568125A,92,107,940.029,571.635,0.6081,2,echonet_dynamic_no_long_axis_v1
0X3154AED0655FDFA,112,128,1358.208,733.931,0.5404,2,echonet_dynamic_no_long_axis_v1
0X31561CB66585395A,2,22,2591.962,1391.265,0.5368,2,echonet_dynamic_no_long_axis_v1
0X31564EE859AF143C,67,79,884.758,582.901,0.6588,2,echonet_dynamic_no_long_axis_v1
0X3157875A82E09BD4,102,123,1924.922,1534.407,0.7971,2,echonet_dynamic_no_long_axis_v1
0X3157CB3AA918DBE4,171,191,1487.077,886.436,0.5961,2,echonet_dynamic_no_long_axis_v1
0X3157CB9999A6EAA7,79,94,1803.389,1270.989,0.7048,2,echonet_dynamic_no_long_axis_v1
0X31609610BF62EABF,62,88,1440.442,822.502,0.571,2,echonet_dynamic_no_long_axis_v1
0X31612E3EF6C6CE3C,63,81,1785.564,1085.224,0.6078,2,echonet_dynamic_no_long_axis_v1
0X316B2586E85BB7B4,100,117,2125.695,1845.285,0.8681,2,echonet_dynamic_no_long_axis_v1
0X316DE42557C8197,90,107,1745.331,1088.595,0.6237,2,echonet_dynamic_no_long_axis_v1
0X31728075F994A2C9,34,50,2256.339,1159.744,0.514,2,echonet_dynamic_no_long_axis_v1
0X31765EFF76DA69F2,162,184,1082.012,596.735,0.5515,2,echonet_dynamic_no_long_axis_v1
0X317B80B024DEF142,33,50,1049.325,693.465,0.6609,2,echonet_dynamic_no_long_axis_v1
0X317E4342CFF4F82C,67,85,1041.166,617.412,0.593,2,echonet_dynamic_no_long_axis_v1
0X317E86FC42ABB6C4,52,68,1991.305,1178.802,0.592,2,echonet_dynamic_no_long_axis_v1
0X317F9211C2AFCAA8,62,84,1525.87,815.692,0.5346,2,echonet_dynamic_no_long_axis_v1
0X3180E8CFE4B3CE1B,57,75,1328.897,649.388,0.4887,2,echonet_dynamic_no_long_axis_v1
0X3182DE90EDD4C06A,35,49,1484.285,836.633,0.5637,2,echonet_dynamic_no_long_axis_v1
0X3184922BBFE6CAA7,47,69,1596.316,938.596,0.588,2,echonet_dynamic_no_long_axis_v1
0X318678A29B2FB80F,95,118,1618.122,807.63,0.4991,2,echonet_dynamic_no_long_axis_v1
0X3186FFAF6AEAC0E0,74,87,1418.666,806.639,0.5686,2,echonet_dynamic_no_long_axis_v1
0X31875024C412A9E,37,47,1752.813,793.386,0.4526,2,echonet_dynamic_no_long_axis_v1
0X318B72F1FF654675,37,53,2161.256,1281.905,0.5931,2,echonet_dynamic_no_long_axis_v1
0X318BF49FD37428B3,127,147,1084.535,693.004,0.639,2,echonet_dynamic_no_long_axis_v1
0X31919E16542CBF1D,42,55,1415.57,744.264,0.5258,2,echonet_dynamic_no_long_axis_v1
0X3191F7851F57ECC5,44,57,1932.204,1065.097,0.5512,2,echonet_dynamic_no_long_axis_v1
0X3193A277D6B5C956,49,68,1970.879,1297.674,0.6584,2,echonet_dynamic_no_long_axis_v1
0X3196BBF36C80C73B,45,64,2188.355,1147.038,0.5242,2,echonet_dynamic_no_long_axis_v1
0X31A6794877687D25,101,120,1542.111,862.799,0.5595,2,echonet_dynamic_no_long_axis_v1
0X31A818859E10C195,94,115,1091.266,508.098,0.4656,2,echonet_dynamic_no_long_axis_v1
0X31AC494B44342BAE,45,58,2034.071,1031.639,0.5072,2,echonet_dynamic_no_long_axis_v1
0X31B076E2421E08E4,47,67,760.666,388.345,0.5105,2,echonet_dynamic_no_long_axis_v1
0X31B3F20AC08B5491,22,87,1553.886,1333.745,0.8583,2,echonet_dynamic_no_long_axis_v1
0X31B6E6B67B97806A,133,148,1562.881,1128.282,0.7219,2,echonet_dynamic_no_long_axis_v1
0X31C2B92D52D9835B,40,58,2184.226,1439.17,0.6589,2,echonet_dynamic_no_long_axis_v1
0X31C63F2F632AFE59,118,135,1394.823,769.714,0.5518,2,echonet_dynamic_no_long_axis_v1
0X31C69C4046D1289B,117,129,1279.931,771.812,0.603,2,echonet_dynamic_no_long_axis_v1
0X31C71452F1441C6E,0,14,1195.457,852.651,0.7132,2,echonet_dynamic_no_long_axis_v1
0X31C7FC69D6C348EA,52,66,647.848,556.67,0.8593,2,echonet_dynamic_no_long_axis_v1
0X31D148279BA1B88D,45,67,1152.664,643.362,0.5582,2,echonet_dynamic_no_long_axis_v1
0X31D2ECB813466DEF,0,18,1481.745,981.96,0.6627,2,echonet_dynamic_no_long_axis_v1
0X31D2ED1154B10621,109,126,1646.022,896.289,0.5445,2,echonet_dynamic_no_long_axis_v1
0X31D3AE2E06F1566E,87,101,1371.817,894.669,0.6522,2,echonet_dynamic_no_long_axis_v1
0X31D48B2763D0524F,54,69,1322.37,744.981,0.5634,2,echonet_dynamic_no_long_axis_v1
0X31D5F0DB04CEBE74,55,69,814.645,428.677,0.5262,2,echonet_dynamic_no_long_axis_v1
0X31D873405F58E85E,111,127,1346.861,686.43,0.5097,2,echonet_dynamic_no_long_axis_v1
0X31E20056D742A8B3,88,102,2065.638,1163.018,0.563,2,echonet_dynamic_no_long_axis_v1
0X31E24F0580C988DC,49,65,1348.78,710.235,0.5266,2,echonet_dynamic_no_long_axis_v1
0X31E2CCEE26A37C66,47,68,1730.455,945.82,0.5466,2,echonet_dynamic_no_long_axis_v1
0X31E539C27D120BDE,124,141,825.997,642.554,0.7779,2,echonet_dynamic_no_long_axis_v1
0X31E7130E8CEF4E12,74,91,2138.49,1305.574,0.6105,2,echonet_dynamic_no_long_axis_v1
0X31EE1F0D632DEED0,43,66,1192.743,597.098,0.5006,2,echonet_dynamic_no_long_axis_v1
0X31F4E5CAC0DE0D41,62,84,1368.076,820.601,0.5998,2,echonet_dynamic_no_long_axis_v1
0X31F9215CE617A607,47,64,1260.205,680.934,0.5403,2,echonet_dynamic_no_long_axis_v1
0X31FBF37FB7668A25,103,126,1325.403,767.538,0.5791,2,echonet_dynamic_no_long_axis_v1
0X31FCB82628884EF3,47,62,1026.699,650.377,0.6335,2,echonet_dynamic_no_long_axis_v1
0X31FCC04D7162E128,44,59,1541.948,897.378,0.582,2,echonet_dynamic_no_long_axis_v1
0X32045C0F3B6461A0,59,72,904.475,541.65,0.5989,2,echonet_dynamic_no_long_axis_v1
0X3206DD7C0738E9DD,39,50,1173.932,763.985,0.6508,2,echonet_dynamic_no_long_axis_v1
0X320A26606B6ADA37,97,115,1677.143,1019.204,0.6077,2,echonet_dynamic_no_long_axis_v1
0X320AD06F26E9FD6C,47,67,1898.536,1038.843,0.5472,2,echonet_dynamic_no_long_axis_v1
0X321008E037A779B8,126,147,1579.333,1335.986,0.8459,2,echonet_dynamic_no_long_axis_v1
0X3210E8ECEF2256E7,112,130,1209.906,590.45,0.488,2,echonet_dynamic_no_long_axis_v1
0X32117E92121B16F3,192,208,720.463,429.571,0.5962,2,echonet_dynamic_no_long_axis_v1
0X321656F897378A94,40,54,1759.872,1164.492,0.6617,2,echonet_dynamic_no_long_axis_v1
0X321A0EF32BCBC550,61,77,1458.834,756.689,0.5187,2,echonet_dynamic_no_long_axis_v1
0X321D8D51EFB9BA5C,0,17,1096.33,623.595,0.5688,2,echonet_dynamic_no_long_axis_v1
0X321EBCC21FE8C856,74,93,883.473,528.073,0.5977,2,echonet_dynamic_no_long_axis_v1
0X322499B7AF82988E,58,69,1436.752,1070.311,0.745,2,echonet_dynamic_no_long_axis_v1
0X3224EE34E8450170,74,88,949.604,553.5,0.5829,2,echonet_dynamic_no_long_axis_v1
0X3226DADAA3C82456,50,55,1340.694,741.577,0.5531,2,echonet_dynamic_no_long_axis_v1
0X322927F6CCD46338,86,105,1514.751,958.513,0.6328,2,echonet_dynamic_no_long_axis_v1
0X322A355CF59F2B40,42,59,1163.669,689.499,0.5925,2,echonet_dynamic_no_long_axis_v1
0X322AD1DF704CA51,50,66,1433.425,847.462,0.5912,2,echonet_dynamic_no_long_axis_v1
0X322C61C9E15C0DDB,72,88,1555.057,1367.362,0.8793,2,echonet_dynamic_no_long_axis_v1
0X32312BC4DF1CD8A3,61,77,2016.33,1654.467,0.8205,2,echonet_dynamic_no_long_axis_v1
0X32340D2C15869C0A,48,66,2321.7,1353.95,0.5832,2,echonet_dynamic_no_long_axis_v1
0X3237F0FD286478F9,90,113,1071.5,599.77,0.5597,2,echonet_dynamic_no_long_axis_v1
0X32397CFF9BBD05C3,122,138,1279.256,803.885,0.6284,2,echonet_dynamic_no_long_axis_v1
0X323BF010EA16C00C,82,96,1420.094,784.968,0.5528,2,echonet_dynamic_no_long_axis_v1
0X323C358CAEAB7E3B,125,143,1051.066,514.006,0.489,2,echonet_dynamic_no_long_axis_v1
0X3249BC61F85F145F,60,79,1136.325,687.53,0.605,2,echonet_dynamic_no_long_axis_v1
0X324A55CC446CDAC2,0,13,1176.961,845.199,0.7181,2,echonet_dynamic_no_long_axis_v1
0X324B3671E0084467,48,65,1358.695,880.455,0.648,2,echonet_dynamic_no_long_axis_v1
0X324D566949BA5E4A,54,63,1057.836,565.341,0.5344,2,echonet_dynamic_no_long_axis_v1
0X324D5ED9263EE7D0,83,105,989.655,705.267,0.7126,2,echonet_dynamic_no_long_axis_v1
0X3255DC6631CBE0EE,86,101,1176.145,891.504,0.758,2,echonet_dynamic_no_long_axis_v1
0X325E7B3148ED7759,89,108,916.047,496.569,0.5421,2,echonet_dynamic_no_long_axis_v1
0X325F7A4C97D4DBAF,72,89,2125.155,1611.999,0.7585,2,echonet_dynamic_no_long_axis_v1
0X3263F90D7E0EC197,43,71,1655.56,779.123,0.4706,2,echonet_dynamic_no_long_axis_v1
0X326722FDA159FB67,47,63,1322.688,779.22,0.5891,2,echonet_dynamic_no_long_axis_v1
0X32692F7C7ED077C5,46,57,2290.809,1998.529,0.8724,2,echonet_dynamic_no_long_axis_v1
0X3269691452F4F42A,144,106,1554.162,1148.138,0.7388,2,echonet_dynamic_no_long_axis_v1
0X326ABE058F8ACB8D,110,127,2221.963,1391.276,0.6261,2,echonet_dynamic_no_long_axis_v1
0X3275A62B32E854D5,82,100,1561.737,887.295,0.5681,2,echonet_dynamic_no_long_axis_v1
0X32793DD199C99CEA,57,74,1132.785,869.985,0.768,2,echonet_dynamic_no_long_axis_v1
0X3285FE374F563092,0,15,1353.021,1020.813,0.7545,2,echonet_dynamic_no_long_axis_v1
0X3289775294422CD9,102,119,1463.173,1209.314,0.8265,2,echonet_dynamic_no_long_axis_v1
0X328A9B4F2821F941,115,132,1595.983,755.292,0.4732,2,echonet_dynamic_no_long_axis_v1
0X328BD28D092FCAC4,42,54,1331.059,708.051,0.5319,2,echonet_dynamic_no_long_axis_v1
0X328E6B9F2BE3343F,3,16,1217.853,748.21,0.6144,2,echonet_dynamic_no_long_axis_v1
0X329210815212AA6A,43,55,1141.544,832.902,0.7296,2,echonet_dynamic_no_long_axis_v1
0X3296B7D992D8EF77,44,60,832.549,667.72,0.802,2,echonet_dynamic_no_long_axis_v1
0X32A27346773DADC8,61,84,1287.891,795.229,0.6175,2,echonet_dynamic_no_long_axis_v1
0X32A3B50290C0920B,2,19,1296.264,687.009,0.53,2,echonet_dynamic_no_long_axis_v1
0X32A7E7D83FC9AB4D,0,15,1344.07,798.749,0.5943,2,echonet_dynamic_no_long_axis_v1
0X32A800B7CCBE3258,59,82,1391.313,855.167,0.6146,2,echonet_dynamic_no_long_axis_v1
0X32AEF2B955391F03,54,67,1393.832,1155.612,0.8291,2,echonet_dynamic_no_long_axis_v1
0X32AFF6A0BED73A67,104,118,763.963,421.149,0.5513,2,echonet_dynamic_no_long_axis_v1
0X32BA30438E83A84,40,55,1475.212,725.539,0.4918,2,echonet_dynamic_no_long_axis_v1
0X32BC15EF20DA1BD9,95,106,1882.547,1280.679,0.6803,2,echonet_dynamic_no_long_axis_v1
0X32BD73DC6E258DB,153,165,1365.803,792.316,0.5801,2,echonet_dynamic_no_long_axis_v1
0X32C032EAEE7813E7,100,116,1076.264,598.274,0.5559,2,echonet_dynamic_no_long_axis_v1
0X32C32159B97474E4,86,103,1296.383,842.264,0.6497,2,echonet_dynamic_no_long_axis_v1
0X32D38BB19B226A8C,52,65,1368.497,780.861,0.5706,2,echonet_dynamic_no_long_axis_v1
0X32D4DA8EABE4418C,48,64,1548.898,856.658,0.5531,2,echonet_dynamic_no_long_axis_v1
0X32DB42B7457ECACB,117,141,1426.423,871.307,0.6108,2,echonet_dynamic_no_long_axis_v1
0X32DC806BF959BA14,104,125,1125.263,775.826,0.6895,2,echonet_dynamic_no_long_axis_v1
0X32E508370DC978B,39,55,2047.137,1520.639,0.7428,2,echonet_dynamic_no_long_axis_v1
0X32E79594A10EDF5F,95,107,1040.346,812.311,0.7808,2,echonet_dynamic_no_long_axis_v1
0X32EE41A1B84B6A14,49,65,1645.527,904.781,0.5498,2,echonet_dynamic_no_long_axis_v1
0X32EEB965CE009046,114,128,1151.601,643.152,0.5585,2,echonet_dynamic_no_long_axis_v1
0X32EFE97394069284,73,91,1982.772,1053.724,0.5314,2,echonet_dynamic_no_long_axis_v1
0X32F2F0DB38AB8F0E,39,57,1662.149,1180.23,0.7101,2,echonet_dynamic_no_long_axis_v1
0X32F6A3D09D55F15,89,106,2526.862,1304.061,0.5161,2,echonet_dynamic_no_long_axis_v1
0X32F8AD6F7FAA5FA1,41,61,2130.341,1414.299,0.6639,2,echonet_dynamic_no_long_axis_v1
0X32FC6DD96FD01C1E,78,100,1308.152,729.682,0.5578,2,echonet_dynamic_no_long_axis_v1
0X32FDD6BF12B089E1,26,37,1058.537,558.382,0.5275,2,echonet_dynamic_no_long_axis_v1
0X32FFE959DFD8A7FA,39,51,2276.111,1185.679,0.5209,2,echonet_dynamic_no_long_axis_v1
0X330D6A7AA5B79576,47,67,842.523,407.57,0.4837,2,echonet_dynamic_no_long_axis_v1
0X330E6856301BBF9A,2,20,1936.936,1090.237,0.5629,2,echonet_dynamic_no_long_axis_v1
0X33102FE7080DF430,184,205,1350.997,827.52,0.6125,2,echonet_dynamic_no_long_axis_v1
0X331101FA7F150A51,52,68,1257.405,692.236,0.5505,2,echonet_dynamic_no_long_axis_v1
0X33129CC972FD945A,90,104,1045.215,647.196,0.6192,2,echonet_dynamic_no_long_axis_v1
0X331371BEC12BCA1D,142,157,1928.489,1587.323,0.8231,2,echonet_dynamic_no_long_axis_v1
0X33155387C61B9F96,121,139,636.34,334.697,0.526,2,echonet_dynamic_no_long_axis_v1
0X3315BE64B4EFA2E0,1,17,1566.784,863.712,0.5513,2,echonet_dynamic_no_long_axis_v1
0X3317BCA5B123B1DA,45,58,661.949,549.915,0.8308,2,echonet_dynamic_no_long_axis_v1
0X3319F092B34E5C6E,42,56,1305.238,668.997,0.5125,2,echonet_dynamic_no_long_axis_v1
0X331A9942531AF159,1,17,1209.827,736.178,0.6085,2,echonet_dynamic_no_long_axis_v1
0X331C177536F2D6A7,37,58,1152.876,665.755,0.5775,2,echonet_dynamic_no_long_axis_v1
0X331E30E9C34D156B,77,91,1053.764,589.753,0.5597,2,echonet_dynamic_no_long_axis_v1
0X331E4B6F94DAA79F,44,61,1344.542,694.166,0.5163,2,echonet_dynamic_no_long_axis_v1
0X331F3DCBF76715B8,43,58,1162.193,637.487,0.5485,2,echonet_dynamic_no_long_axis_v1
0X331FA2EFD16DD71F,98,118,1582.808,748.419,0.4728,2,echonet_dynamic_no_long_axis_v1
0X3322B56BD6D0A2DA,4,17,1727.113,1031.236,0.5971,2,echonet_dynamic_no_long_axis_v1
0X3322CB5CF2D2DFDC,42,61,817.203,408.835,0.5003,2,echonet_dynamic_no_long_axis_v1
0X332303C99316EA31,116,132,1130.51,625.979,0.5537,2,echonet_dynamic_no_long_axis_v1
0X3323D09B5F9FD9E2,104,120,1315.761,722.744,0.5493,2,echonet_dynamic_no_long_axis_v1
0X33270551FC06E368,186,202,1079.516,588.886,0.5455,2,echonet_dynamic_no_long_axis_v1
0X3327607103BF5410,0,19,3293.292,1732.9,0.5262,2,echonet_dynamic_no_long_axis_v1
0X332B4C68C60E40D4,60,81,1286.313,794.907,0.618,2,echonet_dynamic_no_long_axis_v1
0X3330641518FE2774,47,65,1715.055,1048.358,0.6113,2,echonet_dynamic_no_long_axis_v1
0X3331B6D11597103D,93,109,1069.768,609.902,0.5701,2,echonet_dynamic_no_long_axis_v1
0X3331CE57D8978B42,130,148,1090.67,623.082,0.5713,2,echonet_dynamic_no_long_axis_v1
0X33343944D242ACF2,107,122,1733.102,1156.705,0.6674,2,echonet_dynamic_no_long_axis_v1
0X333986F8FA0EE679,114,125,2370.621,2247.64,0.9481,2,echonet_dynamic_no_long_axis_v1
0X333A6598916DD19,0,5,1535.583,784.239,0.5107,2,echonet_dynamic_no_long_axis_v1
0X333F90C4D2DB981A,116,132,1489.385,1012.436,0.6798,2,echonet_dynamic_no_long_axis_v1
0X333FD98F27A8A355,98,112,1282.706,879.064,0.6853,2,echonet_dynamic_no_long_axis_v1
0X3342A007765C4B9D,52,68,1070.53,635.921,0.594,2,echonet_dynamic_no_long_axis_v1
0X334387311D165778,39,53,1594.433,851.872,0.5343,2,echonet_dynamic_no_long_axis_v1
0X3344182832A27669,43,58,1105.093,621.288,0.5622,2,echonet_dynamic_no_long_axis_v1
0X3345EE0460BEFF23,51,69,1364.038,816.145,0.5983,2,echonet_dynamic_no_long_axis_v1
0X3345F2E187DBB431,103,118,1065.314,620.791,0.5827,2,echonet_dynamic_no_long_axis_v1
0X334B87F0729817FB,0,16,1128.521,633.84,0.5617,2,echonet_dynamic_no_long_axis_v1
0X334CC02665FB2A7C,168,188,2419.482,1532.486,0.6334,2,echonet_dynamic_no_long_axis_v1
0X334D7C64AAB53CD,50,71,2933.884,1635.364,0.5574,2,echonet_dynamic_no_long_axis_v1
0X334F8452094FF33E,53,73,1653.404,1007.682,0.6095,2,echonet_dynamic_no_long_axis_v1
0X3351369E8117D69F,35,52,1634.556,841.386,0.5147,2,echonet_dynamic_no_long_axis_v1
0X335537FEEA365B7F,145,171,1376.178,760.382,0.5525,2,echonet_dynamic_no_long_axis_v1
0X3355C64DA540919A,2,19,1150.514,881.439,0.7661,2,echonet_dynamic_no_long_axis_v1
0X335B5FC2607A30BE,37,52,1099.668,632.012,0.5747,2,echonet_dynamic_no_long_axis_v1
0X335BC6AA17BC0556,0,18,2043.944,996.737,0.4877,2,echonet_dynamic_no_long_axis_v1
0X3361443607342447,91,112,1823.645,1458.577,0.7998,2,echonet_dynamic_no_long_axis_v1
0X33646D65192ECB1B,50,66,1104.175,604.241,0.5472,2,echonet_dynamic_no_long_axis_v1
0X33684EDE3D2A8403,53,70,834.686,578.524,0.6931,2,echonet_dynamic_no_long_axis_v1
0X336E68E12F89AB87,2,15,2050.354,1169.92,0.5706,2,echonet_dynamic_no_long_axis_v1
0X336FEFA48BEDADD9,110,130,1233.041,659.918,0.5352,2,echonet_dynamic_no_long_axis_v1
0X337135AA2B0C8A89,44,60,1562.638,813.527,0.5206,2,echonet_dynamic_no_long_axis_v1
0X3372DC50E0B65B09,43,56,1095.373,883.108,0.8062,2,echonet_dynamic_no_long_axis_v1
0X33763ECB684188DA,85,105,2134.996,1574.153,0.7373,2,echonet_dynamic_no_long_axis_v1
0X3377F80F64924FF6,157,174,1227.927,659.925,0.5374,2,echonet_dynamic_no_long_axis_v1
0X3378E1497A371427,79,92,1163.571,646.229,0.5554,2,echonet_dynamic_no_long_axis_v1
0X337BC0A792EAA058,49,62,1230.289,710.702,0.5777,2,echonet_dynamic_no_long_axis_v1
0X337C7EAD926FC8D1,87,107,883.119,560.275,0.6344,2,echonet_dynamic_no_long_axis_v1
0X33801E24EDECD5DE,112,130,1681.436,918.439,0.5462,2,echonet_dynamic_no_long_axis_v1
0X3380B75705B84B6A,89,104,1800.838,1008.155,0.5598,2,echonet_dynamic_no_long_axis_v1
0X3386474C986AC6E0,57,68,4871.686,2721.934,0.5587,2,echonet_dynamic_no_long_axis_v1
0X338A79C8EE1DC1EE,129,144,1677.661,894.643,0.5333,2,echonet_dynamic_no_long_axis_v1
0X338B2143E28692C3,55,76,1344.884,747.779,0.556,2,echonet_dynamic_no_long_axis_v1
0X3392A216139E5076,109,127,1600.57,913.423,0.5707,2,echonet_dynamic_no_long_axis_v1
0X3394222B4D42120E,42,64,1423.204,1089.509,0.7655,2,echonet_dynamic_no_long_axis_v1
0X3395476F5A327AEC,41,58,1586.799,836.989,0.5275,2,echonet_dynamic_no_long_axis_v1
0X339CE86F29AF16AC,0,20,2070.526,1472.713,0.7113,2,echonet_dynamic_no_long_axis_v1
0X339EDBDA0782AA12,92,111,1907.38,1059.342,0.5554,2,echonet_dynamic_no_long_axis_v1
0X339F99A07CA3DDE6,83,100,984.708,524.385,0.5325,2,echonet_dynamic_no_long_axis_v1
0X33A5EAE97F02CAC5,5,27,1510.776,914.583,0.6054,2,echonet_dynamic_no_long_axis_v1
0X33A69D89DA1BF30B,51,74,2474.125,1976.543,0.7989,2,echonet_dynamic_no_long_axis_v1
0X33AF76D527A55F61,4,16,1409.379,721.708,0.5121,2,echonet_dynamic_no_long_axis_v1
0X33B2731B3D69C2E8,56,70,996.037,522.009,0.5241,2,echonet_dynamic_no_long_axis_v1
0X33B47388D301E9B9,45,61,1072.661,670.068,0.6247,2,echonet_dynamic_no_long_axis_v1
0X33B931135755C02D,101,118,1644.578,947.987,0.5764,2,echonet_dynamic_no_long_axis_v1
0X33BB0E79E1949B78,39,53,1166.715,650.99,0.558,2,echonet_dynamic_no_long_axis_v1
0X33BECF6DE6E8D68B,79,100,1792.629,1215.236,0.6779,2,echonet_dynamic_no_long_axis_v1
0X33BF00D55528C824,9,20,684.056,330.552,0.4832,2,echonet_dynamic_no_long_axis_v1
0X33BF24BE8114D6EF,57,73,2453.376,1292.828,0.527,2,echonet_dynamic_no_long_axis_v1
0X33C02A3FE1E3BB60,93,116,1690.544,989.867,0.5855,2,echonet_dynamic_no_long_axis_v1
0X33C06F70A505E8A4,50,70,1392.781,782.737,0.562,2,echonet_dynamic_no_long_axis_v1
0X33C1CE560C2A94F7,103,119,1898.33,1113.304,0.5865,2,echonet_dynamic_no_long_axis_v1
0X33C3D95C20A0D931,24,38,816.157,532.775,0.6528,2,echonet_dynamic_no_long_axis_v1
0X33C5FAF146604827,29,41,706.275,327.326,0.4635,2,echonet_dynamic_no_long_axis_v1
0X33C791E1689C2726,85,103,1364.89,692.065,0.507,2,echonet_dynamic_no_long_axis_v1
0X33CB7178EBFA4CC8,69,79,912.599,570.061,0.6247,2,echonet_dynamic_no_long_axis_v1
0X33CE722927824933,36,52,1312.726,691.118,0.5265,2,echonet_dynamic_no_long_axis_v1
0X33D18DF74CDD4C2A,116,132,761.625,454.049,0.5962,2,echonet_dynamic_no_long_axis_v1
0X33D2E42B24A37393,48,63,3542.552,1828.272,0.5161,2,echonet_dynamic_no_long_axis_v1
0X33D4E36501CE4BB3,128,145,1319.739,794.166,0.6018,2,echonet_dynamic_no_long_axis_v1
0X33D4F7277E4B9E25,129,148,2727.934,1686.135,0.6181,2,echonet_dynamic_no_long_axis_v1
0X33D5FF46E1A2274,48,62,908.895,447.224,0.4921,2,echonet_dynamic_no_long_axis_v1
0X33D6C37E2BE30F7C,48,68,1352.28,862.313,0.6377,2,echonet_dynamic_no_long_axis_v1
0X33D87F30AE9C9DB6,54,70,1304.166,814.373,0.6244,2,echonet_dynamic_no_long_axis_v1
0X33DC70DA3600D15D,71,82,2913.243,2344.021,0.8046,2,echonet_dynamic_no_long_axis_v1
0X33DC75C67339384A,132,146,1455.511,739.863,0.5083,2,echonet_dynamic_no_long_axis_v1
0X33DF960A6BD847AD,81,102,2312.998,1598.355,0.691,2,echonet_dynamic_no_long_axis_v1
0X33E0EF504880E70C,101,120,1513.907,822.812,0.5435,2,echonet_dynamic_no_long_axis_v1
0X33E127FCB951ED9C,42,51,1196.655,529.76,0.4427,2,echonet_dynamic_no_long_axis_v1
0X33E4547677604CF2,35,52,1576.396,1250.23,0.7931,2,echonet_dynamic_no_long_axis_v1
0X33E9BEA41552C6F3,103,113,1144.211,616.934,0.5392,2,echonet_dynamic_no_long_axis_v1
0X33EA067E1BF77EFA,78,94,1300.315,797.698,0.6135,2,echonet_dynamic_no_long_axis_v1
0X33EA3705CEBB74DA,177,198,2092.72,1420.238,0.6787,2,echonet_dynamic_no_long_axis_v1
0X33EAE0F44B7618C1,42,62,1398.588,1001.062,0.7158,2,echonet_dynamic_no_long_axis_v1
0X33EBABBCE09F2DAE,34,53,876.338,513.549,0.586,2,echonet_dynamic_no_long_axis_v1
0X33EC93EAFBBD0C5E,68,79,609.876,264.118,0.4331,2,echonet_dynamic_no_long_axis_v1
0X33ED9A0B02AAACFA,86,101,1125.521,574.701,0.5106,2,echonet_dynamic_no_long_axis_v1
0X33EE0DCD5DC58B4C,93,109,1291.802,623.126,0.4824,2,echonet_dynamic_no_long_axis_v1
0X33EF85BEFE8A25A1,186,198,1010.777,412.979,0.4086,2,echonet_dynamic_no_long_axis_v1
0X33EFAD3CC44F65D2,153,170,1360.446,875.281,0.6434,2,echonet_dynamic_no_long_axis_v1
0X33F1D582C99188E6,46,65,1762.515,1188.759,0.6745,2,echonet_dynamic_no_long_axis_v1
0X33F65ADDD00BECF,44,65,1194.736,821.51,0.6876,2,echonet_dynamic_no_long_axis_v1
0X33F695DCDDB78E64,76,95,1061.243,526.464,0.4961,2,echonet_dynamic_no_long_axis_v1
0X33FAC1D874BC1873,91,105,1495.206,1259.964,0.8427,2,echonet_dynamic_no_long_axis_v1
0X33FAD88E89C48D24,34,52,1326.782,922.927,0.6956,2,echonet_dynamic_no_long_axis_v1
0X33FB3B666A158A2B,3,20,1431.59,849.014,0.5931,2,echonet_dynamic_no_long_axis_v1
0X33FEE43E021DA243,70,83,998.196,537.179,0.5382,2,echonet_dynamic_no_long_axis_v1
0X3402A5D3DB11938E,60,72,1030.578,644.394,0.6253,2,echonet_dynamic_no_long_axis_v1
0X3402AE2F48D0B71C,29,42,733.483,400.547,0.5461,2,echonet_dynamic_no_long_axis_v1
0X340364B9261E5FD8,99,119,2686.308,2225.68,0.8285,2,echonet_dynamic_no_long_axis_v1
0X3403D217C07A90BB,0,18,1522.125,924.705,0.6075,2,echonet_dynamic_no_long_axis_v1
0X34093F356D30ECBD,45,67,1951.169,1494.819,0.7661,2,echonet_dynamic_no_long_axis_v1
0X340A15409D548A73,144,157,1088.821,582.439,0.5349,2,echonet_dynamic_no_long_axis_v1
0X340D3CA7C92DC723,32,46,1102.876,911.741,0.8267,2,echonet_dynamic_no_long_axis_v1
0X341959DF85C5BE6E,71,93,2903.3,1713.474,0.5902,2,echonet_dynamic_no_long_axis_v1
0X341CD0F8247C3635,29,41,1069.072,619.612,0.5796,2,echonet_dynamic_no_long_axis_v1
0X341CE51CF56BDC97,131,144,1066.745,542.321,0.5084,2,echonet_dynamic_no_long_axis_v1
0X341D23C239E4D3D3,90,107,1170.414,772.623,0.6601,2,echonet_dynamic_no_long_axis_v1
0X341EC20E83B0B356,52,67,1210.169,661.225,0.5464,2,echonet_dynamic_no_long_axis_v1
0X3420346582CD97A4,40,57,1239.306,752.009,0.6068,2,echonet_dynamic_no_long_axis_v1
0X3422556389DBC33C,69,86,1215.383,791.316,0.6511,2,echonet_dynamic_no_long_axis_v1
0X342304BADF69D9F5,68,87,1197.587,723.689,0.6043,2,echonet_dynamic_no_long_axis_v1
0X342642887C3B635A,45,69,1668.99,1423.522,0.8529,2,echonet_dynamic_no_long_axis_v1
0X3427B817F8246DC0,126,141,1528.532,844.225,0.5523,2,echonet_dynamic_no_long_axis_v1
0X342BECBDEC226B4B,82,100,2174.6,1223.266,0.5625,2,echonet_dynamic_no_long_axis_v1
0X342C33B7EFB51C1F,50,66,980.47,456.792,0.4659,2,echonet_dynamic_no_long_axis_v1
0X34307A6B78240F3C,41,55,1074.721,560.371,0.5214,2,echonet_dynamic_no_long_axis_v1
0X34346DB8538E9C00,83,99,1618.055,995.385,0.6152,2,echonet_dynamic_no_long_axis_v1
0X34371B72F2CA944B,34,50,2503.117,2014.421,0.8048,2,echonet_dynamic_no_long_axis_v1
0X343BE9ED06FDDBF,116,139,1955.2,958.259,0.4901,2,echonet_dynamic_no_long_axis_v1
0X343BF4FF40F55526,51,65,1686.295,892.107,0.529,2,echonet_dynamic_no_long_axis_v1
0X343CD94989ABD688,78,91,1623.424,901.454,0.5553,2,echonet_dynamic_no_long_axis_v1
0X343CEAA877051407,34,43,1372.557,781.208,0.5692,2,echonet_dynamic_no_long_axis_v1
0X3440ECCBC0B8B0B8,48,62,1004.237,557.238,0.5549,2,echonet_dynamic_no_long_axis_v1
0X3446892185071673,2,23,3906.698,2134.051,0.5463,2,echonet_dynamic_no_long_axis_v1
0X344A1BA4E101C1A3,93,109,1339.35,882.596,0.659,2,echonet_dynamic_no_long_axis_v1
0X344B9B92809DFB2,134,152,1031.37,630.907,0.6117,2,echonet_dynamic_no_long_axis_v1
0X3450FE8B316FA595,57,78,1234.701,651.208,0.5274,2,echonet_dynamic_no_long_axis_v1
0X34517C9565F4887A,94,116,1310.167,757.046,0.5778,2,echonet_dynamic_no_long_axis_v1
0X3452E6F46D1EED03,63,77,1086.65,851.264,0.7834,2,echonet_dynamic_no_long_axis_v1
0X345C12B577CFF6AF,46,66,1718.254,1013.776,0.59,2,echonet_dynamic_no_long_axis_v1
0X345D4E0B1B2EBAA1,61,75,744.449,223.096,0.2997,2,echonet_dynamic_no_long_axis_v1
0X346296E160818655,3,16,975.687,486.389,0.4985,2,echonet_dynamic_no_long_axis_v1
0X34681486F5F5BA04,49,68,1497.777,736.946,0.492,2,echonet_dynamic_no_long_axis_v1
0X3468566357AA7782,92,110,1196.744,614.844,0.5138,2,echonet_dynamic_no_long_axis_v1
0X346A7A8994D823E6,95,113,2483.379,1737.062,0.6995,2,echonet_dynamic_no_long_axis_v1
0X346C93EAA0D34D61,105,118,1347.314,1064.089,0.7898,2,echonet_dynamic_no_long_axis_v1
0X3473A41F60063EDA,119,140,1623.471,1364.749,0.8406,2,echonet_dynamic_no_long_axis_v1
0X34741F168806C3CA,77,92,1598.477,890.461,0.5571,2,echonet_dynamic_no_long_axis_v1
0X3475D2DF28CA8EFA,33,49,1867.245,1568.557,0.84,2,echonet_dynamic_no_long_axis_v1
0X347C08CBDD9C7630,54,71,1097.037,552.979,0.5041,2,echonet_dynamic_no_long_axis_v1
0X348035818233D5AE,85,103,2580.732,2118.774,0.821,2,echonet_dynamic_no_long_axis_v1
0X3483EE5D8D715915,103,120,1015.431,758.008,0.7465,2,echonet_dynamic_no_long_axis_v1
0X3485FF30A440873D,44,62,2166.067,1305.306,0.6026,2,echonet_dynamic_no_long_axis_v1
0X3486DE177009C0A7,32,48,2237.71,1937.428,0.8658,2,echonet_dynamic_no_long_axis_v1
0X3488FD340222E032,38,54,1131.928,646.57,0.5712,2,echonet_dynamic_no_long_axis_v1
0X348C1A7ED9165514,28,36,841.871,439.924,0.5226,2,echonet_dynamic_no_long_axis_v1
0X348C4CEA595CD540,150,165,1591.691,830.944,0.5221,2,echonet_dynamic_no_long_axis_v1
0X3491A2D8671884AA,86,101,1382.429,749.5,0.5422,2,echonet_dynamic_no_long_axis_v1
0X349290B231655FCF,1,14,1552.971,1103.371,0.7105,2,echonet_dynamic_no_long_axis_v1
0X34937EEA012BAFAC,45,59,1004.073,594.038,0.5916,2,echonet_dynamic_no_long_axis_v1
0X3496FC2940AE309C,195,212,1085.495,589.839,0.5434,2,echonet_dynamic_no_long_axis_v1
0X349B5DCF9294D081,57,75,1321.053,726.047,0.5496,2,echonet_dynamic_no_long_axis_v1
0X34A2487BD238406D,39,55,1308.275,820.337,0.627,2,echonet_dynamic_no_long_axis_v1
0X34A36626F45738E3,2,16,2543.446,1654.824,0.6506,2,echonet_dynamic_no_long_axis_v1
0X34A57B49B7505FF0,89,104,883.09,448.697,0.5081,2,echonet_dynamic_no_long_axis_v1
0X34A86702D598B94,0,15,917.054,748.061,0.8157,2,echonet_dynamic_no_long_axis_v1
0X34A9A9AC83DB199A,28,41,1426.623,1049.44,0.7356,2,echonet_dynamic_no_long_axis_v1
0X34AFA7E543D8DB5B,45,65,1930.912,1168.047,0.6049,2,echonet_dynamic_no_long_axis_v1
0X34B0D3390808FB87,56,73,1264.497,681.878,0.5392,2,echonet_dynamic_no_long_axis_v1
0X34B3A7DE20686478,96,116,2425.117,1379.48,0.5688,2,echonet_dynamic_no_long_axis_v1
0X34B82B9BE9BD2A62,50,69,982.731,526.195,0.5354,2,echonet_dynamic_no_long_axis_v1
0X34BF7E5793966642,64,82,1294.963,785.408,0.6065,2,echonet_dynamic_no_long_axis_v1
0X34C0948C7AE2C568,58,73,1480.567,1001.626,0.6765,2,echonet_dynamic_no_long_axis_v1
0X34C0B1836A741427,62,78,775.235,391.383,0.5049,2,echonet_dynamic_no_long_axis_v1
0X34C1E0788687F5F,99,113,1093.064,568.222,0.5198,2,echonet_dynamic_no_long_axis_v1
0X34C21BF64815FE24,48,64,1274.012,904.782,0.7102,2,echonet_dynamic_no_long_axis_v1
0X34C28111C4C125E0,39,55,884.024,525.349,0.5943,2,echonet_dynamic_no_long_axis_v1
0X34C6D880282612DE,6,20,901.513,684.434,0.7592,2,echonet_dynamic_no_long_axis_v1
0X34C6E0BADBD81AF9,49,63,1552.87,988.431,0.6365,2,echonet_dynamic_no_long_axis_v1
0X34D027E4D5B771F7,48,66,1202.557,726.286,0.604,2,echonet_dynamic_no_long_axis_v1
0X34D68DB928DCDFD8,53,66,1682.31,1440.169,0.8561,2,echonet_dynamic_no_long_axis_v1
0X34D6A77674B8E6F2,83,97,995.787,569.009,0.5714,2,echonet_dynamic_no_long_axis_v1
0X34DFB8411A045F86,167,184,1336.545,722.057,0.5402,2,echonet_dynamic_no_long_axis_v1
0X34E161E07008834A,101,116,1434.705,774.921,0.5401,2,echonet_dynamic_no_long_axis_v1
0X34E300A9A15F96BB,89,105,1793.106,1105.2,0.6164,2,echonet_dynamic_no_long_axis_v1
0X34EB3569B7B1A4DA,86,99,1008.457,496.103,0.4919,2,echonet_dynamic_no_long_axis_v1
0X34F1AECC373BB68E,39,51,1206.373,636.997,0.528,2,echonet_dynamic_no_long_axis_v1
0X34F2CEE849DC9CBF,123,139,1870.242,1126.564,0.6024,2,echonet_dynamic_no_long_axis_v1
0X34F41D6E5B689307,56,71,1407.082,820.065,0.5828,2,echonet_dynamic_no_long_axis_v1
0X34F5DA86B3B45492,123,142,1013.05,535.151,0.5283,2,echonet_dynamic_no_long_axis_v1
0X34F7CF2069479824,32,47,1709.031,1479.558,0.8657,2,echonet_dynamic_no_long_axis_v1
0X34FF0D4A53F3B1A7,60,77,1071.026,570.912,0.5331,2,echonet_dynamic_no_long_axis_v1
0X3500E28504F6F202,48,66,1312.406,795.809,0.6064,2,echonet_dynamic_no_long_axis_v1
0X3503A92D7637451,44,61,1425.305,1124.338,0.7888,2,echonet_dynamic_no_long_axis_v1
0X35042F01545BC7FB,86,103,1271.013,829.911,0.653,2,echonet_dynamic_no_long_axis_v1
0X350970D6E6E3E907,71,89,1490.192,851.356,0.5713,2,echonet_dynamic_no_long_axis_v1
0X350C03638EC233F6,39,54,1430.811,1011.767,0.7071,2,echonet_dynamic_no_long_axis_v1
0X350E5D4955052AFA,43,62,1596.14,1450.305,0.9086,2,echonet_dynamic_no_long_axis_v1
0X350F6E738A333B5F,155,175,1431.415,1048.101,0.7322,2,echonet_dynamic_no_long_axis_v1
0X3511A5055ECF66F0,54,73,1059.432,524.508,0.4951,2,echonet_dynamic_no_long_axis_v1
0X35132DA02086E6C9,100,121,1895.511,1134.158,0.5983,2,echonet_dynamic_no_long_axis_v1
0X3514BFDF02AF7035,38,55,2309.338,1831.841,0.7932,2,echonet_dynamic_no_long_axis_v1
0X3515B5074318C90A,106,123,778.637,504.836,0.6484,2,echonet_dynamic_no_long_axis_v1
0X3517BDDF3F6BBF6,34,54,1616.935,784.841,0.4854,2,echonet_dynamic_no_long_axis_v1
0X351A2752679C0517,76,95,2733.451,1478.149,0.5408,2,echonet_dynamic_no_long_axis_v1
0X351BBD25D2E2FD44,96,120,2791.724,2122.8,0.7604,2,echonet_dynamic_no_long_axis_v1
0X351E0C8099E00647,91,104,1315.954,670.555,0.5096,2,echonet_dynamic_no_long_axis_v1
0X3524E64F44633A40,41,55,976.702,478.835,0.4903,2,echonet_dynamic_no_long_axis_v1
0X3527A0143356B7F5,114,132,1146.116,796.98,0.6954,2,echonet_dynamic_no_long_axis_v1
0X352BAE1138127A5A,149,161,986.865,541.726,0.5489,2,echonet_dynamic_no_long_axis_v1
0X352D7150FCBFA7C1,58,46,978.008,785.144,0.8028,2,echonet_dynamic_no_long_axis_v1
0X353238043903CF38,84,99,1240.248,680.8,0.5489,2,echonet_dynamic_no_long_axis_v1
0X3535658F5484B40F,50,62,1032.661,550.914,0.5335,2,echonet_dynamic_no_long_axis_v1
0X353B18E085493A52,34,49,927.003,577.995,0.6235,2,echonet_dynamic_no_long_axis_v1
0X353EA59FF849AC98,51,67,962.37,514.82,0.5349,2,echonet_dynamic_no_long_axis_v1
0X3545F8A008B34ED0,58,66,1095.349,646.895,0.5906,2,echonet_dynamic_no_long_axis_v1
0X3549E46B61BE286D,129,144,996.787,598.647,0.6006,2,echonet_dynamic_no_long_axis_v1
0X354B37A25C64276F,31,38,1691.972,386.944,0.2287,2,echonet_dynamic_no_long_axis_v1
0X354BA7E7B96988A6,45,62,1327.047,637.152,0.4801,2,echonet_dynamic_no_long_axis_v1
0X354F4B874AED071B,166,186,1803.107,1027.014,0.5696,2,echonet_dynamic_no_long_axis_v1
0X3555337FE7F02344,83,96,1411.77,1164.067,0.8245,2,echonet_dynamic_no_long_axis_v1
0X3559536AF7F794B5,167,184,1653.804,914.335,0.5529,2,echonet_dynamic_no_long_axis_v1
0X355CFB6583C8DFAD,37,51,1005.522,521.515,0.5187,2,echonet_dynamic_no_long_axis_v1
0X35607DFD91E00F2B,44,60,1845.216,1194.683,0.6474,2,echonet_dynamic_no_long_axis_v1
0X3562C155F79822B7,130,149,823.692,496.717,0.603,2,echonet_dynamic_no_long_axis_v1
0X3562CBA08DC6E30F,79,101,2145.052,1120.305,0.5223,2,echonet_dynamic_no_long_axis_v1
0X35656E25278C4CCC,110,123,1106.028,569.925,0.5153,2,echonet_dynamic_no_long_axis_v1
0X356662E85B788616,42,57,1000.924,580.164,0.5796,2,echonet_dynamic_no_long_axis_v1
0X356731D116D6F9A0,40,55,1173.498,715.822,0.61,2,echonet_dynamic_no_long_axis_v1
0X3569758159E76E83,151,174,1620.939,1285.014,0.7928,2,echonet_dynamic_no_long_axis_v1
0X356A6FCC675F2E7D,2,18,1312.241,743.83,0.5668,2,echonet_dynamic_no_long_axis_v1
0X356CFAC4B58D6D04,64,84,1303.813,729.794,0.5597,2,echonet_dynamic_no_long_axis_v1
0X35701918728819DC,118,138,1144.761,638.048,0.5574,2,echonet_dynamic_no_long_axis_v1
0X3571562B40FB6BF6,37,57,1219.024,643.945,0.5282,2,echonet_dynamic_no_long_axis_v1
0X3572B6AE5C661529,20,30,1684.669,1329.211,0.789,2,echonet_dynamic_no_long_axis_v1
0X3574D795ECA3735,29,43,962.747,518.667,0.5387,2,echonet_dynamic_no_long_axis_v1
0X357717818F4DA337,5,24,1120.819,901.494,0.8043,2,echonet_dynamic_no_long_axis_v1
0X3579BDBD3E3E2AF3,73,87,744.229,401.464,0.5394,2,echonet_dynamic_no_long_axis_v1
0X357D90B1EE59CC94,122,161,2149.024,1304.825,0.6072,2,echonet_dynamic_no_long_axis_v1
0X3585426448E631FA,35,53,937.229,567.928,0.606,2,echonet_dynamic_no_long_axis_v1
0X3587945D9CB88758,131,149,1838.412,1110.451,0.604,2,echonet_dynamic_no_long_axis_v1
0X3587F21A9977747D,59,67,962.206,499.532,0.5192,2,echonet_dynamic_no_long_axis_v1
0X358A9CDF953254F2,76,91,1291.3,879.604,0.6812,2,echonet_dynamic_no_long_axis_v1
0X358D5974FC807D32,125,143,1282.205,868.418,0.6773,2,echonet_dynamic_no_long_axis_v1
0X358EBA0C393EA18,0,16,1215.28,651.971,0.5365,2,echonet_dynamic_no_long_axis_v1
0X3590CC9889D55995,15,28,1750.821,1011.116,0.5775,2,echonet_dynamic_no_long_axis_v1
0X35935529AAE83D83,2,12,1181.738,975.996,0.8259,2,echonet_dynamic_no_long_axis_v1
0X35943DCDA257FB3F,53,71,2043.43,1200.224,0.5874,2,echonet_dynamic_no_long_axis_v1
0X35995BE8BB3A6D42,2,21,1352.087,718.014,0.531,2,echonet_dynamic_no_long_axis_v1
0X359C6A18604089D0,59,80,578.442,363.588,0.6286,2,echonet_dynamic_no_long_axis_v1
0X35A2E30EB9BB238F,0,16,1413.806,768.026,0.5432,2,echonet_dynamic_no_long_axis_v1
0X35A57DE1135380CA,87,105,1278.831,623.988,0.4879,2,echonet_dynamic_no_long_axis_v1
0X35A5E9C9075E56EE,91,44,957.327,712.122,0.7439,2,echonet_dynamic_no_long_axis_v1
0X35A78A31D8EC3E08,226,244,1388.189,956.471,0.689,2,echonet_dynamic_no_long_axis_v1
0X35AA6B2F5D6AEF85,70,82,1195.418,694.95,0.5813,2,echonet_dynamic_no_long_axis_v1
0X35B6193459F647D0,53,73,1564.774,967.916,0.6186,2,echonet_dynamic_no_long_axis_v1
0X35BC863BEC069E1E,29,42,1252.743,818.042,0.653,2,echonet_dynamic_no_long_axis_v1
0X35C02A1D71E0F261,95,117,1021.859,611.126,0.5981,2,echonet_dynamic_no_long_axis_v1
0X35CF87872963F067,47,68,2217.122,1486.374,0.6704,2,echonet_dynamic_no_long_axis_v1
0X35D71675B11A8F12,78,97,2180.495,1160.751,0.5323,2,echonet_dynamic_no_long_axis_v1
0X35DBF818D1E47758,72,88,1754.891,978.606,0.5576,2,echonet_dynamic_no_long_axis_v1
0X35DE4C4E8984305E,2,20,1057.324,640.371,0.6057,2,echonet_dynamic_no_long_axis_v1
0X35DE851D8AB0DF91,36,57,1219.139,733.699,0.6018,2,echonet_dynamic_no_long_axis_v1
0X35DFFC5BC8995375,51,71,1739.508,1000.284,0.575,2,echonet_dynamic_no_long_axis_v1
0X35ED1628AC7789FC,107,122,2130.255,1250.735,0.5871,2,echonet_dynamic_no_long_axis_v1
0X35F13DAF9D23F2E0,49,66,1162.177,766.498,0.6595,2,echonet_dynamic_no_long_axis_v1
0X35F221108BCA1A20,45,59,2247.812,1196.456,0.5323,2,echonet_dynamic_no_long_axis_v1
0X35F5B1F089772D09,77,90,1455.712,886.611,0.6091,2,echonet_dynamic_no_long_axis_v1
0X35FEF9072E3537BB,182,200,1598.257,941.32,0.589,2,echonet_dynamic_no_long_axis_v1
0X3600E5DB8324B05C,43,65,715.358,446.968,0.6248,2,echonet_dynamic_no_long_axis_v1
0X36029F349497FD71,72,88,1529.305,932.254,0.6096,2,echonet_dynamic_no_long_axis_v1
0X3606D9A467E6CE63,39,54,1080.812,716.723,0.6631,2,echonet_dynamic_no_long_axis_v1
0X3619CA422F4061D1,54,70,1369.691,744.318,0.5434,2,echonet_dynamic_no_long_axis_v1
0X3619FBB48260A469,51,71,1337.813,766.651,0.5731,2,echonet_dynamic_no_long_axis_v1
0X361BB885534EDDC4,56,75,1044.048,562.515,0.5388,2,echonet_dynamic_no_long_axis_v1
0X361CC0F1626A8FC6,78,93,1107.372,541.094,0.4886,2,echonet_dynamic_no_long_axis_v1
0X361DB800810D49EC,143,164,1954.462,1084.405,0.5548,2,echonet_dynamic_no_long_axis_v1
0X36212648EAFF0B89,1,13,737.177,521.558,0.7075,2,echonet_dynamic_no_long_axis_v1
0X36225F52C1D2A015,4,22,1119.849,917.565,0.8194,2,echonet_dynamic_no_long_axis_v1
0X36250F8B6C5C2DCD,57,71,760.032,395.683,0.5206,2,echonet_dynamic_no_long_axis_v1
0X36273BA043E4849E,35,47,2044.442,998.294,0.4883,2,echonet_dynamic_no_long_axis_v1
0X362AF0DB0ECE89E9,65,77,1623.567,1131.013,0.6966,2,echonet_dynamic_no_long_axis_v1
0X362FD3C18A57E4AC,0,19,1541.134,793.193,0.5147,2,echonet_dynamic_no_long_axis_v1
0X363F29275ABC04D0,52,71,1375.319,803.784,0.5844,2,echonet_dynamic_no_long_axis_v1
0X3641C89EB2887277,104,123,1020.436,522.227,0.5118,2,echonet_dynamic_no_long_axis_v1
0X3649FD731DF1B5B2,50,68,537.182,356.304,0.6633,2,echonet_dynamic_no_long_axis_v1
0X364A30E94BB38C,0,18,2563.972,1364.678,0.5323,2,echonet_dynamic_no_long_axis_v1
0X364DAFDC16D92240,90,107,1230.974,1113.358,0.9045,2,echonet_dynamic_no_long_axis_v1
0X3651598B0EB0AE89,43,58,1394.105,1136.518,0.8152,2,echonet_dynamic_no_long_axis_v1
0X36558A226D3C4158,100,117,2933.8,1644.261,0.5605,2,echonet_dynamic_no_long_axis_v1
0X36560A1C88E0899A,99,120,2283.836,1493.435,0.6539,2,echonet_dynamic_no_long_axis_v1
0X365705882E795EBB,74,91,1014.704,672.271,0.6625,2,echonet_dynamic_no_long_axis_v1
0X3658AEF1BA5BFF33,31,48,2520.5,1258.936,0.4995,2,echonet_dynamic_no_long_axis_v1
0X3659F7222EFAEE84,61,81,1487.732,902.183,0.6064,2,echonet_dynamic_no_long_axis_v1
0X365B2E9FB5F6E9A0,70,87,1954.932,1643.424,0.8407,2,echonet_dynamic_no_long_axis_v1
0X365CD11BB171403B,36,50,872.099,562.497,0.645,2,echonet_dynamic_no_long_axis_v1
0X365F36B9859AED91,63,75,1170.057,709.342,0.6062,2,echonet_dynamic_no_long_axis_v1
0X3662921D976FA535,83,102,867.014,478.018,0.5513,2,echonet_dynamic_no_long_axis_v1
0X3664FA96FA937A15,0,15,1486.45,796.08,0.5356,2,echonet_dynamic_no_long_axis_v1
0X3668D2C590A028AD,71,88,2160.898,1221.547,0.5653,2,echonet_dynamic_no_long_axis_v1
0X36694614F119F8BF,112,128,1720.845,1072.69,0.6234,2,echonet_dynamic_no_long_axis_v1
0X366AD377E4A81FBE,51,3,1113.772,962.47,0.8642,2,echonet_dynamic_no_long_axis_v1
0X366D3126835759B6,97,112,1231.07,751.959,0.6108,2,echonet_dynamic_no_long_axis_v1
0X367085DDC2E90657,58,114,1430.004,1025.482,0.7171,2,echonet_dynamic_no_long_axis_v1
0X36715FD73D74BF39,93,108,2695.118,2017.687,0.7486,2,echonet_dynamic_no_long_axis_v1
0X3677ED237A9338F4,47,64,1223.826,685.181,0.5599,2,echonet_dynamic_no_long_axis_v1
0X3679A40BE82295C8,50,63,4395.269,2552.857,0.5808,2,echonet_dynamic_no_long_axis_v1
0X367B540BD67522AF,74,87,819.461,365.187,0.4456,2,echonet_dynamic_no_long_axis_v1
0X367CFA84878244FA,82,93,1057.127,518.585,0.4906,2,echonet_dynamic_no_long_axis_v1
0X367EF3C5E490D06D,81,99,1097.688,608.63,0.5545,2,echonet_dynamic_no_long_axis_v1
0X3680802CE73F0111,137,163,1901.162,1528.076,0.8038,2,echonet_dynamic_no_long_axis_v1
0X36820DBFCD583F25,63,84,1527.525,925.552,0.6059,2,echonet_dynamic_no_long_axis_v1
0X36843785539A004C,122,103,2193.215,1852.865,0.8448,2,echonet_dynamic_no_long_axis_v1
0X36854BD13E2D4031,71,82,1024.65,632.219,0.617,2,echonet_dynamic_no_long_axis_v1
0X36855520AF004067,120,137,2123.618,1284.343,0.6048,2,echonet_dynamic_no_long_axis_v1
0X368A36C92FFEC550,52,71,2136.006,1066.742,0.4994,2,echonet_dynamic_no_long_axis_v1
0X368C8C18EE91FFC2,160,173,982.472,482.803,0.4914,2,echonet_dynamic_no_long_axis_v1
0X368E8CE3FB0A3F96,79,102,1564.87,1076.364,0.6878,2,echonet_dynamic_no_long_axis_v1
0X368FA2713959D710,35,44,1443.36,758.472,0.5255,2,echonet_dynamic_no_long_axis_v1
0X369097280CAAF1E6,52,76,2612.197,1709.306,0.6544,2,echonet_dynamic_no_long_axis_v1
0X3690E1CA5E40ABD6,48,65,496.795,211.703,0.4261,2,echonet_dynamic_no_long_axis_v1
0X3693781992586497,39,47,233.874,122.865,0.5253,2,echonet_dynamic_no_long_axis_v1
0X3693F13626B9A3E1,49,69,960.707,664.864,0.6921,2,echonet_dynamic_no_long_axis_v1
0X3694A8837AC5F707,103,120,1022.936,511.633,0.5002,2,echonet_dynamic_no_long_axis_v1
0X3697C1B485A4B66C,79,98,1457.756,970.823,0.666,2,echonet_dynamic_no_long_axis_v1
0X36980E4A755BAB70,104,118,1501.187,1184.064,0.7888,2,echonet_dynamic_no_long_axis_v1
0X369B8F063DDD3DDE,17,31,1327.283,1061.116,0.7995,2,echonet_dynamic_no_long_axis_v1
0X369D9859BEDE11F6,42,58,1029.619,628.179,0.6101,2,echonet_dynamic_no_long_axis_v1
0X369F4745D75C926A,153,174,1057.187,541.373,0.5121,2,echonet_dynamic_no_long_axis_v1
0X36A70C2755257C5F,135,153,906.059,522.262,0.5764,2,echonet_dynamic_no_long_axis_v1
0X36AD89AAE3FAF892,3,20,921.054,528.111,0.5734,2,echonet_dynamic_no_long_axis_v1
0X36ADC50A0EA70B99,0,17,1269.316,686.089,0.5405,2,echonet_dynamic_no_long_axis_v1
0X36AE471FEC81D0F8,81,96,1673.638,968.653,0.5788,2,echonet_dynamic_no_long_axis_v1
0X36AEAF74B90CDBD4,45,60,2104.875,1233.896,0.5862,2,echonet_dynamic_no_long_axis_v1
0X36AEF23E46307423,88,106,1872.932,986.338,0.5266,2,echonet_dynamic_no_long_axis_v1
0X36B24AE5ABCC6260,106,124,1059.511,563.202,0.5316,2,echonet_dynamic_no_long_axis_v1
0X36B33D2B6530F83E,106,121,873.898,482.928,0.5526,2,echonet_dynamic_no_long_axis_v1
0X36B356D92C89CA77,3,14,1234.368,753.499,0.6104,2,echonet_dynamic_no_long_axis_v1
0X36B5FD2DD0218534,61,77,1595.268,830.34,0.5205,2,echonet_dynamic_no_long_axis_v1
0X36B7933826909A38,59,78,1155.393,660.745,0.5719,2,echonet_dynamic_no_long_axis_v1
0X36B7C4AB8CD4B69E,45,62,1121.507,667.118,0.5948,2,echonet_dynamic_no_long_axis_v1
0X36BC020D616A1C3E,69,90,1470.446,783.39,0.5328,2,echonet_dynamic_no_long_axis_v1
0X36BC2C060ED9295,78,100,1541.941,901.309,0.5845,2,echonet_dynamic_no_long_axis_v1
0X36BD144912D456D8,122,140,1360.32,818.887,0.602,2,echonet_dynamic_no_long_axis_v1
0X36BD2518C9D15985,34,50,2267.244,2003.057,0.8835,2,echonet_dynamic_no_long_axis_v1
0X36C24B4CC763F804,40,60,2593.667,1692.976,0.6527,2,echonet_dynamic_no_long_axis_v1
0X36C3A242D0282A79,45,65,1162.445,576.705,0.4961,2,echonet_dynamic_no_long_axis_v1
0X36C4E7ECAA2BCBD9,37,48,1186.755,768.607,0.6477,2,echonet_dynamic_no_long_axis_v1
0X36C5A15AC7FC6AAA,74,58,1139.622,1053.118,0.9241,2,echonet_dynamic_no_long_axis_v1
0X36C5DE35959702C2,168,185,1651.863,924.128,0.5594,2,echonet_dynamic_no_long_axis_v1
0X36C8D17C4AA7C806,40,57,1123.724,644.232,0.5733,2,echonet_dynamic_no_long_axis_v1
0X36CCD2D8878BA51D,85,98,1190.385,668.418,0.5615,2,echonet_dynamic_no_long_axis_v1
0X36CFD828F214D7F6,51,65,1208.977,628.226,0.5196,2,echonet_dynamic_no_long_axis_v1
0X36D558075BB74018,2,19,1413.253,953.772,0.6749,2,echonet_dynamic_no_long_axis_v1
0X36D59A17CA2C77AE,119,143,2517.291,1515.471,0.602,2,echonet_dynamic_no_long_axis_v1
0X36DF7F18D6224D8E,130,143,1056.753,644.341,0.6097,2,echonet_dynamic_no_long_axis_v1
0X36DFB3273B20DF4B,102,110,1040.651,592.298,0.5692,2,echonet_dynamic_no_long_axis_v1
0X36E1B0D2F55F5083,4,21,1137.032,636.072,0.5594,2,echonet_dynamic_no_long_axis_v1
0X36E1F0560F36E313,119,140,1330.595,987.703,0.7423,2,echonet_dynamic_no_long_axis_v1
0X36E4468C9E659B89,2,21,1775.657,1197.819,0.6746,2,echonet_dynamic_no_long_axis_v1
0X36E57BE2B11E4E3E,116,128,2368.846,1347.014,0.5686,2,echonet_dynamic_no_long_axis_v1
0X36E731545F69ECDC,66,82,1064.437,609.143,0.5723,2,echonet_dynamic_no_long_axis_v1
0X36EAF76B49E25D66,32,43,900.977,431.751,0.4792,2,echonet_dynamic_no_long_axis_v1
0X36F52C92187D7452,33,47,752.289,478.655,0.6363,2,echonet_dynamic_no_long_axis_v1
0X36F9A84314FD103C,73,94,1706.532,1074.156,0.6294,2,echonet_dynamic_no_long_axis_v1
0X36FB42EDBD9C3623,82,95,1065.48,620.673,0.5825,2,echonet_dynamic_no_long_axis_v1
0X370587577A29EA9,69,90,1944.268,1171.982,0.6028,2,echonet_dynamic_no_long_axis_v1
0X37065F92C8742D4B,47,62,1577.765,850.243,0.5389,2,echonet_dynamic_no_long_axis_v1
0X3706CECB0D52DB89,32,44,757.175,465.645,0.615,2,echonet_dynamic_no_long_axis_v1
0X370BFF01AB719E61,114,132,1680.0,932.111,0.5548,2,echonet_dynamic_no_long_axis_v1
0X371AEF210253C983,36,49,2270.613,1881.604,0.8287,2,echonet_dynamic_no_long_axis_v1
0X3721BAB9BF06CE82,45,61,1385.753,851.948,0.6148,2,echonet_dynamic_no_long_axis_v1
0X3723344573E75E5,88,104,1084.014,754.334,0.6959,2,echonet_dynamic_no_long_axis_v1
0X3725F884E49C387C,53,74,2074.99,1313.709,0.6331,2,echonet_dynamic_no_long_axis_v1
0X3729DC43901DD07A,53,75,2268.213,1203.568,0.5306,2,echonet_dynamic_no_long_axis_v1
0X37307937DDFA46A9,44,61,4147.088,2164.273,0.5219,2,echonet_dynamic_no_long_axis_v1
0X3732593549EE8E29,121,140,1379.44,759.818,0.5508,2,echonet_dynamic_no_long_axis_v1
0X374099556945A9EA,121,132,5629.76,3731.57,0.6628,2,echonet_dynamic_no_long_axis_v1
0X3748E23FFEA283C6,114,129,1355.078,1087.096,0.8022,2,echonet_dynamic_no_long_axis_v1
0X3752924AB02EDDE6,88,106,1669.752,1169.899,0.7006,2,echonet_dynamic_no_long_axis_v1
0X3754A0841B209E31,185,202,1910.183,1065.614,0.5579,2,echonet_dynamic_no_long_axis_v1
0X37580FDB4D1D140,41,56,1738.32,798.003,0.4591,2,echonet_dynamic_no_long_axis_v1
0X375A84A3AAC32C67,40,59,1734.33,1187.417,0.6847,2,echonet_dynamic_no_long_axis_v1
0X37671D9D80CCE804,3,15,1608.533,1004.967,0.6248,2,echonet_dynamic_no_long_axis_v1
0X376C845E9F31E90D,38,16,1699.954,764.336,0.4496,2,echonet_dynamic_no_long_axis_v1
0X3771953B5331C326,120,145,3015.95,1792.927,0.5945,2,echonet_dynamic_no_long_axis_v1
0X3774A913EC0A4ED0,4,19,1313.815,658.285,0.501,2,echonet_dynamic_no_long_axis_v1
0X37761C666D82804F,55,72,1425.872,803.086,0.5632,2,echonet_dynamic_no_long_axis_v1
0X377A054F49B13FAE,81,101,943.014,550.033,0.5833,2,echonet_dynamic_no_long_axis_v1
0X377F8EF0A95F368,30,42,974.069,608.093,0.6243,2,echonet_dynamic_no_long_axis_v1
0X378127302CF37356,34,48,997.724,561.533,0.5628,2,echonet_dynamic_no_long_axis_v1
0X378691AE5C1F4D1,47,63,1253.988,690.362,0.5505,2,echonet_dynamic_no_long_axis_v1
0X378710053D7ED204,88,108,1104.219,621.058,0.5624,2,echonet_dynamic_no_long_axis_v1
0X378B60986C2959FC,98,116,1114.982,592.931,0.5318,2,echonet_dynamic_no_long_axis_v1
0X378B99020DEA60BA,61,81,1671.288,1321.615,0.7908,2,echonet_dynamic_no_long_axis_v1
0X378C9BDA702A27CE,61,77,1125.206,662.11,0.5884,2,echonet_dynamic_no_long_axis_v1
0X378E08181E0B8BAA,0,17,2530.769,1925.27,0.7607,2,echonet_dynamic_no_long_axis_v1
0X378F03AA6A00CE87,44,63,1773.336,989.43,0.5579,2,echonet_dynamic_no_long_axis_v1
0X3790431EBFD08B20,99,113,1703.91,926.268,0.5436,2,echonet_dynamic_no_long_axis_v1
0X379177330C90F7EA,45,66,2134.282,1485.824,0.6962,2,echonet_dynamic_no_long_axis_v1
0X3793C26A31FEFF54,37,54,1741.246,1009.542,0.5798,2,echonet_dynamic_no_long_axis_v1
0X379702FD21B373CE,80,89,1372.204,709.164,0.5168,2,echonet_dynamic_no_long_axis_v1
0X379A4AF7F8D17ACB,42,54,1918.358,1190.674,0.6207,2,echonet_dynamic_no_long_axis_v1
0X379CA9FEA4B8D934,108,118,656.848,336.316,0.512,2,echonet_dynamic_no_long_axis_v1
0X379D5D1F9907784D,49,64,1349.789,929.45,0.6886,2,echonet_dynamic_no_long_axis_v1
0X379DAAC5FF13821B,56,72,1274.904,739.536,0.5801,2,echonet_dynamic_no_long_axis_v1
0X37AA5019490DE956,84,104,912.179,647.5,0.7098,2,echonet_dynamic_no_long_axis_v1
0X37AA7B612514A839,43,56,984.369,506.059,0.5141,2,echonet_dynamic_no_long_axis_v1
0X37B267E780801BBA,95,108,974.284,510.085,0.5235,2,echonet_dynamic_no_long_axis_v1
0X37B5700D43C90E67,56,69,1709.705,1515.579,0.8865,2,echonet_dynamic_no_long_axis_v1
0X37BFEEF205E5ACA3,121,143,2356.338,1401.907,0.595,2,echonet_dynamic_no_long_axis_v1
0X37C22AD689BE34F,56,74,1095.878,567.29,0.5177,2,echonet_dynamic_no_long_axis_v1
0X37C81FB4C90A9A3E,114,129,1185.538,700.762,0.5911,2,echonet_dynamic_no_long_axis_v1
0X37C99A3FE9350BA0,105,123,2516.067,1265.935,0.5031,2,echonet_dynamic_no_long_axis_v1
0X37D94E893C4F237C,74,87,955.133,493.504,0.5167,2,echonet_dynamic_no_long_axis_v1
0X37D9FB2652E17FC8,87,105,3152.634,2678.6,0.8496,2,echonet_dynamic_no_long_axis_v1
0X37DA9BFFBB4A5DAE,68,83,1266.782,712.096,0.5621,2,echonet_dynamic_no_long_axis_v1
0X37E48E1504E3D89,80,97,2084.568,1083.169,0.5196,2,echonet_dynamic_no_long_axis_v1
0X37E6E6434A0C815B,50,68,1284.009,693.06,0.5398,2,echonet_dynamic_no_long_axis_v1
0X37EB51583A9D8E6C,89,107,866.232,477.183,0.5509,2,echonet_dynamic_no_long_axis_v1
0X37EED937EE5D531F,87,96,2316.292,2197.936,0.9489,2,echonet_dynamic_no_long_axis_v1
0X37F75947334E0950,50,65,1803.054,1003.753,0.5567,2,echonet_dynamic_no_long_axis_v1
0X37F9E9981E207C04,90,75,2610.705,63.496,0.0243,2,echonet_dynamic_no_long_axis_v1
0X37FF2E02E64FDC8A,93,109,1360.431,692.654,0.5091,2,echonet_dynamic_no_long_axis_v1
0X380404E9F3B02E7F,52,68,2758.906,1833.775,0.6647,2,echonet_dynamic_no_long_axis_v1
0X380AB851A1F1ECDC,82,95,1336.994,809.782,0.6057,2,echonet_dynamic_no_long_axis_v1
0X3811B3B600535B08,46,62,1699.368,841.943,0.4954,2,echonet_dynamic_no_long_axis_v1
0X38143F4D496E1C01,41,60,1027.97,560.397,0.5451,2,echonet_dynamic_no_long_axis_v1
0X38145E7CC30DC7A5,66,93,1385.995,847.768,0.6117,2,echonet_dynamic_no_long_axis_v1
0X381609E5A502011E,39,52,1555.551,827.105,0.5317,2,echonet_dynamic_no_long_axis_v1
0X381864BFF92B7437,49,67,1471.402,757.725,0.515,2,echonet_dynamic_no_long_axis_v1
0X381A1032716BDFE3,58,73,1407.29,1030.228,0.7321,2,echonet_dynamic_no_long_axis_v1
0X381BBECABC1D6FB2,54,70,2540.549,2181.955,0.8589,2,echonet_dynamic_no_long_axis_v1
0X381E0029617F214D,109,128,1042.532,564.511,0.5415,2,echonet_dynamic_no_long_axis_v1
0X381F0E140D552666,57,73,2260.649,1255.901,0.5555,2,echonet_dynamic_no_long_axis_v1
0X3821E9F21EBFFF33,56,68,1431.29,738.716,0.5161,2,echonet_dynamic_no_long_axis_v1
0X38254D78E538011D,71,88,1179.387,699.01,0.5927,2,echonet_dynamic_no_long_axis_v1
0X3825F13C4A46F44C,101,114,1161.996,882.697,0.7596,2,echonet_dynamic_no_long_axis_v1
0X382685BB75B13E86,39,56,1326.201,710.276,0.5356,2,echonet_dynamic_no_long_axis_v1
0X3828251CB7F52FDE,50,65,1326.46,624.005,0.4704,2,echonet_dynamic_no_long_axis_v1
0X383838D5E679ACFE,115,133,1051.303,817.89,0.778,2,echonet_dynamic_no_long_axis_v1
0X3838EE835D844578,121,140,545.078,310.752,0.5701,2,echonet_dynamic_no_long_axis_v1
0X383AE9D85E471FEC,115,128,1126.659,646.344,0.5737,2,echonet_dynamic_no_long_axis_v1
0X383C974A8DDF5,56,73,1076.946,610.923,0.5673,2,echonet_dynamic_no_long_axis_v1
0X3842C50FE6B2F4B1,69,83,1955.868,1222.737,0.6252,2,echonet_dynamic_no_long_axis_v1
0X3845FCDDC728107D,69,82,1605.237,1026.165,0.6393,2,echonet_dynamic_no_long_axis_v1
0X3846391F71AB9B06,133,146,1091.714,675.612,0.6189,2,echonet_dynamic_no_long_axis_v1
0X3847FF474B4D4AEB,61,83,1936.92,1095.004,0.5653,2,echonet_dynamic_no_long_axis_v1
0X38491F42504861CA,375,393,1433.931,877.372,0.6119,2,echonet_dynamic_no_long_axis_v1
0X384933A479F6904F,122,138,1662.695,917.246,0.5517,2,echonet_dynamic_no_long_axis_v1
0X384A037668246F4E,124,149,1751.587,1474.811,0.842,2,echonet_dynamic_no_long_axis_v1
0X384AA2C9A3C82A61,94,109,1089.529,700.507,0.6429,2,echonet_dynamic_no_long_axis_v1
0X384B32F8B19D8E0,50,65,1500.41,810.908,0.5405,2,echonet_dynamic_no_long_axis_v1
0X384FCB5F752D8DCF,93,114,918.026,640.087,0.6972,2,echonet_dynamic_no_long_axis_v1
0X385071ADD66846AD,12,30,1221.177,991.544,0.812,2,echonet_dynamic_no_long_axis_v1
0X385229E934253438,98,113,3760.513,1985.083,0.5279,2,echonet_dynamic_no_long_axis_v1
0X3852798141EC72CD,144,157,1325.022,675.194,0.5096,2,echonet_dynamic_no_long_axis_v1
0X38553A64F1845D6,138,110,995.027,588.889,0.5918,2,echonet_dynamic_no_long_axis_v1
0X3856B31133D591F9,18,32,1328.634,938.781,0.7066,2,echonet_dynamic_no_long_axis_v1
0X385A1BC46A38CB5B,139,160,1498.866,1147.807,0.7658,2,echonet_dynamic_no_long_axis_v1
0X385B21C57A42C5A1,53,66,1224.433,634.883,0.5185,2,echonet_dynamic_no_long_axis_v1
0X385C5071980C3241,59,72,1156.182,616.237,0.533,2,echonet_dynamic_no_long_axis_v1
0X385F55F9B1A71FD2,1,16,1631.521,778.135,0.4769,2,echonet_dynamic_no_long_axis_v1
0X3860318B66CC8557,41,59,1083.683,661.262,0.6102,2,echonet_dynamic_no_long_axis_v1
0X38638F441D35402,135,155,2443.366,1756.42,0.7189,2,echonet_dynamic_no_long_axis_v1
0X386444FB91940E3D,65,89,1261.667,700.583,0.5553,2,echonet_dynamic_no_long_axis_v1
0X386924A6B430342A,87,103,1289.365,940.043,0.7291,2,echonet_dynamic_no_long_axis_v1
0X3869ABCAB47DF8C9,127,148,1117.82,628.074,0.5619,2,echonet_dynamic_no_long_axis_v1
0X3869C8E146FBD123,90,109,2731.271,1619.225,0.5928,2,echonet_dynamic_no_long_axis_v1
0X386DAB52217592A2,163,184,1690.609,1069.556,0.6326,2,echonet_dynamic_no_long_axis_v1
0X386E38E6214B10A1,50,69,1278.822,738.187,0.5772,2,echonet_dynamic_no_long_axis_v1
0X386E6F14BB2F2D6E,35,50,978.392,466.602,0.4769,2,echonet_dynamic_no_long_axis_v1
0X38715946C362E4A2,38,52,1308.85,1047.278,0.8002,2,echonet_dynamic_no_long_axis_v1
0X3875F6FD6EDAC72B,103,122,1054.893,549.58,0.521,2,echonet_dynamic_no_long_axis_v1
0X3879A849BC662476,53,70,1136.875,610.522,0.537,2,echonet_dynamic_no_long_axis_v1
0X387C1FBF1C6448E6,87,102,1185.538,690.752,0.5826,2,echonet_dynamic_no_long_axis_v1
0X387CAAFEB15599D2,39,57,2283.072,1472.214,0.6448,2,echonet_dynamic_no_long_axis_v1
0X387DC966A4E49FF7,132,153,736.91,406.62,0.5518,2,echonet_dynamic_no_long_axis_v1
0X387F179AFBFB9768,31,46,834.04,433.038,0.5192,2,echonet_dynamic_no_long_axis_v1
0X3881278C9B1525BD,54,71,2565.845,1895.924,0.7389,2,echonet_dynamic_no_long_axis_v1
0X3885497D26EE0A1E,52,66,2005.752,1175.699,0.5862,2,echonet_dynamic_no_long_axis_v1
0X388632531BB30B3C,48,67,1311.34,952.472,0.7263,2,echonet_dynamic_no_long_axis_v1
0X38879CF9F172C79,54,77,1289.761,661.285,0.5127,2,echonet_dynamic_no_long_axis_v1
0X389086C8EC0A5181,58,82,1746.413,1041.187,0.5962,2,echonet_dynamic_no_long_axis_v1
0X3892C8528EDF3D78,55,74,2886.018,1865.78,0.6465,2,echonet_dynamic_no_long_axis_v1
0X3893725E893E66B1,68,90,1861.94,1022.051,0.5489,2,echonet_dynamic_no_long_axis_v1
0X389455E41FE5B36,72,95,2819.826,1970.267,0.6987,2,echonet_dynamic_no_long_axis_v1
0X389A53F8C76EB122,112,124,1667.86,1147.387,0.6879,2,echonet_dynamic_no_long_axis_v1
0X389AE3058DF8A75A,40,56,1032.013,621.097,0.6018,2,echonet_dynamic_no_long_axis_v1
0X389BA6B21FADB9D8,51,69,1209.55,768.55,0.6354,2,echonet_dynamic_no_long_axis_v1
0X389BC2B8D056A031,85,98,1172.903,680.949,0.5806,2,echonet_dynamic_no_long_axis_v1
0X389D268AC64FDF16,96,109,1854.763,1275.592,0.6877,2,echonet_dynamic_no_long_axis_v1
0X38A0EAF624F7A247,107,124,886.441,478.46,0.5398,2,echonet_dynamic_no_long_axis_v1
0X38A2BB53562636BB,37,54,1242.616,1039.855,0.8368,2,echonet_dynamic_no_long_axis_v1
0X38A3C665EF3925D1,45,64,977.931,503.844,0.5152,2,echonet_dynamic_no_long_axis_v1
0X38A74D84490F7CFF,108,118,902.631,449.527,0.498,2,echonet_dynamic_no_long_axis_v1
0X38AD513F67133C37,170,185,1300.717,795.756,0.6118,2,echonet_dynamic_no_long_axis_v1
0X38AF259B8CB9ED38,137,153,2313.486,1564.562,0.6763,2,echonet_dynamic_no_long_axis_v1
0X38B128C923F9718F,29,43,1452.753,1234.753,0.8499,2,echonet_dynamic_no_long_axis_v1
0X38B537356485B1FB,65,81,807.595,446.612,0.553,2,echonet_dynamic_no_long_axis_v1
0X38B6140101279B52,110,128,1121.355,621.808,0.5545,2,echonet_dynamic_no_long_axis_v1
0X38BB67496B74ED43,350,383,1694.035,867.827,0.5123,2,echonet_dynamic_no_long_axis_v1
0X38BD4E9D7BE145D3,49,65,1189.244,658.517,0.5537,2,echonet_dynamic_no_long_axis_v1
0X38BF5A1070D6D922,144,169,1585.26,971.98,0.6131,2,echonet_dynamic_no_long_axis_v1
0X38BFE1C170679687,4,29,2447.726,1417.917,0.5793,2,echonet_dynamic_no_long_axis_v1
0X38C80D99FBBD1995,129,143,1205.568,635.288,0.527,2,echonet_dynamic_no_long_axis_v1
0X38CD1C45920A92B,61,76,1023.22,609.611,0.5958,2,echonet_dynamic_no_long_axis_v1
0X38CE7A69D1AD269D,59,75,1533.557,761.799,0.4968,2,echonet_dynamic_no_long_axis_v1
0X38CFBFF9E0F722F7,0,15,1417.727,813.065,0.5735,2,echonet_dynamic_no_long_axis_v1
0X38D1523C8AC932CB,51,74,583.245,331.092,0.5677,2,echonet_dynamic_no_long_axis_v1
0X38D5F0D5CCF21875,114,131,1069.362,548.52,0.5129,2,echonet_dynamic_no_long_axis_v1
0X38D61BFC461E6880,45,61,1164.216,736.95,0.633,2,echonet_dynamic_no_long_axis_v1
0X38D723B271A17254,84,102,1885.245,1003.352,0.5322,2,echonet_dynamic_no_long_axis_v1
0X38D92BC43C1543C0,38,57,2381.564,1227.304,0.5153,2,echonet_dynamic_no_long_axis_v1
0X38D9D8D3E8CAD64D,96,114,1354.685,745.256,0.5501,2,echonet_dynamic_no_long_axis_v1
0X38DC5920EB30FD44,45,62,2020.044,1345.426,0.666,2,echonet_dynamic_no_long_axis_v1
0X38E23F5101349879,86,100,904.203,611.541,0.6763,2,echonet_dynamic_no_long_axis_v1
0X38E252DBA241D7A7,39,56,1007.361,598.333,0.594,2,echonet_dynamic_no_long_axis_v1
0X38E98D54857003CA,30,44,1311.313,801.95,0.6116,2,echonet_dynamic_no_long_axis_v1
0X38EA1D595376A658,150,168,1493.717,748.155,0.5009,2,echonet_dynamic_no_long_axis_v1
0X38EE2A5624ABAE2C,78,95,1505.388,891.379,0.5921,2,echonet_dynamic_no_long_axis_v1
0X38EEE406BC289A52,58,76,2114.233,1847.817,0.874,2,echonet_dynamic_no_long_axis_v1
0X38F5A46E6132A231,49,65,1715.674,1117.187,0.6512,2,echonet_dynamic_no_long_axis_v1
0X38F6970A7694ECF5,123,143,1308.553,694.71,0.5309,2,echonet_dynamic_no_long_axis_v1
0X38FA13F5CA0BC79A,150,166,657.861,334.216,0.508,2,echonet_dynamic_no_long_axis_v1
0X38FA5C50E4F65BA,34,49,814.561,461.218,0.5662,2,echonet_dynamic_no_long_axis_v1
0X38FD38D5BC7288D2,118,136,1321.095,994.406,0.7527,2,echonet_dynamic_no_long_axis_v1
0X3901B0181816DDB2,107,116,1211.625,744.47,0.6144,2,echonet_dynamic_no_long_axis_v1
0X3902A366CE2F62E8,49,16,698.764,343.098,0.491,2,echonet_dynamic_no_long_axis_v1
0X3902FE711F8B581B,56,75,1491.366,975.716,0.6542,2,echonet_dynamic_no_long_axis_v1
0X39036C86D46D7EFF,127,145,1365.589,764.193,0.5596,2,echonet_dynamic_no_long_axis_v1
0X3904CF2713F4604D,119,138,1047.473,718.364,0.6858,2,echonet_dynamic_no_long_axis_v1
0X39051FE34AF2ABF2,80,106,1846.991,946.095,0.5122,2,echonet_dynamic_no_long_axis_v1
0X390A2A0F25666BFB,29,42,1466.836,814.597,0.5553,2,echonet_dynamic_no_long_axis_v1
0X39123D0EB3886D8,1,18,1383.663,711.754,0.5144,2,echonet_dynamic_no_long_axis_v1
0X39159841194ACD89,79,95,2422.596,1296.782,0.5353,2,echonet_dynamic_no_long_axis_v1
0X3915AE4881C75F2E,40,55,989.503,813.459,0.8221,2,echonet_dynamic_no_long_axis_v1
0X3915EB0A9DE6FDAF,67,96,2145.812,1478.989,0.6892,2,echonet_dynamic_no_long_axis_v1
0X3917A23D1B120284,32,41,817.795,485.581,0.5938,2,echonet_dynamic_no_long_axis_v1
0X39207AF594BF77D7,51,69,2455.309,1291.633,0.5261,2,echonet_dynamic_no_long_axis_v1
0X3924FFA1465DC6E8,47,63,1207.331,711.095,0.589,2,echonet_dynamic_no_long_axis_v1
0X3925BB805E197F96,70,88,1812.001,998.622,0.5511,2,echonet_dynamic_no_long_axis_v1
0X392B60853721DCCA,97,115,2225.547,1361.336,0.6117,2,echonet_dynamic_no_long_axis_v1
0X392DB57364299195,53,74,1831.113,970.146,0.5298,2,echonet_dynamic_no_long_axis_v1
0X39316269EC98F850,80,92,1404.043,743.261,0.5294,2,echonet_dynamic_no_long_axis_v1
0X39348579B2E55470,53,81,1102.772,619.971,0.5622,2,echonet_dynamic_no_long_axis_v1
0X39361D8B4B5EDFE8,5,17,1502.478,946.519,0.63,2,echonet_dynamic_no_long_axis_v1
0X39386679DE7A85F9,47,63,1299.109,683.868,0.5264,2,echonet_dynamic_no_long_axis_v1
0X39391A4909EE1831,114,129,2027.633,997.341,0.4919,2,echonet_dynamic_no_long_axis_v1
0X39430B9C27CAE73E,52,66,1181.861,729.603,0.6173,2,echonet_dynamic_no_long_axis_v1
0X3943402607F915DA,76,90,1166.75,578.859,0.4961,2,echonet_dynamic_no_long_axis_v1
0X3957CF1AAADE25C,30,46,1005.979,575.82,0.5724,2,echonet_dynamic_no_long_axis_v1
0X395E507F8ECA4193,120,135,1832.572,1020.4,0.5568,2,echonet_dynamic_no_long_axis_v1
0X396631243C670596,83,104,1232.344,753.515,0.6114,2,echonet_dynamic_no_long_axis_v1
0X3967483E89F10A1E,50,64,2470.336,1291.773,0.5229,2,echonet_dynamic_no_long_axis_v1
0X39692AE83D7076F8,58,76,838.677,463.953,0.5532,2,echonet_dynamic_no_long_axis_v1
0X396B442D42E66666,58,77,1470.787,794.4,0.5401,2,echonet_dynamic_no_long_axis_v1
0X396ECCF27946B21C,97,111,960.226,518.832,0.5403,2,echonet_dynamic_no_long_axis_v1
0X3972F3D228C6973,115,133,2943.721,1750.372,0.5946,2,echonet_dynamic_no_long_axis_v1
0X39785B105916D907,48,65,1746.036,1030.445,0.5902,2,echonet_dynamic_no_long_axis_v1
0X398111BC19E289A6,136,151,2431.055,1316.875,0.5417,2,echonet_dynamic_no_long_axis_v1
0X39812AAD22D1087E,2,11,1377.992,1165.298,0.8456,2,echonet_dynamic_no_long_axis_v1
0X398198DD34B47AB6,31,42,1544.173,921.65,0.5969,2,echonet_dynamic_no_long_axis_v1
0X3982C7E5ECE74699,89,106,1898.197,1536.164,0.8093,2,echonet_dynamic_no_long_axis_v1
0X398379987B3E5DE0,42,57,1773.133,1004.526,0.5665,2,echonet_dynamic_no_long_axis_v1
0X39878B4033C03C7A,89,106,1431.898,826.0,0.5769,2,echonet_dynamic_no_long_axis_v1
0X3988D1B584CBEC93,49,69,1176.344,955.033,0.8119,2,echonet_dynamic_no_long_axis_v1
0X398B7A013EC01F9A,64,74,792.781,431.182,0.5439,2,echonet_dynamic_no_long_axis_v1
0X398F29049BB32013,136,146,1378.905,980.606,0.7111,2,echonet_dynamic_no_long_axis_v1
0X3991463690B05802,44,57,2137.506,912.432,0.4269,2,echonet_dynamic_no_long_axis_v1
0X39972DF04C904BF8,4,20,1310.813,607.679,0.4636,2,echonet_dynamic_no_long_axis_v1
0X399873AFA4B674D6,1,13,2833.028,1319.703,0.4658,2,echonet_dynamic_no_long_axis_v1
0X3999802A1B03A98E,111,136,3221.79,2743.903,0.8517,2,echonet_dynamic_no_long_axis_v1
0X3999AFEE5AF07F42,58,69,1415.649,1275.691,0.9011,2,echonet_dynamic_no_long_axis_v1
0X399C53F778C73E41,58,76,1939.048,1315.427,0.6784,2,echonet_dynamic_no_long_axis_v1
0X399F9331838E32BE,99,110,1054.571,505.997,0.4798,2,echonet_dynamic_no_long_axis_v1
0X39A128E3A510782,40,58,1504.968,773.624,0.514,2,echonet_dynamic_no_long_axis_v1
0X39A85FA14F06B62D,82,95,1200.484,620.268,0.5167,2,echonet_dynamic_no_long_axis_v1
0X39AAB4E253F2AEAD,105,123,1355.225,987.88,0.7289,2,echonet_dynamic_no_long_axis_v1
0X39AB3B74095BAC3D,3,14,799.62,540.317,0.6757,2,echonet_dynamic_no_long_axis_v1
0X39AE5B2F372542EE,108,122,1024.532,540.403,0.5275,2,echonet_dynamic_no_long_axis_v1
0X39B358EAE5C1A47,50,71,1190.91,720.402,0.6049,2,echonet_dynamic_no_long_axis_v1
0X39B757B79F8A81FE,102,119,1429.782,727.135,0.5086,2,echonet_dynamic_no_long_axis_v1
0X39B8C93985E7FC88,86,98,1466.676,834.378,0.5689,2,echonet_dynamic_no_long_axis_v1
0X39BB31692C2E764B,5,15,1187.134,622.846,0.5247,2,echonet_dynamic_no_long_axis_v1
0X39BE5E9C68E021D2,48,60,1678.341,945.161,0.5632,2,echonet_dynamic_no_long_axis_v1
0X39C79919BCB7B445,97,113,1619.874,960.195,0.5928,2,echonet_dynamic_no_long_axis_v1
0X39CA8CC96A5D5E8B,32,50,1780.917,1353.315,0.7599,2,echonet_dynamic_no_long_axis_v1
0X39CC8C89DE6060B7,95,109,1148.348,648.964,0.5651,2,echonet_dynamic_no_long_axis_v1
0X39CCCA303517758C,49,61,1829.033,990.516,0.5416,2,echonet_dynamic_no_long_axis_v1
0X39CD6157F36F9824,95,112,2061.26,1384.506,0.6717,2,echonet_dynamic_no_long_axis_v1
0X39CF332039C0D5F,62,84,1093.55,631.772,0.5777,2,echonet_dynamic_no_long_axis_v1
0X39D01FC74E846311,55,64,706.282,369.142,0.5227,2,echonet_dynamic_no_long_axis_v1
0X39D0A18C20873B10,64,80,2686.186,1470.968,0.5476,2,echonet_dynamic_no_long_axis_v1
0X39D1558A3C02EC2D,156,172,984.219,524.395,0.5328,2,echonet_dynamic_no_long_axis_v1
0X39D4ACDFC707D00C,117,134,769.138,469.689,0.6107,2,echonet_dynamic_no_long_axis_v1
0X39D64C26334E84BB,36,60,1658.587,1033.369,0.623,2,echonet_dynamic_no_long_axis_v1
0X39D6D1217FE384B1,51,70,1324.175,691.092,0.5219,2,echonet_dynamic_no_long_axis_v1
0X39D91890A1999E8,163,182,854.43,561.029,0.6566,2,echonet_dynamic_no_long_axis_v1
0X39E11EB4ED0DB0B7,84,96,1201.05,1079.06,0.8984,2,echonet_dynamic_no_long_axis_v1
0X39E19BB2FA344EA3,63,78,1136.254,639.881,0.5631,2,echonet_dynamic_no_long_axis_v1
0X39E3FD0C9DB2E14C,57,66,1215.882,769.775,0.6331,2,echonet_dynamic_no_long_axis_v1
0X39E53D97C96FAAAB,79,94,2225.658,1215.911,0.5463,2,echonet_dynamic_no_long_axis_v1
0X39E5EE69D1ABD158,99,107,701.902,366.406,0.522,2,echonet_dynamic_no_long_axis_v1
0X39E6A4F87A2B6A88,43,57,1685.862,1258.01,0.7462,2,echonet_dynamic_no_long_axis_v1
0X39E992259898874A,34,50,924.471,569.597,0.6161,2,echonet_dynamic_no_long_axis_v1
0X39EF484992C44E9D,91,108,1616.053,832.607,0.5152,2,echonet_dynamic_no_long_axis_v1
0X39F0C16E2A50442A,124,137,1330.776,742.919,0.5583,2,echonet_dynamic_no_long_axis_v1
0X39F5B35EA80E4D86,80,95,1778.374,979.804,0.551,2,echonet_dynamic_no_long_axis_v1
0X39F7878941FCCEE3,8,28,1346.159,668.592,0.4967,2,echonet_dynamic_no_long_axis_v1
0X39F8C168B5299BA6,39,55,1457.821,696.674,0.4779,2,echonet_dynamic_no_long_axis_v1
0X39FCEE4F2B02701B,0,13,779.874,583.792,0.7486,2,echonet_dynamic_no_long_axis_v1
0X3A016DA394E94ED8,116,129,1608.717,978.388,0.6082,2,echonet_dynamic_no_long_axis_v1
0X3A04B8BB685836CB,42,63,3180.191,1636.191,0.5145,2,echonet_dynamic_no_long_axis_v1
0X3A04D1EE256B301E,1,14,1107.102,668.661,0.604,2,echonet_dynamic_no_long_axis_v1
0X3A067F55DF845A2E,87,103,1304.578,850.059,0.6516,2,echonet_dynamic_no_long_axis_v1
0X3A0FE82D5FCB1393,43,59,2334.152,1204.655,0.5161,2,echonet_dynamic_no_long_axis_v1
0X3A1243389B03E037,57,74,1528.587,836.949,0.5475,2,echonet_dynamic_no_long_axis_v1
0X3A1256ABF660B385,70,85,1603.295,862.073,0.5377,2,echonet_dynamic_no_long_axis_v1
0X3A129451EC32992C,157,176,1194.607,656.156,0.5493,2,echonet_dynamic_no_long_axis_v1
0X3A15E907186AA019,49,65,777.547,402.718,0.5179,2,echonet_dynamic_no_long_axis_v1
0X3A162CB5BE129444,61,73,1838.975,1182.357,0.6429,2,echonet_dynamic_no_long_axis_v1
0X3A170C20A679FBB4,30,41,1644.753,1078.542,0.6557,2,echonet_dynamic_no_long_axis_v1
0X3A1B3966D331F29B,76,90,1380.713,842.542,0.6102,2,echonet_dynamic_no_long_axis_v1
0X3A21DB8AEB6B5B20,7,19,1654.192,1408.928,0.8517,2,echonet_dynamic_no_long_axis_v1
0X3A24403843DE9A9F,158,179,1113.007,584.736,0.5254,2,echonet_dynamic_no_long_axis_v1
0X3A2C0C6E64CD5F3D,55,70,1306.321,739.387,0.566,2,echonet_dynamic_no_long_axis_v1
0X3A2DE690A0917A75,39,52,1181.984,723.4,0.612,2,echonet_dynamic_no_long_axis_v1
0X3A3085150FD2D6E8,40,60,2137.913,1378.019,0.6446,2,echonet_dynamic_no_long_axis_v1
0X3A309F6036FF0518,50,67,1101.898,584.893,0.5308,2,echonet_dynamic_no_long_axis_v1
0X3A30AB065E7F6735,61,74,654.571,394.593,0.6028,2,echonet_dynamic_no_long_axis_v1
0X3A34B1EB60C2A9AE,135,152,1018.825,519.904,0.5103,2,echonet_dynamic_no_long_axis_v1
0X3A381225412BA53C,94,111,2055.529,1272.171,0.6189,2,echonet_dynamic_no_long_axis_v1
0X3A46A45145C2FF9B,50,64,1423.998,834.5,0.586,2,echonet_dynamic_no_long_axis_v1
0X3A493A5E7BC5B076,101,118,1131.931,562.93,0.4973,2,echonet_dynamic_no_long_axis_v1
0X3A4D1AFE98C8476B,79,99,1403.993,819.188,0.5835,2,echonet_dynamic_no_long_axis_v1
0X3A58A66B6AF3DE55,43,58,1317.455,691.923,0.5252,2,echonet_dynamic_no_long_axis_v1
0X3A5F75A015056908,90,103,918.143,415.46,0.4525,2,echonet_dynamic_no_long_axis_v1
0X3A6035ED10B83B7,60,86,2418.826,1411.219,0.5834,2,echonet_dynamic_no_long_axis_v1
0X3A6437E8004F6401,98,114,1612.943,936.2,0.5804,2,echonet_dynamic_no_long_axis_v1
0X3A66D46DC689ADD2,52,71,1560.499,958.553,0.6143,2,echonet_dynamic_no_long_axis_v1
0X3A67F07292B0D9D4,79,96,1639.877,883.955,0.539,2,echonet_dynamic_no_long_axis_v1
0X3A689C00E2F6EE71,57,68,930.357,683.892,0.7351,2,echonet_dynamic_no_long_axis_v1
0X3A6A8F1ED1A86F94,3,15,1480.308,830.384,0.561,2,echonet_dynamic_no_long_axis_v1
0X3A6E1BAA9065D40,45,35,360.624,167.155,0.4635,2,echonet_dynamic_no_long_axis_v1
0X3A6E9277ED871C65,45,61,682.545,370.193,0.5424,2,echonet_dynamic_no_long_axis_v1
0X3A7280211A9AC1E3,37,53,1219.553,627.726,0.5147,2,echonet_dynamic_no_long_axis_v1
0X3A73982E9C3E2D12,38,49,1372.525,827.374,0.6028,2,echonet_dynamic_no_long_axis_v1
0X3A76AD5CC9D50E57,120,139,854.852,486.366,0.5689,2,echonet_dynamic_no_long_axis_v1
0X3A7787951A5869B1,62,76,1448.818,702.503,0.4849,2,echonet_dynamic_no_long_axis_v1
0X3A78E8C699486EDF,36,51,1994.206,1100.22,0.5517,2,echonet_dynamic_no_long_axis_v1
0X3A79044052AC3197,52,78,595.401,356.324,0.5985,2,echonet_dynamic_no_long_axis_v1
0X3A7952D92A293CE8,82,94,1111.329,613.753,0.5523,2,echonet_dynamic_no_long_axis_v1
0X3A7E305F4B67D1B5,76,89,1325.982,734.732,0.5541,2,echonet_dynamic_no_long_axis_v1
0X3A810212F92EEBFB,43,59,1559.846,909.718,0.5832,2,echonet_dynamic_no_long_axis_v1
0X3A84F1E3BCC9B6E6,56,76,934.819,634.913,0.6792,2,echonet_dynamic_no_long_axis_v1
0X3A8625DCFA369F48,101,118,1034.119,725.275,0.7013,2,echonet_dynamic_no_long_axis_v1
0X3A87C4BE51F04CDA,46,65,1145.304,676.133,0.5904,2,echonet_dynamic_no_long_axis_v1
0X3A8CA79BEA19FD1F,0,18,1380.791,785.595,0.5689,2,echonet_dynamic_no_long_axis_v1
0X3A8ED493DA57D7C9,45,63,1151.33,657.755,0.5713,2,echonet_dynamic_no_long_axis_v1
0X3A8F6D088C91167E,48,68,1608.735,981.629,0.6102,2,echonet_dynamic_no_long_axis_v1
0X3A9F57EC10C1BAC7,37,51,1143.406,604.808,0.529,2,echonet_dynamic_no_long_axis_v1
0X3AA01BE48EE8D367,39,52,1004.888,620.586,0.6176,2,echonet_dynamic_no_long_axis_v1
0X3AA1B577666CC8F2,37,53,1194.888,661.406,0.5535,2,echonet_dynamic_no_long_axis_v1
0X3AA31784B8E430AF,34,47,1230.378,704.171,0.5723,2,echonet_dynamic_no_long_axis_v1
0X3AA99E66716364B0,90,103,1381.845,962.494,0.6965,2,echonet_dynamic_no_long_axis_v1
0X3AAD7B4B21165095,159,169,1422.405,845.174,0.5942,2,echonet_dynamic_no_long_axis_v1
0X3AAFF6ACE7FF7530,42,59,1123.911,627.049,0.5579,2,echonet_dynamic_no_long_axis_v1
0X3AB11C73780B865,47,61,844.256,421.175,0.4989,2,echonet_dynamic_no_long_axis_v1
0X3AB210C90632B5E3,104,127,1636.087,1242.75,0.7596,2,echonet_dynamic_no_long_axis_v1
0X3AB5343A178908A5,89,100,1152.947,617.829,0.5359,2,echonet_dynamic_no_long_axis_v1
0X3AB7B94F0A6C3A4C,94,110,1574.573,796.204,0.5057,2,echonet_dynamic_no_long_axis_v1
0X3AB82E8B51CB82B4,38,57,1544.797,1014.659,0.6568,2,echonet_dynamic_no_long_axis_v1
0X3AC15CD077FEBB79,42,56,1137.911,631.011,0.5545,2,echonet_dynamic_no_long_axis_v1
0X3AC3331F9A0AF935,2,16,983.528,509.496,0.518,2,echonet_dynamic_no_long_axis_v1
0X3AC5CEEB4DAAF8BF,137,157,1785.34,1584.613,0.8876,2,echonet_dynamic_no_long_axis_v1
0X3AC5EFB793652CF6,128,149,1758.513,1372.748,0.7806,2,echonet_dynamic_no_long_axis_v1
0X3ACB543DE5B8DC6E,58,78,1201.26,549.999,0.4579,2,echonet_dynamic_no_long_axis_v1
0X3ACD9DB45C258269,97,105,878.667,437.902,0.4984,2,echonet_dynamic_no_long_axis_v1
0X3AD4B9300F9748BC,43,64,1010.616,705.47,0.6981,2,echonet_dynamic_no_long_axis_v1
0X3ADFA6B8CB1E4B50,107,126,1060.93,702.46,0.6621,2,echonet_dynamic_no_long_axis_v1
0X3AE208A723F16D85,86,102,1699.091,895.952,0.5273,2,echonet_dynamic_no_long_axis_v1
0X3AE232F2E17B6E19,65,88,1650.456,1332.433,0.8073,2,echonet_dynamic_no_long_axis_v1
0X3AE5CD9B4520576A,74,95,1080.985,565.727,0.5233,2,echonet_dynamic_no_long_axis_v1
0X3AE5DC56D2D6EB43,45,63,2746.284,1428.816,0.5203,2,echonet_dynamic_no_long_axis_v1
0X3AE781FF538E7AB3,67,82,1151.254,650.771,0.5653,2,echonet_dynamic_no_long_axis_v1
0X3AE7ECDB6EF083C6,72,87,1134.738,745.072,0.6566,2,echonet_dynamic_no_long_axis_v1
0X3AEB0F3ACC9C5F9E,142,162,2185.517,1203.28,0.5506,2,echonet_dynamic_no_long_axis_v1
0X3AF27BD1C1A050F1,27,39,1474.621,815.964,0.5533,2,echonet_dynamic_no_long_axis_v1
0X3AF341668970568D,82,98,1219.253,732.84,0.6011,2,echonet_dynamic_no_long_axis_v1
0X3AF4F78B11EE5786,53,62,1391.763,786.614,0.5652,2,echonet_dynamic_no_long_axis_v1
0X3AF6861FF7D6EBE4,72,99,1039.705,487.472,0.4689,2,echonet_dynamic_no_long_axis_v1
0X3AF7715F4850205C,56,71,863.927,530.162,0.6137,2,echonet_dynamic_no_long_axis_v1
0X3AFBEFE4316A347D,51,69,911.002,520.567,0.5714,2,echonet_dynamic_no_long_axis_v1
0X3AFC37AB794657DD,115,128,1162.354,632.002,0.5437,2,echonet_dynamic_no_long_axis_v1
0X3B01B7487E3D81EA,97,114,1684.924,1416.375,0.8406,2,echonet_dynamic_no_long_axis_v1
0X3B051BD857A8B444,4,18,1279.859,962.202,0.7518,2,echonet_dynamic_no_long_axis_v1
0X3B08A5A9B4068C8,91,105,1056.799,525.557,0.4973,2,echonet_dynamic_no_long_axis_v1
0X3B0C001E8B03BB10,53,76,1593.106,1422.214,0.8927,2,echonet_dynamic_no_long_axis_v1
0X3B0D2D527C387A0E,52,65,1494.262,1132.072,0.7576,2,echonet_dynamic_no_long_axis_v1
0X3B0DB4D5A796D849,64,84,1513.428,1364.115,0.9013,2,echonet_dynamic_no_long_axis_v1
0X3B0EFA9B23EC8818,36,53,1435.956,751.546,0.5234,2,echonet_dynamic_no_long_axis_v1
0X3B14BC7494925CB4,6,25,1139.249,773.386,0.6789,2,echonet_dynamic_no_long_axis_v1
0X3B1588F22CB71934,62,76,1312.613,670.557,0.5109,2,echonet_dynamic_no_long_axis_v1
0X3B1FFC28D7B1CE3B,52,69,932.527,479.901,0.5146,2,echonet_dynamic_no_long_axis_v1
0X3B22750F2A0F254A,40,60,2204.821,1324.671,0.6008,2,echonet_dynamic_no_long_axis_v1
0X3B23F68C62732572,60,80,1429.546,1166.111,0.8157,2,echonet_dynamic_no_long_axis_v1
0X3B296AB590431282,31,46,1245.428,621.102,0.4987,2,echonet_dynamic_no_long_axis_v1
0X3B2972B434AE6A78,2,14,1370.795,707.439,0.5161,2,echonet_dynamic_no_long_axis_v1
0X3B2B0A52DE5AD1A8,117,137,1002.335,675.102,0.6735,2,echonet_dynamic_no_long_axis_v1
0X3B2F240FF65AE41B,61,73,1052.568,587.263,0.5579,2,echonet_dynamic_no_long_axis_v1
0X3B30E66FEF073895,68,85,765.277,400.009,0.5227,2,echonet_dynamic_no_long_axis_v1
0X3B31E6C62C7C6591,1,15,958.366,696.562,0.7268,2,echonet_dynamic_no_long_axis_v1
0X3B31EB8AE613B1A7,105,129,1659.642,1246.256,0.7509,2,echonet_dynamic_no_long_axis_v1
0X3B32C9427B83BD8A,54,71,1236.512,712.41,0.5761,2,echonet_dynamic_no_long_axis_v1
0X3B331163E39CA813,29,37,889.471,451.038,0.5071,2,echonet_dynamic_no_long_axis_v1
0X3B33B2D734EC62BD,62,76,1141.964,736.128,0.6446,2,echonet_dynamic_no_long_axis_v1
0X3B364B92D87FAE47,47,63,1991.617,1157.235,0.5811,2,echonet_dynamic_no_long_axis_v1
0X3B466B406FD980EF,48,64,1291.973,717.655,0.5555,2,echonet_dynamic_no_long_axis_v1
0X3B4FD958BC21357A,32,47,1188.794,650.19,0.5469,2,echonet_dynamic_no_long_axis_v1
0X3B54A5459841DCE8,182,197,1561.012,814.371,0.5217,2,echonet_dynamic_no_long_axis_v1
0X3B54F8E8FCFF40EB,62,78,2396.867,1983.712,0.8276,2,echonet_dynamic_no_long_axis_v1
0X3B552B3CA7ADCD4,60,84,1871.857,1071.821,0.5726,2,echonet_dynamic_no_long_axis_v1
0X3B56BE7AED85F78A,35,53,1156.101,598.566,0.5177,2,echonet_dynamic_no_long_axis_v1
0X3B578029793AD7B5,2,24,1203.914,701.649,0.5828,2,echonet_dynamic_no_long_axis_v1
0X3B5BFB5AC9060009,45,63,1383.144,921.921,0.6665,2,echonet_dynamic_no_long_axis_v1
0X3B5F7979D1C544AC,160,177,1335.59,772.614,0.5785,2,echonet_dynamic_no_long_axis_v1
0X3B62B3502E5549A,49,61,767.382,468.605,0.6107,2,echonet_dynamic_no_long_axis_v1
0X3B631332E2C4EEC3,32,44,1015.901,607.011,0.5975,2,echonet_dynamic_no_long_axis_v1
0X3B6528FD917A0E82,47,68,2341.814,1321.869,0.5645,2,echonet_dynamic_no_long_axis_v1
0X3B678EDC4E4A37B7,31,46,1406.354,660.791,0.4699,2,echonet_dynamic_no_long_axis_v1
0X3B67E74D2C8F04BB,36,48,930.412,517.617,0.5563,2,echonet_dynamic_no_long_axis_v1
0X3B6A2EE83A5CFB1B,106,120,1478.053,814.308,0.5509,2,echonet_dynamic_no_long_axis_v1
0X3B6EA00B1D3C01D5,55,75,1226.899,708.335,0.5773,2,echonet_dynamic_no_long_axis_v1
0X3B6EBD8C8C9A9567,143,164,1368.119,1023.854,0.7484,2,echonet_dynamic_no_long_axis_v1
0X3B73EAA40F02D974,101,121,1094.136,532.711,0.4869,2,echonet_dynamic_no_long_axis_v1
0X3B75427EFE40B784,88,110,2330.792,1858.637,0.7974,2,echonet_dynamic_no_long_axis_v1
0X3B76E85F3FFFB9B2,47,72,783.646,405.451,0.5174,2,echonet_dynamic_no_long_axis_v1
0X3B7727089F2566F0,37,53,1123.712,602.468,0.5361,2,echonet_dynamic_no_long_axis_v1
0X3B7AA5C59BF84FDA,88,102,1131.793,596.995,0.5275,2,echonet_dynamic_no_long_axis_v1
0X3B7D20FAB496DF62,0,22,2255.563,1588.374,0.7042,2,echonet_dynamic_no_long_axis_v1
0X3B803011C96CBE78,36,50,1613.945,957.451,0.5932,2,echonet_dynamic_no_long_axis_v1
0X3B80677CE0873E50,47,62,1891.214,1235.816,0.6535,2,echonet_dynamic_no_long_axis_v1
0X3B82E9714CF3B6A4,93,108,2128.81,1243.095,0.5839,2,echonet_dynamic_no_long_axis_v1
0X3B877CAB3CE51ED3,83,99,1105.323,597.989,0.541,2,echonet_dynamic_no_long_axis_v1
0X3B8E49B631D4E9AA,46,59,583.738,396.252,0.6788,2,echonet_dynamic_no_long_axis_v1
0X3B91490FC40F157E,54,73,1537.873,1168.782,0.76,2,echonet_dynamic_no_long_axis_v1
0X3B931BE44B0F7CEF,58,70,956.558,521.315,0.545,2,echonet_dynamic_no_long_axis_v1
0X3B94C97A61200FCC,55,72,2016.373,1178.489,0.5845,2,echonet_dynamic_no_long_axis_v1
0X3B9D7438096AB76B,44,64,987.538,572.209,0.5794,2,echonet_dynamic_no_long_axis_v1
0X3B9FBD87EE113D62,144,160,1564.922,924.908,0.591,2,echonet_dynamic_no_long_axis_v1
0X3BA12609E25A458F,111,127,3293.683,1894.958,0.5753,2,echonet_dynamic_no_long_axis_v1
0X3BA376E0E5A67F4C,47,66,2311.981,1605.495,0.6944,2,echonet_dynamic_no_long_axis_v1
0X3BA391DC362B4BE7,51,67,1455.83,885.529,0.6083,2,echonet_dynamic_no_long_axis_v1
0X3BA6403DB9C2AD71,40,55,923.769,458.423,0.4963,2,echonet_dynamic_no_long_axis_v1
0X3BA9F7C9DB0CF55B,0,35,2201.28,1078.356,0.4899,2,echonet_dynamic_no_long_axis_v1
0X3BAA632C6C366B61,126,142,1209.952,696.789,0.5759,2,echonet_dynamic_no_long_axis_v1
0X3BAE126085E973A0,91,115,1169.574,630.009,0.5387,2,echonet_dynamic_no_long_axis_v1
0X3BB173537B79E344,205,229,1993.448,1353.14,0.6788,2,echonet_dynamic_no_long_axis_v1
0X3BB32EDB13EC2A74,50,73,3417.059,1759.012,0.5148,2,echonet_dynamic_no_long_axis_v1
0X3BB510E550819AA2,1,19,825.415,395.245,0.4788,2,echonet_dynamic_no_long_axis_v1
0X3BB59C8B26565746,45,59,1180.645,645.634,0.5468,2,echonet_dynamic_no_long_axis_v1
0X3BB8002E0FD6110F,42,54,685.128,366.192,0.5345,2,echonet_dynamic_no_long_axis_v1
0X3BBB2B7BE7446182,47,62,2122.365,1340.17,0.6315,2,echonet_dynamic_no_long_axis_v1
0X3BBE4D476015547F,0,18,1379.387,760.958,0.5517,2,echonet_dynamic_no_long_axis_v1
0X3BBFB5A8F09489E2,76,89,2296.606,1386.592,0.6038,2,echonet_dynamic_no_long_axis_v1
0X3BC39D4DEBF4DF5F,95,115,933.556,603.447,0.6464,2,echonet_dynamic_no_long_axis_v1
0X3BC67725F75CEB00,58,79,1241.263,814.123,0.6559,2,echonet_dynamic_no_long_axis_v1
0X3BC79FE68CD2CED5,85,100,1874.078,1067.933,0.5698,2,echonet_dynamic_no_long_axis_v1
0X3BCAEEF6C5EE3565,21,29,3527.528,3048.974,0.8643,2,echonet_dynamic_no_long_axis_v1
0X3BD7B111C743A3E8,20,32,843.418,499.62,0.5924,2,echonet_dynamic_no_long_axis_v1
0X3BD86D7A28CDA981,0,15,1289.455,641.394,0.4974,2,echonet_dynamic_no_long_axis_v1
0X3BDD6A56EDE84B37,107,125,1588.122,875.616,0.5514,2,echonet_dynamic_no_long_axis_v1
0X3BE0524B897D6DCF,45,59,1088.051,610.696,0.5613,2,echonet_dynamic_no_long_axis_v1
0X3BE346AF6B1F7F3D,77,94,2691.669,1377.432,0.5117,2,echonet_dynamic_no_long_axis_v1
0X3BE3B298ACB92FB1,151,164,711.808,386.309,0.5427,2,echonet_dynamic_no_long_axis_v1
0X3BE4253D023C725E,68,91,1329.228,806.311,0.6066,2,echonet_dynamic_no_long_axis_v1
0X3BE4BB11401AFD70,47,67,1440.899,884.443,0.6138,2,echonet_dynamic_no_long_axis_v1
0X3BE6ED32D643E96,42,61,1619.604,801.737,0.495,2,echonet_dynamic_no_long_axis_v1
0X3BE6EEE3814E2D16,45,62,2116.887,1118.092,0.5282,2,echonet_dynamic_no_long_axis_v1
0X3BEEF9FC14A7E660,82,102,1070.583,837.352,0.7821,2,echonet_dynamic_no_long_axis_v1
0X3BF2052B5989097E,50,65,945.563,478.672,0.5062,2,echonet_dynamic_no_long_axis_v1
0X3BF45BED0E9423D0,42,54,1098.793,675.226,0.6145,2,echonet_dynamic_no_long_axis_v1
0X3BF4EAA8E0239D15,43,57,1161.257,676.267,0.5824,2,echonet_dynamic_no_long_axis_v1
0X3BFAE73D52A18389,12,32,2805.171,2074.794,0.7396,2,echonet_dynamic_no_long_axis_v1
0X3BFC66B250CE89A9,94,105,1270.196,654.665,0.5154,2,echonet_dynamic_no_long_axis_v1
0X3BFD07170E3ECF82,116,128,1199.568,554.399,0.4622,2,echonet_dynamic_no_long_axis_v1
0X3BFFB8615C86AE75,56,72,1532.687,940.044,0.6133,2,echonet_dynamic_no_long_axis_v1
0X3C01B72B850884FE,55,75,899.341,518.062,0.576,2,echonet_dynamic_no_long_axis_v1
0X3C05A6B4BBA623EB,0,17,1294.934,990.763,0.7651,2,echonet_dynamic_no_long_axis_v1
0X3C0B954729E57D23,77,104,1213.641,616.432,0.5079,2,echonet_dynamic_no_long_axis_v1
0X3C0E58FD3198CE78,75,87,579.517,305.343,0.5269,2,echonet_dynamic_no_long_axis_v1
0X3C10C1CAA3095680,46,59,1197.44,735.512,0.6142,2,echonet_dynamic_no_long_axis_v1
0X3C10FEA4A7AA072E,132,143,1417.467,716.417,0.5054,2,echonet_dynamic_no_long_axis_v1
0X3C1488440F282158,86,101,1372.145,755.461,0.5506,2,echonet_dynamic_no_long_axis_v1
0X3C1724919FD1F5F3,60,74,1781.854,1126.918,0.6324,2,echonet_dynamic_no_long_axis_v1
0X3C18E7594F18AEB9,84,102,1105.982,532.506,0.4815,2,echonet_dynamic_no_long_axis_v1
0X3C1C3E87980982AA,35,48,939.3,849.293,0.9042,2,echonet_dynamic_no_long_axis_v1
0X3C1D516F4D4D105B,64,82,1262.81,627.477,0.4969,2,echonet_dynamic_no_long_axis_v1
0X3C1E9131F69E4821,135,154,2179.46,1349.817,0.6193,2,echonet_dynamic_no_long_axis_v1
0X3C1F4A30EA25362E,36,54,1043.93,555.491,0.5321,2,echonet_dynamic_no_long_axis_v1
0X3C207E8489AD5BAE,100,114,1366.126,716.976,0.5248,2,echonet_dynamic_no_long_axis_v1
0X3C214412B9774A5C,95,105,1794.062,947.704,0.5282,2,echonet_dynamic_no_long_axis_v1
0X3C2544AC6E008D62,51,71,1004.595,550.588,0.5481,2,echonet_dynamic_no_long_axis_v1
0X3C28EECDC72E0A31,108,122,1245.529,642.587,0.5159,2,echonet_dynamic_no_long_axis_v1
0X3C29707A418FF73A,44,55,792.016,461.809,0.5831,2,echonet_dynamic_no_long_axis_v1
0X3C2DCCC974C5380D,42,64,825.476,437.841,0.5304,2,echonet_dynamic_no_long_axis_v1
0X3C2E350B97C8F6CD,40,53,1173.528,680.298,0.5797,2,echonet_dynamic_no_long_axis_v1
0X3C3AAA44DBD1EC3D,62,78,2293.941,1143.187,0.4984,2,echonet_dynamic_no_long_axis_v1
0X3C3C53B0F4B5AD69,90,106,899.489,482.766,0.5367,2,echonet_dynamic_no_long_axis_v1
0X3C3C930EC09E4FA0,64,79,1083.948,736.958,0.6799,2,echonet_dynamic_no_long_axis_v1
0X3C456FD0C7FE2F99,70,81,1502.879,899.18,0.5983,2,echonet_dynamic_no_long_axis_v1
0X3C48AA6205472D1F,70,83,1768.692,1354.918,0.7661,2,echonet_dynamic_no_long_axis_v1
0X3C4A698888698E8D,55,77,1764.767,1205.49,0.6831,2,echonet_dynamic_no_long_axis_v1
0X3C4BE41655860B16,209,236,1967.435,963.712,0.4898,2,echonet_dynamic_no_long_axis_v1
0X3C4F8E30B6FB805F,102,118,1314.167,776.968,0.5912,2,echonet_dynamic_no_long_axis_v1
0X3C539D3821B4C6C3,133,156,581.313,343.134,0.5903,2,echonet_dynamic_no_long_axis_v1
0X3C53CAB06AA69C4E,32,44,908.351,440.656,0.4851,2,echonet_dynamic_no_long_axis_v1
0X3C56DA933D255BF8,143,160,1442.006,782.561,0.5427,2,echonet_dynamic_no_long_axis_v1
0X3C5A6B5C6A66C7C0,136,147,860.741,473.8,0.5505,2,echonet_dynamic_no_long_axis_v1
0X3C5E3047DEC19504,60,73,1511.532,841.219,0.5565,2,echonet_dynamic_no_long_axis_v1
0X3C63C23E5B0823D,0,15,1104.077,1069.625,0.9688,2,echonet_dynamic_no_long_axis_v1
0X3C67FDA7B1C1ECFB,40,52,1232.577,586.464,0.4758,2,echonet_dynamic_no_long_axis_v1
0X3C68A75B6DE0D08C,31,41,995.503,462.873,0.465,2,echonet_dynamic_no_long_axis_v1
0X3C6F96F86CD908BD,121,139,1204.623,698.624,0.58,2,echonet_dynamic_no_long_axis_v1
0X3C7BC046308348F6,74,91,1157.349,605.302,0.523,2,echonet_dynamic_no_long_axis_v1
0X3C7E3932E8C3BFFE,66,84,1069.788,619.298,0.5789,2,echonet_dynamic_no_long_axis_v1
0X3C7EF15C4B7BEEA1,40,55,1103.611,703.342,0.6373,2,echonet_dynamic_no_long_axis_v1
0X3C8AE3EFC3758990,67,86,2416.929,1870.927,0.7741,2,echonet_dynamic_no_long_axis_v1
0X3C8EB3097C147507,4,17,2146.783,1233.211,0.5744,2,echonet_dynamic_no_long_axis_v1
0X3C9463D76CD9D31D,109,128,1347.649,768.114,0.57,2,echonet_dynamic_no_long_axis_v1
0X3C990664C618D934,4,20,819.082,436.462,0.5329,2,echonet_dynamic_no_long_axis_v1
0X3C9E605F756EA1A7,3,19,1201.641,653.558,0.5439,2,echonet_dynamic_no_long_axis_v1
0X3CA062FAAA9EFB99,150,170,1159.303,697.462,0.6016,2,echonet_dynamic_no_long_axis_v1
0X3CA164EF7A7C434E,47,61,1939.145,1794.85,0.9256,2,echonet_dynamic_no_long_axis_v1
0X3CA5F8D4ADB6829,44,58,1424.713,835.503,0.5864,2,echonet_dynamic_no_long_axis_v1
0X3CA6AD191674E7F3,60,78,1796.498,976.835,0.5437,2,echonet_dynamic_no_long_axis_v1
0X3CB03161634EC101,53,70,1075.427,759.793,0.7065,2,echonet_dynamic_no_long_axis_v1
0X3CB10C063C914079,155,170,1077.524,583.234,0.5413,2,echonet_dynamic_no_long_axis_v1
0X3CB30E851B8FBC78,54,68,1052.16,500.774,0.4759,2,echonet_dynamic_no_long_axis_v1
0X3CB7489A1A24C46B,53,71,2308.978,1519.675,0.6582,2,echonet_dynamic_no_long_axis_v1
0X3CBDF15DCB01AF08,83,99,1270.046,625.172,0.4922,2,echonet_dynamic_no_long_axis_v1
0X3CC1B60D1EB0CC43,73,99,1748.765,940.472,0.5378,2,echonet_dynamic_no_long_axis_v1
0X3CC2AB71D7704B20,54,68,2155.591,1843.19,0.8551,2,echonet_dynamic_no_long_axis_v1
0X3CC63FF01D85B689,43,57,838.669,399.949,0.4769,2,echonet_dynamic_no_long_axis_v1
0X3CC86A7AC66865CC,109,130,2182.666,1424.943,0.6528,2,echonet_dynamic_no_long_axis_v1
0X3CCC712117D9D487,29,40,1168.947,705.845,0.6038,2,echonet_dynamic_no_long_axis_v1
0X3CCC98A57DEBD70F,0,20,1750.422,820.753,0.4689,2,echonet_dynamic_no_long_axis_v1
0X3CCE67A145CD0C46,121,142,1006.778,565.718,0.5619,2,echonet_dynamic_no_long_axis_v1
0X3CD460CFB766061A,28,39,723.915,400.424,0.5531,2,echonet_dynamic_no_long_axis_v1
0X3CD5272915885147,85,97,1173.247,522.437,0.4453,2,echonet_dynamic_no_long_axis_v1
0X3CDBEFCEB9B8880A,48,65,1241.767,720.121,0.5799,2,echonet_dynamic_no_long_axis_v1
0X3CE02140AB9185AA,2,17,1147.175,729.704,0.6361,2,echonet_dynamic_no_long_axis_v1
0X3CEA8556432BE7BC,127,148,1169.257,684.303,0.5852,2,echonet_dynamic_no_long_axis_v1
0X3CEEFB97FDD529F6,111,124,2121.419,1129.083,0.5322,2,echonet_dynamic_no_long_axis_v1
0X3CF4BCE027237660,91,107,681.579,366.547,0.5378,2,echonet_dynamic_no_long_axis_v1
0X3CF60A132BD7B415,24,36,1060.644,767.806,0.7239,2,echonet_dynamic_no_long_axis_v1
0X3CF7C368106B59F2,30,45,1584.724,932.012,0.5881,2,echonet_dynamic_no_long_axis_v1
0X3CF920996FE95ADD,41,58,1837.443,1072.704,0.5838,2,echonet_dynamic_no_long_axis_v1
0X3CF93606C249E004,108,129,886.239,482.764,0.5447,2,echonet_dynamic_no_long_axis_v1
0X3CF952AD9FD34D08,51,63,1594.308,1226.526,0.7693,2,echonet_dynamic_no_long_axis_v1
0X3CFB24DC0CD3A91E,124,145,1184.665,540.51,0.4563,2,echonet_dynamic_no_long_axis_v1
0X3CFBD509C0C1139C,88,105,1328.943,724.36,0.5451,2,echonet_dynamic_no_long_axis_v1
0X3D02DA95E6C72181,39,55,1605.706,1270.806,0.7914,2,echonet_dynamic_no_long_axis_v1
0X3D045BDA30F1FBBC,209,234,1806.715,995.846,0.5512,2,echonet_dynamic_no_long_axis_v1
0X3D04E9B90266352E,62,79,1246.165,893.945,0.7174,2,echonet_dynamic_no_long_axis_v1
0X3D058CE72C565376,49,68,1237.502,648.222,0.5238,2,echonet_dynamic_no_long_axis_v1
0X3D07B11AAF49F722,107,123,1374.471,864.363,0.6289,2,echonet_dynamic_no_long_axis_v1
0X3D0F47DF1809F2DD,2,16,1112.203,653.175,0.5873,2,echonet_dynamic_no_long_axis_v1
0X3D1241A509AEDD5D,116,143,1472.538,892.344,0.606,2,echonet_dynamic_no_long_axis_v1
0X3D1676A87AECCD69,64,77,720.578,395.022,0.5482,2,echonet_dynamic_no_long_axis_v1
0X3D1BC917DF22CD1C,111,122,713.915,413.028,0.5785,2,echonet_dynamic_no_long_axis_v1
0X3D27B5899DFF0F5B,151,163,1009.346,561.827,0.5566,2,echonet_dynamic_no_long_axis_v1
0X3D2B3C9081953DBF,79,97,1148.96,641.892,0.5587,2,echonet_dynamic_no_long_axis_v1
0X3D2FBDFA09694A20,66,82,1363.233,780.713,0.5727,2,echonet_dynamic_no_long_axis_v1
0X3D39E510C89F3D8A,38,53,908.059,514.268,0.5663,2,echonet_dynamic_no_long_axis_v1
0X3D3A944C969D30E,63,82,2315.706,1450.482,0.6264,2,echonet_dynamic_no_long_axis_v1
0X3D3B33569911F8E9,86,101,997.027,485.023,0.4865,2,echonet_dynamic_no_long_axis_v1
0X3D3DB395AA082092,71,87,1814.425,1106.639,0.6099,2,echonet_dynamic_no_long_axis_v1
0X3D3F1825094494A8,60,72,1016.702,651.281,0.6406,2,echonet_dynamic_no_long_axis_v1
0X3D403DF4736012FA,80,98,1027.591,585.735,0.57,2,echonet_dynamic_no_long_axis_v1
0X3D407167B0EA095C,137,152,941.199,561.447,0.5965,2,echonet_dynamic_no_long_axis_v1
0X3D41C6447029BE0E,83,100,1387.63,869.392,0.6265,2,echonet_dynamic_no_long_axis_v1
0X3D42EBE6DAD6A388,86,107,952.139,540.53,0.5677,2,echonet_dynamic_no_long_axis_v1
0X3D451D3B3946A2D,81,97,2234.611,1500.696,0.6716,2,echonet_dynamic_no_long_axis_v1
0X3D490017BDE7B6EE,104,132,2560.271,1935.37,0.7559,2,echonet_dynamic_no_long_axis_v1
0X3D536804F75D24EB,72,88,1681.234,1046.736,0.6226,2,echonet_dynamic_no_long_axis_v1
0X3D5444E2DD4FB625,60,81,3227.167,1936.253,0.6,2,echonet_dynamic_no_long_axis_v1
0X3D595A1C7728A00B,54,73,884.064,507.47,0.574,2,echonet_dynamic_no_long_axis_v1
0X3D5C0E6B4A194D33,39,55,2165.418,1412.13,0.6521,2,echonet_dynamic_no_long_axis_v1
0X3D5F894D74A3D21C,121,134,1349.537,1086.878,0.8054,2,echonet_dynamic_no_long_axis_v1
0X3D63829F3F3D8C85,63,79,1384.592,896.229,0.6473,2,echonet_dynamic_no_long_axis_v1
0X3D66A6CF6230C66,32,49,2258.469,1222.989,0.5415,2,echonet_dynamic_no_long_axis_v1
0X3D6D79A159FD4A12,108,123,2434.666,2055.091,0.8441,2,echonet_dynamic_no_long_axis_v1
0X3D6E773C9BEA8474,115,134,3658.696,1770.069,0.4838,2,echonet_dynamic_no_long_axis_v1
0X3D74EF75B61DFE76,237,269,1281.774,761.898,0.5944,2,echonet_dynamic_no_long_axis_v1
0X3D7715AB0A91C268,62,88,2084.49,1465.836,0.7032,2,echonet_dynamic_no_long_axis_v1
0X3D775CE5815FC482,100,117,1386.928,722.337,0.5208,2,echonet_dynamic_no_long_axis_v1
0X3D7C7B6AFF1A89F9,94,114,1899.554,1005.554,0.5294,2,echonet_dynamic_no_long_axis_v1
0X3D829DE5E49B5761,40,57,1203.374,520.571,0.4326,2,echonet_dynamic_no_long_axis_v1
0X3D8353611168F743,43,58,637.474,527.808,0.828,2,echonet_dynamic_no_long_axis_v1
0X3D856D0C128BEF63,43,67,1513.724,849.087,0.5609,2,echonet_dynamic_no_long_axis_v1
0X3D858B954AD5D2FA,41,58,1705.693,979.15,0.574,2,echonet_dynamic_no_long_axis_v1
0X3D8A8864DB8B12E,53,67,1185.323,659.837,0.5567,2,echonet_dynamic_no_long_axis_v1
0X3D8B6D455EECFE25,48,68,1695.003,1010.105,0.5959,2,echonet_dynamic_no_long_axis_v1
0X3D8EE56C7B00E120,62,89,1785.449,1455.588,0.8153,2,echonet_dynamic_no_long_axis_v1
0X3D93FC3FB436EC51,54,68,1128.319,897.929,0.7958,2,echonet_dynamic_no_long_axis_v1
0X3D94B49D5A396636,131,150,2107.268,1078.857,0.512,2,echonet_dynamic_no_long_axis_v1
0X3D9576C39233FCCF,4,15,1144.189,1004.097,0.8776,2,echonet_dynamic_no_long_axis_v1
0X3D982D1B05D54EE,2,17,776.008,390.061,0.5027,2,echonet_dynamic_no_long_axis_v1
0X3DA2B290B58A6540,49,68,1996.753,1546.359,0.7744,2,echonet_dynamic_no_long_axis_v1
0X3DAB48A224B6D7D8,0,14,800.12,508.101,0.635,2,echonet_dynamic_no_long_axis_v1
0X3DAD6456C3A92CD6,127,145,1522.373,914.295,0.6006,2,echonet_dynamic_no_long_axis_v1
0X3DAEE457C2318B8,41,52,1243.685,728.484,0.5857,2,echonet_dynamic_no_long_axis_v1
0X3DAFB661E3500C9F,52,62,1598.708,1502.751,0.94,2,echonet_dynamic_no_long_axis_v1
0X3DB63E43A23F46D3,101,120,762.401,491.309,0.6444,2,echonet_dynamic_no_long_axis_v1
0X3DB7EB2C0003CD50,32,48,1339.12,789.02,0.5892,2,echonet_dynamic_no_long_axis_v1
0X3DBA4134C729B96D,50,66,916.183,519.826,0.5674,2,echonet_dynamic_no_long_axis_v1
0X3DBBF3506D11ACF5,71,87,1344.633,811.614,0.6036,2,echonet_dynamic_no_long_axis_v1
0X3DBF6E850E8E7FA,1,6,771.17,391.486,0.5077,2,echonet_dynamic_no_long_axis_v1
0X3DC0EC09F9CDBCCB,54,74,1296.797,799.968,0.6169,2,echonet_dynamic_no_long_axis_v1
0X3DC339BAEDC91F8C,49,65,1767.032,968.002,0.5478,2,echonet_dynamic_no_long_axis_v1
0X3DC771421B48F300,90,104,1304.348,741.664,0.5686,2,echonet_dynamic_no_long_axis_v1
0X3DC981FD3E796896,0,14,1576.581,1178.528,0.7475,2,echonet_dynamic_no_long_axis_v1
0X3DCE831133A8B66C,60,78,1432.236,762.449,0.5323,2,echonet_dynamic_no_long_axis_v1
0X3DD2E68A5BE7A4FE,129,149,1025.985,541.837,0.5281,2,echonet_dynamic_no_long_axis_v1
0X3DD6E63CFB42333E,4,15,1770.655,1019.698,0.5759,2,echonet_dynamic_no_long_axis_v1
0X3DD8AAB0045765B9,113,136,1925.763,1661.77,0.8629,2,echonet_dynamic_no_long_axis_v1
0X3DDFCD65C68B3AF6,53,70,1929.586,1322.3,0.6853,2,echonet_dynamic_no_long_axis_v1
0X3DE081EA128A37EB,116,132,1724.801,1038.423,0.6021,2,echonet_dynamic_no_long_axis_v1
0X3DE5250E0FF122E3,0,12,1224.689,612.741,0.5003,2,echonet_dynamic_no_long_axis_v1
0X3DEB26CCC9E0393A,51,68,1172.831,734.679,0.6264,2,echonet_dynamic_no_long_axis_v1
0X3DEBAD684DB64050,84,101,1335.135,788.734,0.5908,2,echonet_dynamic_no_long_axis_v1
0X3DEC46D1B8397CDE,27,34,915.263,724.879,0.792,2,echonet_dynamic_no_long_axis_v1
0X3DF087AF1FA33A0A,41,57,1558.501,1002.313,0.6431,2,echonet_dynamic_no_long_axis_v1
0X3DF459E0724B3BC,54,74,1088.71,532.506,0.4891,2,echonet_dynamic_no_long_axis_v1
0X3DF564B9BA59AC74,121,136,1154.137,695.407,0.6025,2,echonet_dynamic_no_long_axis_v1
0X3DF694B393734B26,119,132,1042.374,377.627,0.3623,2,echonet_dynamic_no_long_axis_v1
0X3DF6E49145C3F553,41,58,1399.538,798.476,0.5705,2,echonet_dynamic_no_long_axis_v1
0X3DF926CE61E8DE9,51,68,830.962,598.721,0.7205,2,echonet_dynamic_no_long_axis_v1
0X3DFD53597B122E4B,122,138,1410.382,769.241,0.5454,2,echonet_dynamic_no_long_axis_v1
0X3E00E41595F7FD72,69,89,1307.626,941.587,0.7201,2,echonet_dynamic_no_long_axis_v1
0X3E04B170778411F9,121,137,802.716,436.767,0.5441,2,echonet_dynamic_no_long_axis_v1
0X3E0D058327AC7898,50,69,1220.278,792.478,0.6494,2,echonet_dynamic_no_long_axis_v1
0X3E14A0D52DE6AB3E,96,107,1175.836,601.341,0.5114,2,echonet_dynamic_no_long_axis_v1
0X3E15B2CD0D7FFFEB,41,56,1216.603,928.82,0.7635,2,echonet_dynamic_no_long_axis_v1
0X3E15E5CD8C70443D,56,74,1654.794,780.21,0.4715,2,echonet_dynamic_no_long_axis_v1
0X3E1E76F3876FA4CB,90,106,1577.908,723.806,0.4587,2,echonet_dynamic_no_long_axis_v1
0X3E201401ADFBC022,44,60,1540.392,1367.117,0.8875,2,echonet_dynamic_no_long_axis_v1
0X3E22D89049C5F9BA,31,43,1680.977,851.031,0.5063,2,echonet_dynamic_no_long_axis_v1
0X3E2557960F25996A,49,63,1403.083,696.891,0.4967,2,echonet_dynamic_no_long_axis_v1
0X3E26D7B4C74C467C,28,40,1071.343,848.959,0.7924,2,echonet_dynamic_no_long_axis_v1
0X3E2841AEE0E86911,67,83,973.089,699.846,0.7192,2,echonet_dynamic_no_long_axis_v1
0X3E28448D6D5B8AA1,77,88,1371.563,754.237,0.5499,2,echonet_dynamic_no_long_axis_v1
0X3E29ABEC75D557EB,79,98,1496.608,1055.532,0.7053,2,echonet_dynamic_no_long_axis_v1
0X3E2C9B9D3AAE8365,118,137,1449.478,609.791,0.4207,2,echonet_dynamic_no_long_axis_v1
0X3E2F182038897EA5,35,50,830.11,539.668,0.6501,2,echonet_dynamic_no_long_axis_v1
0X3E3207C0977DED20,58,71,1598.238,1343.304,0.8405,2,echonet_dynamic_no_long_axis_v1
0X3E3C352FEA13FFF3,45,62,1827.599,1003.359,0.549,2,echonet_dynamic_no_long_axis_v1
0X3E3D4ED914A2CC26,49,59,581.876,388.9,0.6684,2,echonet_dynamic_no_long_axis_v1
0X3E3D520FC52F1206,43,62,1205.849,773.907,0.6418,2,echonet_dynamic_no_long_axis_v1
0X3E410467C49E2577,140,155,1242.9,674.064,0.5423,2,echonet_dynamic_no_long_axis_v1
0X3E41F86EDA927362,68,89,2496.385,1491.425,0.5974,2,echonet_dynamic_no_long_axis_v1
0X3E423D83A5D8629A,97,111,826.733,499.724,0.6045,2,echonet_dynamic_no_long_axis_v1
0X3E4992933C229E41,78,96,1321.77,705.628,0.5339,2,echonet_dynamic_no_long_axis_v1
0X3E4E93103612D991,106,121,1332.022,735.562,0.5522,2,echonet_dynamic_no_long_axis_v1
0X3E4F117C74E7789D,39,55,1400.646,810.71,0.5788,2,echonet_dynamic_no_long_axis_v1
0X3E512A22832F853E,52,68,2229.021,1302.737,0.5844,2,echonet_dynamic_no_long_axis_v1
0X3E519478152D535B,111,130,1752.357,879.366,0.5018,2,echonet_dynamic_no_long_axis_v1
0X3E54E90C8CF89B22,98,111,1337.618,608.355,0.4548,2,echonet_dynamic_no_long_axis_v1
0X3E554757948CE381,41,59,1402.95,721.916,0.5146,2,echonet_dynamic_no_long_axis_v1
0X3E561D7327B975CB,51,67,3814.68,2125.884,0.5573,2,echonet_dynamic_no_long_axis_v1
0X3E56DED8582F762B,116,131,942.576,499.502,0.5299,2,echonet_dynamic_no_long_axis_v1
0X3E5B5FCDCC9F9D5,107,122,1511.238,934.593,0.6184,2,echonet_dynamic_no_long_axis_v1
0X3E5EDF4D13CA55D7,0,13,1243.758,747.096,0.6007,2,echonet_dynamic_no_long_axis_v1
0X3E616DCE18D8B5DA,93,111,2400.828,1503.638,0.6263,2,echonet_dynamic_no_long_axis_v1
0X3E6339FE3313BF65,172,191,1168.818,630.142,0.5391,2,echonet_dynamic_no_long_axis_v1
0X3E65996D18F7EA4A,48,66,2043.376,1333.666,0.6527,2,echonet_dynamic_no_long_axis_v1
0X3E663E38BC70B73C,2,20,1607.609,994.154,0.6184,2,echonet_dynamic_no_long_axis_v1
0X3E6901D663EA8922,42,61,2333.543,1614.139,0.6917,2,echonet_dynamic_no_long_axis_v1
0X3E6A113EC1BA37C2,85,100,1123.28,590.135,0.5254,2,echonet_dynamic_no_long_axis_v1
0X3E6AE8BEB9B6DBD4,31,48,1294.506,827.985,0.6396,2,echonet_dynamic_no_long_axis_v1
0X3E73331470DA4030,1,19,933.728,519.354,0.5562,2,echonet_dynamic_no_long_axis_v1
0X3E767AC5BF9A0089,42,59,888.041,579.628,0.6527,2,echonet_dynamic_no_long_axis_v1
0X3E778B07970A2940,108,132,993.093,521.777,0.5254,2,echonet_dynamic_no_long_axis_v1
0X3E786535782F9C5F,55,73,1029.316,557.612,0.5417,2,echonet_dynamic_no_long_axis_v1
0X3E7951D6403EC835,83,98,1055.689,606.509,0.5745,2,echonet_dynamic_no_long_axis_v1
0X3E79B6F78B6B7331,70,85,2491.326,1437.447,0.577,2,echonet_dynamic_no_long_axis_v1
0X3E7A22F643CCEC3E,36,51,1604.709,865.47,0.5393,2,echonet_dynamic_no_long_axis_v1
0X3E822C675DD2B6A3,43,63,2048.487,990.32,0.4834,2,echonet_dynamic_no_long_axis_v1
0X3E84E059A32F47E0,31,49,1026.154,819.369,0.7985,2,echonet_dynamic_no_long_axis_v1
0X3E880A36CEE7240D,86,105,1530.626,796.17,0.5202,2,echonet_dynamic_no_long_axis_v1
0X3E8B36F8E715DED1,2,14,1781.481,1056.143,0.5928,2,echonet_dynamic_no_long_axis_v1
0X3E8B547584BD000D,104,101,1158.131,889.896,0.7684,2,echonet_dynamic_no_long_axis_v1
0X3E8D8B4A87FECF17,109,122,1812.684,1059.547,0.5845,2,echonet_dynamic_no_long_axis_v1
0X3E8E8C0F87FF65BF,49,64,1307.272,805.95,0.6165,2,echonet_dynamic_no_long_axis_v1
0X3E91DA6C6799C069,67,83,2062.36,1080.235,0.5238,2,echonet_dynamic_no_long_axis_v1
0X3E92D553912D1EA1,124,138,1133.663,573.711,0.5061,2,echonet_dynamic_no_long_axis_v1
0X3E93B09A1B702BAF,42,56,1143.414,647.377,0.5662,2,echonet_dynamic_no_long_axis_v1
0X3E9510ADA06F09A9,51,67,2212.405,1438.083,0.65,2,echonet_dynamic_no_long_axis_v1
0X3E9FD284E6497932,38,53,1369.039,788.976,0.5763,2,echonet_dynamic_no_long_axis_v1
0X3EA17859559E4ABF,51,66,2938.683,2178.032,0.7412,2,echonet_dynamic_no_long_axis_v1
0X3EA9C5F8DCDD2DEC,47,66,1252.577,715.943,0.5716,2,echonet_dynamic_no_long_axis_v1
0X3EAA6F77F2617102,44,61,1663.904,944.387,0.5676,2,echonet_dynamic_no_long_axis_v1
0X3EAF0968B6971345,95,110,1373.387,780.002,0.5679,2,echonet_dynamic_no_long_axis_v1
0X3EB0FC2695B0AB5F,88,16,1477.338,627.624,0.4248,2,echonet_dynamic_no_long_axis_v1
0X3EB109A9072999EC,44,63,1903.809,1042.141,0.5474,2,echonet_dynamic_no_long_axis_v1
0X3EB1A47797F16A83,83,102,1187.41,665.226,0.5602,2,echonet_dynamic_no_long_axis_v1
0X3EBA07E431D6AC14,98,111,1000.826,428.303,0.4279,2,echonet_dynamic_no_long_axis_v1
0X3EC21D2B9F1EA8CC,69,93,2178.774,1263.752,0.58,2,echonet_dynamic_no_long_axis_v1
0X3EC366112F42E64,31,46,1101.849,584.347,0.5303,2,echonet_dynamic_no_long_axis_v1
0X3EC5E2BA17FB1E6E,119,132,1336.393,707.654,0.5295,2,echonet_dynamic_no_long_axis_v1
0X3ECA9EB5E06CEA8B,2,13,1681.341,959.51,0.5707,2,echonet_dynamic_no_long_axis_v1
0X3ECCF263161995AB,77,97,1210.884,994.014,0.8209,2,echonet_dynamic_no_long_axis_v1
0X3ECE2DC0B6619E01,82,99,1405.46,872.802,0.621,2,echonet_dynamic_no_long_axis_v1
0X3ED97063EEB0647F,41,56,1661.716,930.792,0.5601,2,echonet_dynamic_no_long_axis_v1
0X3EDC28E881C680CB,62,82,1723.56,931.297,0.5403,2,echonet_dynamic_no_long_axis_v1
0X3EDC9FA8DD9B473E,57,79,1824.922,930.756,0.51,2,echonet_dynamic_no_long_axis_v1
0X3EE9455B3F6C0C25,50,66,1424.56,868.143,0.6094,2,echonet_dynamic_no_long_axis_v1
0X3EEFB992455C8E98,93,112,682.096,369.951,0.5424,2,echonet_dynamic_no_long_axis_v1
0X3EF49ADFD0B23622,54,75,1184.971,582.234,0.4913,2,echonet_dynamic_no_long_axis_v1
0X3EF958B90BC01EE,49,69,1527.838,1253.145,0.8202,2,echonet_dynamic_no_long_axis_v1
0X3F016CB9A145CA5F,47,64,1305.885,687.735,0.5266,2,echonet_dynamic_no_long_axis_v1
0X3F0187363675176A,46,63,1839.751,1012.986,0.5506,2,echonet_dynamic_no_long_axis_v1
0X3F02002B186417B4,51,68,1307.94,741.907,0.5672,2,echonet_dynamic_no_long_axis_v1
0X3F022794066FF6CA,38,54,904.763,591.573,0.6538,2,echonet_dynamic_no_long_axis_v1
0X3F06BAFD1BACCE09,48,66,1129.565,623.262,0.5518,2,echonet_dynamic_no_long_axis_v1
0X3F076329C702F768,48,64,805.601,433.444,0.538,2,echonet_dynamic_no_long_axis_v1
0X3F0A268A296882B5,103,121,723.488,423.638,0.5855,2,echonet_dynamic_no_long_axis_v1
0X3F0C78F7A17748AC,3,21,1819.098,1340.167,0.7367,2,echonet_dynamic_no_long_axis_v1
0X3F0ED71A38DA9C98,104,121,1122.845,754.191,0.6717,2,echonet_dynamic_no_long_axis_v1
0X3F0F139DF3E450A5,60,83,1454.245,830.146,0.5708,2,echonet_dynamic_no_long_axis_v1
0X3F1D93F58B1FD1FD,54,71,1180.858,726.032,0.6148,2,echonet_dynamic_no_long_axis_v1
0X3F1ED852891344A2,5,19,888.386,725.693,0.8169,2,echonet_dynamic_no_long_axis_v1
0X3F21B014EDBAD737,108,120,1935.715,1013.128,0.5234,2,echonet_dynamic_no_long_axis_v1
0X3F22CABAAF726217,79,104,1888.73,1034.705,0.5478,2,echonet_dynamic_no_long_axis_v1
0X3F24B7E7AE2C282B,92,112,1484.944,998.641,0.6725,2,echonet_dynamic_no_long_axis_v1
0X3F267C727EACE516,38,51,2509.841,1608.34,0.6408,2,echonet_dynamic_no_long_axis_v1
0X3F2724A0E1BC2582,54,69,928.618,582.6,0.6274,2,echonet_dynamic_no_long_axis_v1
0X3F276CE820A27C46,80,90,1240.595,648.851,0.523,2,echonet_dynamic_no_long_axis_v1
0X3F27BA3A0224153F,4,22,1365.755,811.875,0.5945,2,echonet_dynamic_no_long_axis_v1
0X3F2924595718D58A,69,95,2184.514,1874.868,0.8583,2,echonet_dynamic_no_long_axis_v1
0X3F2BD19A79D5A8AD,53,73,2285.389,1351.756,0.5915,2,echonet_dynamic_no_long_axis_v1
0X3F2C0A0610E39E08,0,16,1055.242,545.074,0.5165,2,echonet_dynamic_no_long_axis_v1
0X3F2D1C1FFD4D503E,35,49,1429.088,856.05,0.599,2,echonet_dynamic_no_long_axis_v1
0X3F2D3F4C42130943,93,113,1406.151,702.632,0.4997,2,echonet_dynamic_no_long_axis_v1
0X3F318993B8006FD7,65,76,670.093,352.462,0.526,2,echonet_dynamic_no_long_axis_v1
0X3F3190FAC575A7AC,118,139,1773.542,1090.327,0.6148,2,echonet_dynamic_no_long_axis_v1
0X3F3397C6B81E8565,47,74,2732.125,1567.008,0.5735,2,echonet_dynamic_no_long_axis_v1
0X3F38886ABD417322,105,142,1973.926,1083.932,0.5491,2,echonet_dynamic_no_long_axis_v1
0X3F3965B7F7CAEEB4,49,69,1299.357,713.831,0.5494,2,echonet_dynamic_no_long_axis_v1
0X3F3DC1A6F0B18FA,34,50,893.249,585.43,0.6554,2,echonet_dynamic_no_long_axis_v1
0X3F46D480CDB787B9,122,142,2085.621,1465.497,0.7027,2,echonet_dynamic_no_long_axis_v1
0X3F4EE55CAA4CF6B4,107,122,976.569,518.495,0.5309,2,echonet_dynamic_no_long_axis_v1
0X3F50ED36355BC255,38,57,2151.563,1218.678,0.5664,2,echonet_dynamic_no_long_axis_v1
0X3F63071C1EB0A15E,56,62,563.92,256.954,0.4557,2,echonet_dynamic_no_long_axis_v1
0X3F699DC528E8E721,54,71,876.056,443.027,0.5057,2,echonet_dynamic_no_long_axis_v1
0X3F6A65114504DCE4,5,18,1781.937,1435.755,0.8057,2,echonet_dynamic_no_long_axis_v1
0X3F6DF4F515FE44FA,94,111,754.945,435.126,0.5764,2,echonet_dynamic_no_long_axis_v1
0X3F71ED0C572EB3E7,27,46,1592.709,1352.268,0.849,2,echonet_dynamic_no_long_axis_v1
0X3F7285D129E9D228,3,17,1362.329,644.693,0.4732,2,echonet_dynamic_no_long_axis_v1
0X3F86A98444A36448,3,21,994.093,662.497,0.6664,2,echonet_dynamic_no_long_axis_v1
0X3F86DB69FFDAC9AF,49,67,1240.831,716.526,0.5775,2,echonet_dynamic_no_long_axis_v1
0X3F8AB03513284E92,39,54,1108.204,712.871,0.6433,2,echonet_dynamic_no_long_axis_v1
0X3F914081EEB5588A,77,92,1033.299,687.856,0.6657,2,echonet_dynamic_no_long_axis_v1
0X3F92841AA6681005,48,64,1203.475,723.203,0.6009,2,echonet_dynamic_no_long_axis_v1
0X3F97ED7FEAA2AC6E,76,92,1483.35,1275.827,0.8601,2,echonet_dynamic_no_long_axis_v1
0X3F9A02817B34BB11,50,64,1444.928,814.925,0.564,2,echonet_dynamic_no_long_axis_v1
0X3F9EF1DB2A783F8,164,176,2881.071,2503.806,0.8691,2,echonet_dynamic_no_long_axis_v1
0X3FAD7F576C576B76,125,140,1433.915,871.549,0.6078,2,echonet_dynamic_no_long_axis_v1
0X3FB36AEDBE1A4B10,0,11,824.838,555.872,0.6739,2,echonet_dynamic_no_long_axis_v1
0X3FB431651C25CB49,51,68,3701.375,2565.594,0.6931,2,echonet_dynamic_no_long_axis_v1
0X3FB529259ACCAD46,47,60,1021.768,602.2,0.5894,2,echonet_dynamic_no_long_axis_v1
0X3FB5BB8755886893,42,57,314.25,164.482,0.5234,2,echonet_dynamic_no_long_axis_v1
0X3FB63A70136D80EF,82,97,1349.197,754.94,0.5595,2,echonet_dynamic_no_long_axis_v1
0X3FB8DCE875DFB29F,32,46,870.309,463.341,0.5324,2,echonet_dynamic_no_long_axis_v1
0X3FBB626ABE49160,103,118,2377.557,1485.375,0.6247,2,echonet_dynamic_no_long_axis_v1
0X3FBBF5350D8CE522,110,127,1723.592,1198.742,0.6955,2,echonet_dynamic_no_long_axis_v1
0X3FBC7F6543824119,92,114,1582.814,990.824,0.626,2,echonet_dynamic_no_long_axis_v1
0X3FBCED662ED19173,58,84,1805.206,1091.053,0.6044,2,echonet_dynamic_no_long_axis_v1
0X3FC4CD5A46EF4035,79,97,853.715,520.796,0.61,2,echonet_dynamic_no_long_axis_v1
0X3FC56CBCE0A32923,41,57,1950.18,1037.161,0.5318,2,echonet_dynamic_no_long_axis_v1
0X3FCDAB936D61FB3C,71,84,1182.785,973.413,0.823,2,echonet_dynamic_no_long_axis_v1
0X3FCF64E16CAB91B,47,64,1316.911,793.776,0.6028,2,echonet_dynamic_no_long_axis_v1
0X3FD06E4600AFB1B7,52,66,956.837,524.599,0.5483,2,echonet_dynamic_no_long_axis_v1
0X3FD37EEEABBE989D,41,55,1810.316,1110.334,0.6133,2,echonet_dynamic_no_long_axis_v1
0X3FD79FECFF0B9E30,118,135,2055.619,1319.769,0.642,2,echonet_dynamic_no_long_axis_v1
0X3FDA5448318F58AC,52,74,1833.92,1087.253,0.5929,2,echonet_dynamic_no_long_axis_v1
0X3FDECC3DAEFC3C88,74,87,1397.512,1060.534,0.7589,2,echonet_dynamic_no_long_axis_v1
0X3FE045B8656715A9,39,57,3360.645,2021.725,0.6016,2,echonet_dynamic_no_long_axis_v1
0X3FE27FE080EC17D8,1,10,1110.727,673.825,0.6067,2,echonet_dynamic_no_long_axis_v1
0X3FE59CC3E9AF7EE5,59,83,1240.213,642.872,0.5184,2,echonet_dynamic_no_long_axis_v1
0X3FE72DE1C9A5154C,117,138,1599.725,1004.457,0.6279,2,echonet_dynamic_no_long_axis_v1
0X3FE9162ED296F4A3,93,107,1720.276,880.646,0.5119,2,echonet_dynamic_no_long_axis_v1
0X3FE99EBEE1E0830E,54,70,1983.692,1003.143,0.5057,2,echonet_dynamic_no_long_axis_v1
0X3FF10F5B3ACC1D81,48,71,1182.758,694.065,0.5868,2,echonet_dynamic_no_long_axis_v1
0X3FF2A5EB9E33B58F,57,74,1410.492,761.456,0.5399,2,echonet_dynamic_no_long_axis_v1
0X3FF38CE334BFB6AA,49,67,1666.06,985.631,0.5916,2,echonet_dynamic_no_long_axis_v1
0X3FF3AADBE6D35A09,79,92,2617.637,2324.493,0.888,2,echonet_dynamic_no_long_axis_v1
0X3FF4A824721D77C4,122,138,1483.514,794.745,0.5357,2,echonet_dynamic_no_long_axis_v1
0X3FF79E1647F263C4,79,93,1563.969,844.851,0.5402,2,echonet_dynamic_no_long_axis_v1
0X3FFC6F63147F8BE2,82,96,1065.665,610.803,0.5732,2,echonet_dynamic_no_long_axis_v1
0X3FFD93A11E0038E1,34,46,1044.972,616.612,0.5901,2,echonet_dynamic_no_long_axis_v1
0X3FFFEF15F69088B5,91,108,594.426,349.468,0.5879,2,echonet_dynamic_no_long_axis_v1
0X40005DECF5DCF4D0,54,70,1225.829,845.268,0.6895,2,echonet_dynamic_no_long_axis_v1
0X4002E1801D36EDA8,83,113,917.489,450.565,0.4911,2,echonet_dynamic_no_long_axis_v1
0X40089B3B847361A0,3,20,1292.288,728.084,0.5634,2,echonet_dynamic_no_long_axis_v1
0X400CC61D727033DF,75,88,1216.467,675.79,0.5555,2,echonet_dynamic_no_long_axis_v1
0X4010CDE479C5BB80,44,66,1287.297,674.805,0.5242,2,echonet_dynamic_no_long_axis_v1
0X40124E47CF121BDC,1,15,782.641,491.901,0.6285,2,echonet_dynamic_no_long_axis_v1
0X4013D6C4137D4297,49,59,1003.816,617.699,0.6154,2,echonet_dynamic_no_long_axis_v1
0X40237596721647DC,50,70,1240.207,736.697,0.594,2,echonet_dynamic_no_long_axis_v1
0X40253981E97848E5,79,91,1361.352,890.259,0.654,2,echonet_dynamic_no_long_axis_v1
0X40271772155BCBF0,40,53,1363.647,1142.164,0.8376,2,echonet_dynamic_no_long_axis_v1
0X402ECE64134842CD,42,60,3051.134,1805.33,0.5917,2,echonet_dynamic_no_long_axis_v1
0X402F47A30DFA51A3,1,21,2312.91,1314.905,0.5685,2,echonet_dynamic_no_long_axis_v1
0X4030E11F8E65C1EC,138,155,1058.154,564.226,0.5332,2,echonet_dynamic_no_long_axis_v1
0X4032BAC50AC5C707,50,69,1532.081,809.548,0.5284,2,echonet_dynamic_no_long_axis_v1
0X403633BA8EA5322C,116,131,1173.276,719.559,0.6133,2,echonet_dynamic_no_long_axis_v1
0X40363DBD828783F,106,99,1110.695,348.271,0.3136,2,echonet_dynamic_no_long_axis_v1
0X403CA8347D30A9D1,4,23,1017.859,551.656,0.542,2,echonet_dynamic_no_long_axis_v1
0X403F31515BED0BC2,41,54,1919.179,909.127,0.4737,2,echonet_dynamic_no_long_axis_v1
0X404118277675D8BD,57,76,1293.558,710.213,0.549,2,echonet_dynamic_no_long_axis_v1
0X40414596BC8DF812,75,93,1226.532,724.72,0.5909,2,echonet_dynamic_no_long_axis_v1
0X404AF6762D671C09,69,88,1803.483,977.502,0.542,2,echonet_dynamic_no_long_axis_v1
0X40527E38E6EAC117,55,73,1406.14,773.049,0.5498,2,echonet_dynamic_no_long_axis_v1
0X40551ED55932933D,97,113,1294.281,812.97,0.6281,2,echonet_dynamic_no_long_axis_v1
0X405B25BDFB97D0AB,95,112,1019.336,827.422,0.8117,2,echonet_dynamic_no_long_axis_v1
0X40601D27143778D2,193,218,1485.052,828.111,0.5576,2,echonet_dynamic_no_long_axis_v1
0X4065BFB6010E7254,97,111,1147.254,565.855,0.4932,2,echonet_dynamic_no_long_axis_v1
0X406899187CFD9A61,48,55,1160.443,585.303,0.5044,2,echonet_dynamic_no_long_axis_v1
0X4069B91589712C3A,138,155,1251.591,620.957,0.4961,2,echonet_dynamic_no_long_axis_v1
0X406B49B4D454D534,50,68,1445.44,810.278,0.5606,2,echonet_dynamic_no_long_axis_v1
0X406BAC86BAC0B5A6,58,76,953.956,563.506,0.5907,2,echonet_dynamic_no_long_axis_v1
0X406C05B9EE046427,45,63,1624.852,849.647,0.5229,2,echonet_dynamic_no_long_axis_v1
0X406C79DF5EBE13D9,44,61,1924.254,1154.616,0.6,2,echonet_dynamic_no_long_axis_v1
0X40736AFD734803E0,43,56,1017.49,754.162,0.7412,2,echonet_dynamic_no_long_axis_v1
0X407AA1CC9F54562A,125,146,2287.725,1129.639,0.4938,2,echonet_dynamic_no_long_axis_v1
0X407E509DDF2BC32C,39,53,1045.139,630.386,0.6032,2,echonet_dynamic_no_long_axis_v1
0X40818EDA7A4B5FD4,95,110,1238.905,631.587,0.5098,2,echonet_dynamic_no_long_axis_v1
0X40819D22B667DFBD,34,50,1321.585,731.631,0.5536,2,echonet_dynamic_no_long_axis_v1
0X4082228407B256A7,71,89,1236.12,612.732,0.4957,2,echonet_dynamic_no_long_axis_v1
0X4082A009493C50F0,153,168,2261.21,1854.806,0.8203,2,echonet_dynamic_no_long_axis_v1
0X408387EC8C30606B,47,64,1263.301,861.317,0.6818,2,echonet_dynamic_no_long_axis_v1
0X40859A35AFC437FA,61,76,2314.78,1458.188,0.6299,2,echonet_dynamic_no_long_axis_v1
0X408693AAA1896166,9,21,1099.478,663.606,0.6036,2,echonet_dynamic_no_long_axis_v1
0X4088FBA37F95B692,119,136,1671.698,1147.377,0.6864,2,echonet_dynamic_no_long_axis_v1
0X408CA650E6AD4896,36,51,1089.278,668.612,0.6138,2,echonet_dynamic_no_long_axis_v1
0X408F18F641936D78,40,52,1311.676,694.028,0.5291,2,echonet_dynamic_no_long_axis_v1
0X4090418C2ABF84C6,30,40,725.406,449.293,0.6194,2,echonet_dynamic_no_long_axis_v1
0X4091E9362CF3A5E9,111,130,1698.64,941.015,0.554,2,echonet_dynamic_no_long_axis_v1
0X4093BA80E43ED821,91,104,1273.192,702.62,0.5519,2,echonet_dynamic_no_long_axis_v1
0X4093E9E5EC007FB5,94,112,1508.286,1355.079,0.8984,2,echonet_dynamic_no_long_axis_v1
0X409A16F791C8CE6D,53,67,1620.316,1338.672,0.8262,2,echonet_dynamic_no_long_axis_v1
0X409AE8C96B617FDC,104,126,1682.977,1108.339,0.6586,2,echonet_dynamic_no_long_axis_v1
0X409C1560857D0D4A,40,57,1498.324,768.431,0.5129,2,echonet_dynamic_no_long_axis_v1
0X409CD860C8D45814,45,59,795.804,422.896,0.5314,2,echonet_dynamic_no_long_axis_v1
0X40A08EF6EABF3936,35,51,1151.11,654.704,0.5688,2,echonet_dynamic_no_long_axis_v1
0X40A1C500E145B14B,42,56,1275.344,757.3,0.5938,2,echonet_dynamic_no_long_axis_v1
0X40A33D515599EAA9,104,120,1660.918,942.552,0.5675,2,echonet_dynamic_no_long_axis_v1
0X40A621CC0171F360,138,152,956.422,497.979,0.5207,2,echonet_dynamic_no_long_axis_v1
0X40A984ED6112B7E,47,64,979.121,593.367,0.606,2,echonet_dynamic_no_long_axis_v1
0X40BA8F1AE901A09F,59,74,2091.401,1609.363,0.7695,2,echonet_dynamic_no_long_axis_v1
0X40BD33B3D3423B77,58,78,1863.888,1029.174,0.5522,2,echonet_dynamic_no_long_axis_v1
0X40BF3AC7A4247121,155,173,2768.588,2049.289,0.7402,2,echonet_dynamic_no_long_axis_v1
0X40C09230C16A634A,68,46,974.77,520.44,0.5339,2,echonet_dynamic_no_long_axis_v1
0X40C4C63CE4108315,78,96,2228.548,1171.452,0.5257,2,echonet_dynamic_no_long_axis_v1
0X40C9109740FB02C0,56,77,911.298,502.912,0.5519,2,echonet_dynamic_no_long_axis_v1
0X40CC7E1811AE44A7,39,56,734.877,379.464,0.5164,2,echonet_dynamic_no_long_axis_v1
0X40CFB9F5945D9A25,29,57,1647.132,1093.848,0.6641,2,echonet_dynamic_no_long_axis_v1
0X40D1A3EFB465C064,45,61,1771.971,1394.62,0.787,2,echonet_dynamic_no_long_axis_v1
0X40D28C26DDD4F3AE,41,55,1365.428,812.012,0.5947,2,echonet_dynamic_no_long_axis_v1
0X40D38248ACAECAFF,39,53,988.201,462.669,0.4682,2,echonet_dynamic_no_long_axis_v1
0X40D604767A9FEED7,119,150,1777.873,953.775,0.5365,2,echonet_dynamic_no_long_axis_v1
0X40D6BD692A4A1AA2,45,63,1053.033,813.218,0.7723,2,echonet_dynamic_no_long_axis_v1
0X40D6CA4DA2637768,111,124,1062.929,626.891,0.5898,2,echonet_dynamic_no_long_axis_v1
0X40DFB5351FAEA5B3,48,70,2304.366,1442.259,0.6259,2,echonet_dynamic_no_long_axis_v1
0X40E0117CBE0F5B26,62,83,2477.439,1211.58,0.489,2,echonet_dynamic_no_long_axis_v1
0X40EBACBB84040DA1,3,15,2191.742,1910.008,0.8715,2,echonet_dynamic_no_long_axis_v1
0X40EDBEF64BC45E9B,82,98,1289.76,843.694,0.6541,2,echonet_dynamic_no_long_axis_v1
0X40F21F75AAD20630,29,41,1455.259,1228.17,0.844,2,echonet_dynamic_no_long_axis_v1
0X40F475A3CA97F09B,41,52,1270.885,939.997,0.7396,2,echonet_dynamic_no_long_axis_v1
0X40F87CEA33AD96E4,70,81,1608.509,992.197,0.6168,2,echonet_dynamic_no_long_axis_v1
0X40FD0B2BD7D3024E,77,89,2489.847,2104.499,0.8452,2,echonet_dynamic_no_long_axis_v1
0X40FE2C51364DC01C,40,55,580.872,351.677,0.6054,2,echonet_dynamic_no_long_axis_v1
0X40FF58F1074E0DB6,0,17,1403.505,811.59,0.5783,2,echonet_dynamic_no_long_axis_v1
0X41032F601E057D7A,31,48,1692.474,1337.115,0.79,2,echonet_dynamic_no_long_axis_v1
0X41080410790C9DC1,37,52,1124.423,640.36,0.5695,2,echonet_dynamic_no_long_axis_v1
0X410B873DE1ED0E4E,43,60,1232.863,641.69,0.5205,2,echonet_dynamic_no_long_axis_v1
0X411029297A4D5496,52,69,1609.653,798.585,0.4961,2,echonet_dynamic_no_long_axis_v1
0X41130893A44122AB,74,92,1112.198,620.052,0.5575,2,echonet_dynamic_no_long_axis_v1
0X4117A1621282635F,94,114,1516.804,808.21,0.5328,2,echonet_dynamic_no_long_axis_v1
0X411DD3F7DC7803DE,42,50,725.416,588.549,0.8113,2,echonet_dynamic_no_long_axis_v1
0X411E89F93DAB415A,48,69,1339.079,791.338,0.591,2,echonet_dynamic_no_long_axis_v1
0X4123160399050F47,119,138,981.94,428.124,0.436,2,echonet_dynamic_no_long_axis_v1
0X412697A4C6EF423E,39,54,1294.452,838.309,0.6476,2,echonet_dynamic_no_long_axis_v1
0X412BA2C154A65BFA,119,134,1112.21,521.935,0.4693,2,echonet_dynamic_no_long_axis_v1
0X41308881D4F393B1,50,66,1726.323,924.734,0.5357,2,echonet_dynamic_no_long_axis_v1
0X4130EB4CD7ED958B,36,51,1422.928,841.965,0.5917,2,echonet_dynamic_no_long_axis_v1
0X4139F1929AE5230,6,15,1368.552,1168.213,0.8536,2,echonet_dynamic_no_long_axis_v1
0X413A04EDB27F10BE,70,88,1454.254,785.313,0.54,2,echonet_dynamic_no_long_axis_v1
0X413CDF79953C6C31,35,50,1659.16,889.19,0.5359,2,echonet_dynamic_no_long_axis_v1
0X413DF958F18C23EF,114,127,1289.849,746.285,0.5786,2,echonet_dynamic_no_long_axis_v1
0X41443641BCA80EC1,56,81,1274.263,956.721,0.7508,2,echonet_dynamic_no_long_axis_v1
0X4146353BEBAC0B61,122,141,1024.768,523.129,0.5105,2,echonet_dynamic_no_long_axis_v1
0X414A9CA51200E64A,91,105,1401.723,809.27,0.5773,2,echonet_dynamic_no_long_axis_v1
0X4154F112065C857B,45,265,1395.95,1332.469,0.9545,2,echonet_dynamic_no_long_axis_v1
0X41563E2CC2230C0E,47,61,1394.966,1234.288,0.8848,2,echonet_dynamic_no_long_axis_v1
0X415B037A261F0B09,100,119,1242.665,791.421,0.6369,2,echonet_dynamic_no_long_axis_v1
0X415C13236237ADB7,86,103,1043.388,700.678,0.6715,2,echonet_dynamic_no_long_axis_v1
0X415D34188C1D556C,63,83,2070.826,1137.934,0.5495,2,echonet_dynamic_no_long_axis_v1
0X415E9AAB5322E413,45,61,1334.13,734.895,0.5508,2,echonet_dynamic_no_long_axis_v1
0X4160B78C9976F248,2,19,1306.658,719.949,0.551,2,echonet_dynamic_no_long_axis_v1
0X4161CE9AEBC8547A,48,67,1289.851,653.63,0.5067,2,echonet_dynamic_no_long_axis_v1
0X41620B09AE05528A,64,81,2100.94,1151.469,0.5481,2,echonet_dynamic_no_long_axis_v1
0X4164152D3E303FE3,164,189,3017.782,1600.274,0.5303,2,echonet_dynamic_no_long_axis_v1
0X41705247E0540BD7,44,55,754.479,377.655,0.5006,2,echonet_dynamic_no_long_axis_v1
0X41744FC51A5EE79B,33,45,1202.673,730.095,0.6071,2,echonet_dynamic_no_long_axis_v1
0X4176EA075A0EBF26,48,58,711.654,358.4,0.5036,2,echonet_dynamic_no_long_axis_v1
0X417AD9FA7525C729,108,120,966.43,469.29,0.4856,2,echonet_dynamic_no_long_axis_v1
0X417FE24DAA4F1CFD,60,77,1340.627,959.889,0.716,2,echonet_dynamic_no_long_axis_v1
0X418002B8508D5B48,40,60,958.261,554.555,0.5787,2,echonet_dynamic_no_long_axis_v1
0X418085E25998E23F,102,116,1084.044,642.896,0.5931,2,echonet_dynamic_no_long_axis_v1
0X4181DF413111AE92,51,65,1068.506,591.023,0.5531,2,echonet_dynamic_no_long_axis_v1
0X41895072DE028B62,43,60,1469.69,1266.665,0.8619,2,echonet_dynamic_no_long_axis_v1
0X418C2890BA967BAD,108,127,1234.399,604.591,0.4898,2,echonet_dynamic_no_long_axis_v1
0X418DBC5A437805F7,126,148,1218.95,721.717,0.5921,2,echonet_dynamic_no_long_axis_v1
0X418EBC0BB953DD1D,97,118,1399.352,658.877,0.4708,2,echonet_dynamic_no_long_axis_v1
0X419129FDE2B698,48,61,1691.471,1009.018,0.5965,2,echonet_dynamic_no_long_axis_v1
0X4191ACD0157311E5,128,148,1598.163,1047.711,0.6556,2,echonet_dynamic_no_long_axis_v1
0X4192B06B630C55B,54,81,1124.779,738.531,0.6566,2,echonet_dynamic_no_long_axis_v1
0X4195ECBB24A79F9C,52,76,1383.778,1099.083,0.7943,2,echonet_dynamic_no_long_axis_v1
0X4196162A5DACE3D3,2,22,2168.618,1003.38,0.4627,2,echonet_dynamic_no_long_axis_v1
0X41968367F83EE799,27,39,842.498,587.743,0.6976,2,echonet_dynamic_no_long_axis_v1
0X419AE8BD5422648A,65,80,933.721,556.854,0.5964,2,echonet_dynamic_no_long_axis_v1
0X419B8AB73B88CD2,38,51,1194.836,686.94,0.5749,2,echonet_dynamic_no_long_axis_v1
0X419CFE84D92DA4C9,45,64,1052.839,559.169,0.5311,2,echonet_dynamic_no_long_axis_v1
0X419D371816750A8F,50,67,1360.558,775.006,0.5696,2,echonet_dynamic_no_long_axis_v1
0X41A0E8A4807C4032,41,59,1442.918,1070.749,0.7421,2,echonet_dynamic_no_long_axis_v1
0X41A429D0083F5F5,43,64,1557.686,856.2,0.5497,2,echonet_dynamic_no_long_axis_v1
0X41ABCD5C085A1AD1,67,83,2149.596,1467.958,0.6829,2,echonet_dynamic_no_long_axis_v1
0X41AC5C5FC2E3352A,56,64,958.528,728.822,0.7604,2,echonet_dynamic_no_long_axis_v1
0X41B290E45772DEE1,43,53,1121.403,654.45,0.5836,2,echonet_dynamic_no_long_axis_v1
0X41B2A2D4742E77C1,40,58,864.07,690.667,0.7993,2,echonet_dynamic_no_long_axis_v1
0X41B72A9649E82710,83,97,1347.654,765.541,0.5681,2,echonet_dynamic_no_long_axis_v1
0X41B74DD5E613C49F,4,20,1156.983,676.07,0.5843,2,echonet_dynamic_no_long_axis_v1
0X41BA1D1E3BB9581F,49,73,925.569,677.741,0.7322,2,echonet_dynamic_no_long_axis_v1
0X41BAB6D9416FBE7B,43,65,1611.18,936.394,0.5812,2,echonet_dynamic_no_long_axis_v1
0X41BB1EB5C7CD7602,69,87,1164.923,650.792,0.5587,2,echonet_dynamic_no_long_axis_v1
0X41C2A106032ED4C8,78,92,1035.714,515.655,0.4979,2,echonet_dynamic_no_long_axis_v1
0X41CCADA441ED8E9D,129,145,1202.665,932.105,0.775,2,echonet_dynamic_no_long_axis_v1
0X41D05190CAD06AFF,62,80,1107.406,545.044,0.4922,2,echonet_dynamic_no_long_axis_v1
0X41D3376851045E5C,32,50,1086.751,654.787,0.6025,2,echonet_dynamic_no_long_axis_v1
0X41D34DC8CABC6CEB,120,146,1598.559,892.781,0.5585,2,echonet_dynamic_no_long_axis_v1
0X41DE226BF847CB96,51,66,1813.804,972.27,0.536,2,echonet_dynamic_no_long_axis_v1
0X41E0823368A8B52C,103,121,2132.343,1482.48,0.6952,2,echonet_dynamic_no_long_axis_v1
0X41E72F7748120F47,112,126,1065.315,650.572,0.6107,2,echonet_dynamic_no_long_axis_v1
0X41E921A2E68382C,64,81,1552.512,1275.606,0.8216,2,echonet_dynamic_no_long_axis_v1
0X41EBF1EA58FF8DD9,67,84,1088.334,617.372,0.5673,2,echonet_dynamic_no_long_axis_v1
0X41ECEC7AAEEFD0E6,94,110,2005.002,1168.036,0.5826,2,echonet_dynamic_no_long_axis_v1
0X41EDA817E75BE7C5,50,72,1300.301,760.708,0.585,2,echonet_dynamic_no_long_axis_v1
0X41F0358EBEADDEBC,83,103,1062.117,738.416,0.6952,2,echonet_dynamic_no_long_axis_v1
0X41F15BF2544F66AF,54,76,929.355,488.085,0.5252,2,echonet_dynamic_no_long_axis_v1
0X41F3070C2F41EE12,86,101,1748.808,936.674,0.5356,2,echonet_dynamic_no_long_axis_v1
0X41F30922BBD210B2,108,122,700.478,362.265,0.5172,2,echonet_dynamic_no_long_axis_v1
0X41F8C8319BD36BF2,51,69,1849.754,975.408,0.5273,2,echonet_dynamic_no_long_axis_v1
0X41FE84170D568B47,87,105,984.699,522.154,0.5303,2,echonet_dynamic_no_long_axis_v1
0X420398026F3662C9,50,64,837.702,567.912,0.6779,2,echonet_dynamic_no_long_axis_v1
0X4205814AC4202A6F,81,95,1189.68,657.306,0.5525,2,echonet_dynamic_no_long_axis_v1
0X4205B4B64D62076E,42,59,1110.496,564.973,0.5088,2,echonet_dynamic_no_long_axis_v1
0X420CADF76E49326E,122,140,1868.31,1097.434,0.5874,2,echonet_dynamic_no_long_axis_v1
0X4214946C295B2A3F,47,64,797.315,470.206,0.5897,2,echonet_dynamic_no_long_axis_v1
0X42160C64630C3604,64,84,1419.405,776.542,0.5471,2,echonet_dynamic_no_long_axis_v1
0X42186EEA400ABD80,35,50,736.503,486.731,0.6609,2,echonet_dynamic_no_long_axis_v1
0X421A1675AA317C41,74,87,1190.332,561.092,0.4714,2,echonet_dynamic_no_long_axis_v1
0X421B7C03B9A14BBD,40,58,1600.149,970.926,0.6068,2,echonet_dynamic_no_long_axis_v1
0X42221E1A611968E4,53,68,1423.355,821.563,0.5772,2,echonet_dynamic_no_long_axis_v1
0X422467D9C123BE7F,47,73,1856.005,1625.669,0.8759,2,echonet_dynamic_no_long_axis_v1
0X4225D03BC0BFD7BA,2,18,964.525,457.102,0.4739,2,echonet_dynamic_no_long_axis_v1
0X422763AFB6CC0079,118,131,1214.565,636.685,0.5242,2,echonet_dynamic_no_long_axis_v1
0X4227F6B51B9564C1,49,66,1957.379,965.456,0.4932,2,echonet_dynamic_no_long_axis_v1
0X422C6837BE6E90FF,38,45,1048.239,609.23,0.5812,2,echonet_dynamic_no_long_axis_v1
0X423111F7729F2921,127,145,1113.304,552.837,0.4966,2,echonet_dynamic_no_long_axis_v1
0X423333322D0460A1,52,70,1824.712,984.023,0.5393,2,echonet_dynamic_no_long_axis_v1
0X4234AE7B8A1D56DB,80,89,1285.161,995.107,0.7743,2,echonet_dynamic_no_long_axis_v1
0X423517ED3C3F4F4A,45,63,1588.332,993.161,0.6253,2,echonet_dynamic_no_long_axis_v1
0X423C16E2A001C3F4,0,19,1555.996,833.605,0.5357,2,echonet_dynamic_no_long_axis_v1
0X423CEDC513D5B859,2,19,989.571,721.354,0.729,2,echonet_dynamic_no_long_axis_v1
0X423EA0BF7849D62F,59,71,999.935,556.559,0.5566,2,echonet_dynamic_no_long_axis_v1
0X42452C0B4B89666C,148,166,1479.254,771.412,0.5215,2,echonet_dynamic_no_long_axis_v1
0X4245425C1E02917,112,124,1221.83,683.362,0.5593,2,echonet_dynamic_no_long_axis_v1
0X4248836479957C64,105,119,1618.806,775.207,0.4789,2,echonet_dynamic_no_long_axis_v1
0X424902FAA612F188,6,18,964.465,704.414,0.7304,2,echonet_dynamic_no_long_axis_v1
0X424A49302AC57003,3,18,784.227,384.248,0.49,2,echonet_dynamic_no_long_axis_v1
0X4251AEC1C92C818B,80,93,2056.634,1016.359,0.4942,2,echonet_dynamic_no_long_axis_v1
0X42524FDE837219AD,79,103,1891.108,1077.652,0.5699,2,echonet_dynamic_no_long_axis_v1
0X4255A4E685B8C704,1,14,1261.643,820.446,0.6503,2,echonet_dynamic_no_long_axis_v1
0X4258AE527948FCC6,77,88,845.048,464.642,0.5498,2,echonet_dynamic_no_long_axis_v1
0X425BF6D9A7606E95,106,115,863.689,490.4,0.5678,2,echonet_dynamic_no_long_axis_v1
0X425ED2D33412C0ED,103,135,1531.32,833.126,0.5441,2,echonet_dynamic_no_long_axis_v1
0X4260E36917BA928C,66,84,1455.482,746.101,0.5126,2,echonet_dynamic_no_long_axis_v1
0X4261735B7D42AAC3,78,94,1624.111,1064.297,0.6553,2,echonet_dynamic_no_long_axis_v1
0X4263AE5BC2AB585,54,68,1179.41,609.893,0.5171,2,echonet_dynamic_no_long_axis_v1
0X42686D6D058B94F3,69,79,1539.435,864.312,0.5614,2,echonet_dynamic_no_long_axis_v1
0X4269E4638DFA9D6F,199,222,2697.522,1634.891,0.6061,2,echonet_dynamic_no_long_axis_v1
0X426A61CAF55DE426,88,103,1326.191,746.636,0.563,2,echonet_dynamic_no_long_axis_v1
0X4271BA2AE35CA20C,33,49,1099.504,564.364,0.5133,2,echonet_dynamic_no_long_axis_v1
0X427B9E706F15970F,37,54,833.434,386.79,0.4641,2,echonet_dynamic_no_long_axis_v1
0X427F2A16BCD02AC1,110,122,1142.188,607.602,0.532,2,echonet_dynamic_no_long_axis_v1
0X4289FCE738C4F880,110,130,1575.781,789.424,0.501,2,echonet_dynamic_no_long_axis_v1
0X428C4C892FAA3A4,109,127,1098.182,538.33,0.4902,2,echonet_dynamic_no_long_axis_v1
0X4291313997B65398,35,70,1102.789,593.28,0.538,2,echonet_dynamic_no_long_axis_v1
0X4293A45F4307D1C1,103,124,2685.97,1755.266,0.6535,2,echonet_dynamic_no_long_axis_v1
0X429630AA81357707,49,66,1008.163,545.27,0.5409,2,echonet_dynamic_no_long_axis_v1
0X4298D4668E5A228E,138,154,1184.609,578.715,0.4885,2,echonet_dynamic_no_long_axis_v1
0X429D3AEAF71AF3A0,4,14,1136.528,561.06,0.4937,2,echonet_dynamic_no_long_axis_v1
0X429D577F56E5C4C4,0,12,1009.334,609.268,0.6036,2,echonet_dynamic_no_long_axis_v1
0X429DCB15C18B3DAC,54,69,1194.619,560.24,0.469,2,echonet_dynamic_no_long_axis_v1
0X429EA0C3F7F89BE4,76,93,1573.061,794.552,0.5051,2,echonet_dynamic_no_long_axis_v1
0X429F7C1AEE51AE35,89,108,1044.139,490.141,0.4694,2,echonet_dynamic_no_long_axis_v1
0X429FE687ADA1461C,55,75,1400.962,663.061,0.4733,2,echonet_dynamic_no_long_axis_v1
0X42A20F2F4933967B,107,123,1372.541,748.922,0.5456,2,echonet_dynamic_no_long_axis_v1
0X42A3C9A6C7D2E883,0,20,2936.988,2100.188,0.7151,2,echonet_dynamic_no_long_axis_v1
0X42A595A2F699E62C,46,64,1586.009,803.437,0.5066,2,echonet_dynamic_no_long_axis_v1
0X42A8CA2A231EB60D,52,70,2001.945,1204.781,0.6018,2,echonet_dynamic_no_long_axis_v1
0X42A97568F13E2DB2,33,43,1114.528,622.742,0.5587,2,echonet_dynamic_no_long_axis_v1
0X42AADB936FD457E6,44,57,553.777,314.991,0.5688,2,echonet_dynamic_no_long_axis_v1
0X42AF88E9A1646C0D,64,78,1635.338,926.448,0.5665,2,echonet_dynamic_no_long_axis_v1
0X42B6080C10501A3C,39,61,1353.99,641.424,0.4737,2,echonet_dynamic_no_long_axis_v1
0X42B73B5F4502A112,60,72,979.957,662.42,0.676,2,echonet_dynamic_no_long_axis_v1
0X42BCAEEAABF2299B,73,86,1345.992,861.775,0.6403,2,echonet_dynamic_no_long_axis_v1
0X42C04088F5D97815,94,112,1935.72,1365.513,0.7054,2,echonet_dynamic_no_long_axis_v1
0X42C3CEBDAA6DDFFF,35,57,1045.001,604.172,0.5782,2,echonet_dynamic_no_long_axis_v1
0X42C8891F05AF4C14,41,61,830.037,511.894,0.6167,2,echonet_dynamic_no_long_axis_v1
0X42C8E86BF44DA282,46,63,1611.575,832.722,0.5167,2,echonet_dynamic_no_long_axis_v1
0X42CAA48D4E8A27F2,50,69,934.032,506.468,0.5422,2,echonet_dynamic_no_long_axis_v1
0X42CBCE2146F01745,46,60,1420.335,882.641,0.6214,2,echonet_dynamic_no_long_axis_v1
0X42CBFD88E60F9D7B,51,66,1152.984,821.99,0.7129,2,echonet_dynamic_no_long_axis_v1
0X42D0EE9B93BD8553,66,76,896.72,651.347,0.7264,2,echonet_dynamic_no_long_axis_v1
0X42D952F5218473D0,94,110,1994.052,1158.42,0.5809,2,echonet_dynamic_no_long_axis_v1
0X42E373298623FEB5,41,54,885.687,492.006,0.5555,2,echonet_dynamic_no_long_axis_v1
0X42E71F03706C0C1B,83,97,1290.615,768.737,0.5956,2,echonet_dynamic_no_long_axis_v1
0X42E75641217CF946,35,49,991.387,747.1,0.7536,2,echonet_dynamic_no_long_axis_v1
0X42E8226CA93B7BAC,84,99,1847.188,1058.429,0.573,2,echonet_dynamic_no_long_axis_v1
0X42EE64F2F93A5495,120,139,1308.48,740.516,0.5659,2,echonet_dynamic_no_long_axis_v1
0X42F1D77D086650B7,45,60,1286.849,685.57,0.5328,2,echonet_dynamic_no_long_axis_v1
0X42F2DEE7361EB3EA,42,57,1737.16,975.147,0.5613,2,echonet_dynamic_no_long_axis_v1
0X42F505EAA821321C,1,19,1622.132,891.021,0.5493,2,echonet_dynamic_no_long_axis_v1
0X42F798C10FDBFFD2,2,21,1730.023,1054.857,0.6097,2,echonet_dynamic_no_long_axis_v1
0X42F9A073A7F81C75,53,72,1331.205,688.22,0.517,2,echonet_dynamic_no_long_axis_v1
0X42FA0DD3D57C70F0,48,60,1878.361,1421.612,0.7568,2,echonet_dynamic_no_long_axis_v1
0X42FB891C8FD2AF86,46,65,1268.542,726.654,0.5728,2,echonet_dynamic_no_long_axis_v1
0X42FBF848EE88CB8D,58,80,1637.918,925.715,0.5652,2,echonet_dynamic_no_long_axis_v1
0X42FC131122748839,63,72,699.331,562.514,0.8044,2,echonet_dynamic_no_long_axis_v1
0X42FCA98A2D9A42ED,134,153,1094.407,619.31,0.5659,2,echonet_dynamic_no_long_axis_v1
0X42FE7843ABA61F46,47,66,1035.017,601.527,0.5812,2,echonet_dynamic_no_long_axis_v1
0X43006B44D749C590,85,94,1193.072,1052.492,0.8822,2,echonet_dynamic_no_long_axis_v1
0X43023BBA3D8A2262,3,22,956.638,580.333,0.6066,2,echonet_dynamic_no_long_axis_v1
0X430656FE4E49EF4,40,53,989.535,666.05,0.6731,2,echonet_dynamic_no_long_axis_v1
0X430D43B88803388B,44,63,971.49,598.547,0.6161,2,echonet_dynamic_no_long_axis_v1
0X430DF0D4A4EAAF4F,44,66,1350.032,778.495,0.5766,2,echonet_dynamic_no_long_axis_v1
0X431296CD82BE53D1,43,60,2375.17,1553.735,0.6542,2,echonet_dynamic_no_long_axis_v1
0X43175234A39001F7,46,69,1598.227,1305.504,0.8168,2,echonet_dynamic_no_long_axis_v1
0X4317999FCC5CED6,51,68,1825.032,1179.458,0.6463,2,echonet_dynamic_no_long_axis_v1
0X4318E9C5A211F415,72,94,1283.994,924.875,0.7203,2,echonet_dynamic_no_long_axis_v1
0X431DCBBC8DB99EB,131,149,1115.619,714.267,0.6402,2,echonet_dynamic_no_long_axis_v1
0X431E2B7F33C1E480,48,66,1580.36,898.282,0.5684,2,echonet_dynamic_no_long_axis_v1
0X431E5FB3F15C0615,76,92,1114.503,539.699,0.4843,2,echonet_dynamic_no_long_axis_v1
0X432623D2D414961F,36,50,1325.765,845.452,0.6377,2,echonet_dynamic_no_long_axis_v1
0X4326F9C7F097171F,42,56,1667.742,874.687,0.5245,2,echonet_dynamic_no_long_axis_v1
0X432B70567E87D984,31,47,1512.732,1055.729,0.6979,2,echonet_dynamic_no_long_axis_v1
0X432F60CE4D406775,4,18,1271.594,695.116,0.5466,2,echonet_dynamic_no_long_axis_v1
0X433A0F02D46DF762,104,121,955.712,594.59,0.6221,2,echonet_dynamic_no_long_axis_v1
0X433AB6AAF05E964,38,54,1312.651,746.244,0.5685,2,echonet_dynamic_no_long_axis_v1
0X433BDA782B668C2A,50,66,1404.006,700.32,0.4988,2,echonet_dynamic_no_long_axis_v1
0X4341623F0423931B,90,105,1525.116,828.509,0.5432,2,echonet_dynamic_no_long_axis_v1
0X434587808499737A,33,57,1023.285,518.512,0.5067,2,echonet_dynamic_no_long_axis_v1
0X4349B3104CBFBBDD,52,75,2485.105,1403.617,0.5648,2,echonet_dynamic_no_long_axis_v1
0X434E045B4F822B88,57,70,2041.021,1874.967,0.9186,2,echonet_dynamic_no_long_axis_v1
0X434FFAE9BF99D811,49,72,3272.04,2104.961,0.6433,2,echonet_dynamic_no_long_axis_v1
0X4350FE5538F115C9,1,16,979.892,569.478,0.5812,2,echonet_dynamic_no_long_axis_v1
0X4356EE7B8102993C,75,93,1294.927,1038.652,0.8021,2,echonet_dynamic_no_long_axis_v1
0X4356F73DF9D111B1,5,20,1314.651,995.789,0.7575,2,echonet_dynamic_no_long_axis_v1
0X4357A4E9731D8383,62,80,1601.461,932.117,0.582,2,echonet_dynamic_no_long_axis_v1
0X4357D74D4E26F278,56,76,1040.173,585.89,0.5633,2,echonet_dynamic_no_long_axis_v1
0X435D425391F6DF3C,124,138,886.156,476.401,0.5376,2,echonet_dynamic_no_long_axis_v1
0X4361231DA99A3480,88,114,915.014,775.495,0.8475,2,echonet_dynamic_no_long_axis_v1
0X436381EDEAF56C17,79,97,1537.664,1216.368,0.791,2,echonet_dynamic_no_long_axis_v1
0X4365A9CB0E95EDEF,75,92,2173.306,1184.623,0.5451,2,echonet_dynamic_no_long_axis_v1
0X4365DD7E115C67FE,92,107,1467.992,797.726,0.5434,2,echonet_dynamic_no_long_axis_v1
0X436641C58DF2E587,105,129,1463.626,1218.559,0.8326,2,echonet_dynamic_no_long_axis_v1
0X43664BF0CDA9C803,194,213,1141.824,600.21,0.5257,2,echonet_dynamic_no_long_axis_v1
0X436749E54CB808D9,100,110,1014.555,527.93,0.5204,2,echonet_dynamic_no_long_axis_v1
0X4370E51E70C62FFC,60,80,1747.706,922.16,0.5276,2,echonet_dynamic_no_long_axis_v1
0X43715A8C6B3E61D0,49,67,1008.562,445.498,0.4417,2,echonet_dynamic_no_long_axis_v1
0X437170B1DA64BB42,90,107,1508.066,873.107,0.579,2,echonet_dynamic_no_long_axis_v1
0X4371FE77D4A20EEC,74,85,1550.416,950.887,0.6133,2,echonet_dynamic_no_long_axis_v1
0X43765C8EB3F53183,77,92,1056.869,653.422,0.6183,2,echonet_dynamic_no_long_axis_v1
0X43776A8E158E1D2F,39,54,1443.216,809.608,0.561,2,echonet_dynamic_no_long_axis_v1
0X437B9516E64991DE,103,118,1371.866,815.906,0.5947,2,echonet_dynamic_no_long_axis_v1
0X437D0633EFFC953B,154,166,1128.724,722.054,0.6397,2,echonet_dynamic_no_long_axis_v1
0X437E57907032965C,68,88,1239.902,713.227,0.5752,2,echonet_dynamic_no_long_axis_v1
0X4382CD09EDB1F1AE,52,65,850.792,509.024,0.5983,2,echonet_dynamic_no_long_axis_v1
0X43861B35CB8BA1BB,4,17,1597.973,839.327,0.5252,2,echonet_dynamic_no_long_axis_v1
0X438D6923619BE51,42,62,1257.494,671.616,0.5341,2,echonet_dynamic_no_long_axis_v1
0X4399118D8F5C539D,43,58,2001.268,947.006,0.4732,2,echonet_dynamic_no_long_axis_v1
0X439A555348548AF4,81,90,1120.112,831.236,0.7421,2,echonet_dynamic_no_long_axis_v1
0X439A95D51AEB357C,70,85,2318.042,1319.474,0.5692,2,echonet_dynamic_no_long_axis_v1
0X439B5F9ACAD2B7B9,22,37,1893.725,1456.377,0.7691,2,echonet_dynamic_no_long_axis_v1
0X439D002885864206,51,62,1608.612,1244.706,0.7738,2,echonet_dynamic_no_long_axis_v1
0X439F5C1EA9F88AB1,54,74,1519.426,890.575,0.5861,2,echonet_dynamic_no_long_axis_v1
0X43A5C5FAAFCA1B2C,55,72,1051.778,611.617,0.5815,2,echonet_dynamic_no_long_axis_v1
0X43A764414165A4A2,57,74,1076.676,548.349,0.5093,2,echonet_dynamic_no_long_axis_v1
0X43AC858DBD11798A,32,49,2579.481,1389.906,0.5388,2,echonet_dynamic_no_long_axis_v1
0X43B0DD69DEECF471,50,75,1789.084,1547.226,0.8648,2,echonet_dynamic_no_long_axis_v1
0X43B379583D0B5CB1,73,88,1558.157,841.971,0.5404,2,echonet_dynamic_no_long_axis_v1
0X43B733F38B1CBB9D,43,64,1078.277,742.13,0.6883,2,echonet_dynamic_no_long_axis_v1
0X43BA107A8AF8080B,32,47,1335.206,1154.013,0.8643,2,echonet_dynamic_no_long_axis_v1
0X43BC7C82C6B0943F,109,121,1435.092,883.215,0.6154,2,echonet_dynamic_no_long_axis_v1
0X43BE743B95734154,2,18,1793.491,1241.242,0.6921,2,echonet_dynamic_no_long_axis_v1
0X43C9344873751202,38,53,842.425,446.079,0.5295,2,echonet_dynamic_no_long_axis_v1
0X43D42D2CAFA7F36D,49,65,1122.106,617.275,0.5501,2,echonet_dynamic_no_long_axis_v1
0X43D78A77C44A10E,4,16,1113.332,800.061,0.7186,2,echonet_dynamic_no_long_axis_v1
0X43DA861ABE7A0720,85,103,1018.821,553.564,0.5433,2,echonet_dynamic_no_long_axis_v1
0X43DDF013296DD5B7,81,99,777.195,439.067,0.5649,2,echonet_dynamic_no_long_axis_v1
0X43DDF0E398EF559C,38,57,1850.681,1443.361,0.7799,2,echonet_dynamic_no_long_axis_v1
0X43DE853BD6E0C849,50,97,1337.592,749.602,0.5604,2,echonet_dynamic_no_long_axis_v1
0X43E03104CE2A7E6C,42,61,1286.202,671.04,0.5217,2,echonet_dynamic_no_long_axis_v1
0X43E1086D4D329A14,126,142,1212.222,668.213,0.5512,2,echonet_dynamic_no_long_axis_v1
0X43E21822FFC80CAC,121,143,2410.367,1776.487,0.737,2,echonet_dynamic_no_long_axis_v1
0X43EA065ECBFA9AD7,95,112,1487.983,795.229,0.5344,2,echonet_dynamic_no_long_axis_v1
0X43EB4B6F88339ECE,158,173,846.893,467.485,0.552,2,echonet_dynamic_no_long_axis_v1
0X43F19DCFF6CA5A09,0,17,1396.154,1002.376,0.718,2,echonet_dynamic_no_long_axis_v1
0X43F30BAC89739F29,1,23,1464.098,793.151,0.5417,2,echonet_dynamic_no_long_axis_v1
0X43F4E26080A78B79,116,129,1739.977,875.594,0.5032,2,echonet_dynamic_no_long_axis_v1
0X43F7687722616CE9,72,97,988.042,552.636,0.5593,2,echonet_dynamic_no_long_axis_v1
0X440008B474A3319D,39,53,606.508,315.477,0.5202,2,echonet_dynamic_no_long_axis_v1
0X44015C0D217CCC6,45,62,1684.033,1004.066,0.5962,2,echonet_dynamic_no_long_axis_v1
0X4402D6BAEB80060A,105,118,1417.408,740.395,0.5224,2,echonet_dynamic_no_long_axis_v1
0X44031EA0A99B3D73,43,51,931.498,520.708,0.559,2,echonet_dynamic_no_long_axis_v1
0X440900BA9598705F,114,130,2229.692,2020.565,0.9062,2,echonet_dynamic_no_long_axis_v1
0X441412385377D690,109,124,1075.56,594.02,0.5523,2,echonet_dynamic_no_long_axis_v1
0X44150A0B561EEE19,151,169,1045.077,649.139,0.6211,2,echonet_dynamic_no_long_axis_v1
0X4415AD160E79F9B8,99,133,1802.982,1087.038,0.6029,2,echonet_dynamic_no_long_axis_v1
0X4419F57C64568EB3,50,68,1873.401,967.175,0.5163,2,echonet_dynamic_no_long_axis_v1
0X441A8CB3361C5CDB,72,82,945.016,698.72,0.7394,2,echonet_dynamic_no_long_axis_v1
0X441E7CCDB720CE61,49,61,1870.054,1028.368,0.5499,2,echonet_dynamic_no_long_axis_v1
0X441F60FC358D26EF,58,76,2356.066,1681.341,0.7136,2,echonet_dynamic_no_long_axis_v1
0X4428361A82F59F0D,1,22,1191.887,591.455,0.4962,2,echonet_dynamic_no_long_axis_v1
0X442C9DCF330755E,55,74,1471.656,916.915,0.623,2,echonet_dynamic_no_long_axis_v1
0X44323BC92DF07925,116,136,1993.808,1270.637,0.6373,2,echonet_dynamic_no_long_axis_v1
0X443438E2F2550D6A,122,142,1557.151,980.847,0.6299,2,echonet_dynamic_no_long_axis_v1
0X4435084D81702978,89,105,2164.39,1263.481,0.5838,2,echonet_dynamic_no_long_axis_v1
0X443E4C7ECF7C9423,61,76,1520.753,867.361,0.5704,2,echonet_dynamic_no_long_axis_v1
0X443FEC9AB1D22316,34,46,1167.191,988.176,0.8466,2,echonet_dynamic_no_long_axis_v1
0X444315D43840AAE1,94,109,1169.316,575.121,0.4918,2,echonet_dynamic_no_long_axis_v1
0X4443C1C10CC3B13A,97,107,1282.304,713.25,0.5562,2,echonet_dynamic_no_long_axis_v1
0X4448BE2B5EE675E,55,72,964.714,498.293,0.5165,2,echonet_dynamic_no_long_axis_v1
0X444AA630FB840A63,80,102,1902.166,1153.51,0.6064,2,echonet_dynamic_no_long_axis_v1
0X444C866E5B4D119A,118,130,1136.3,715.151,0.6294,2,echonet_dynamic_no_long_axis_v1
0X444CC9F0CE8B22E5,57,76,1348.02,695.285,0.5158,2,echonet_dynamic_no_long_axis_v1
0X444E4604BB173900,45,62,1962.01,968.097,0.4934,2,echonet_dynamic_no_long_axis_v1
0X4450ACAA532729CC,86,103,1230.832,636.885,0.5174,2,echonet_dynamic_no_long_axis_v1
0X44519EA71861508A,73,86,1883.755,1105.114,0.5867,2,echonet_dynamic_no_long_axis_v1
0X4454A9B655CE4748,52,71,1603.703,910.006,0.5674,2,echonet_dynamic_no_long_axis_v1
0X445575CFEECB0986,103,118,1148.736,682.966,0.5945,2,echonet_dynamic_no_long_axis_v1
0X4457399F82B0DB8B,42,54,591.203,303.368,0.5131,2,echonet_dynamic_no_long_axis_v1
0X4457792327507BF,53,74,1899.702,1090.68,0.5741,2,echonet_dynamic_no_long_axis_v1
0X44663DBC0CF673F5,0,21,2495.202,1430.553,0.5733,2,echonet_dynamic_no_long_axis_v1
0X44665B39EAC0DDA9,88,103,1212.811,691.94,0.5705,2,echonet_dynamic_no_long_axis_v1
0X44687A734737EBA4,97,115,1146.719,593.588,0.5176,2,echonet_dynamic_no_long_axis_v1
0X446B63558C3D8706,54,67,1199.564,656.876,0.5476,2,echonet_dynamic_no_long_axis_v1
0X446DAA2329C90ED6,139,166,1234.644,780.127,0.6319,2,echonet_dynamic_no_long_axis_v1
0X446DD98991C15E41,55,77,1118.268,739.136,0.661,2,echonet_dynamic_no_long_axis_v1
0X446E8D1FC944760C,46,58,1582.872,873.386,0.5518,2,echonet_dynamic_no_long_axis_v1
0X4471745EFED4FB8A,0,15,1925.937,1052.698,0.5466,2,echonet_dynamic_no_long_axis_v1
0X44720ED76ECBB413,3,20,1552.278,902.551,0.5814,2,echonet_dynamic_no_long_axis_v1
0X447284A7BA9F97EE,70,83,1301.416,744.346,0.572,2,echonet_dynamic_no_long_axis_v1
0X4477077E68BF47B2,4,1,1131.86,927.282,0.8193,2,echonet_dynamic_no_long_axis_v1
0X44791B99E952C4B6,39,60,1860.811,1050.789,0.5647,2,echonet_dynamic_no_long_axis_v1
0X447A2F85FA084EC3,63,78,1291.411,764.824,0.5922,2,echonet_dynamic_no_long_axis_v1
0X447A53FC10CB6952,35,49,1065.476,659.237,0.6187,2,echonet_dynamic_no_long_axis_v1
0X447E46029B268525,60,75,1107.127,676.913,0.6114,2,echonet_dynamic_no_long_axis_v1
0X447E50EF7BF3F9AA,41,59,1449.951,1246.161,0.8595,2,echonet_dynamic_no_long_axis_v1
0X448007F0DCEDA6EA,39,53,1144.73,736.27,0.6432,2,echonet_dynamic_no_long_axis_v1
0X44805AD09697CF0E,83,107,1797.566,1146.859,0.638,2,echonet_dynamic_no_long_axis_v1
0X448282F7DD71CDEE,96,115,1632.484,957.858,0.5867,2,echonet_dynamic_no_long_axis_v1
0X4484CF47B67B79,45,55,644.001,334.398,0.5193,2,echonet_dynamic_no_long_axis_v1
0X448FCAC1F300393C,111,128,2232.091,1333.13,0.5973,2,echonet_dynamic_no_long_axis_v1
0X4492BEA1A146BCEF,51,69,1004.357,553.653,0.5513,2,echonet_dynamic_no_long_axis_v1
0X44945BF0F44F4ED6,160,177,1343.501,711.491,0.5296,2,echonet_dynamic_no_long_axis_v1
0X4494601784C9C2B5,44,59,1740.318,983.765,0.5653,2,echonet_dynamic_no_long_axis_v1
0X449BDE33FCD6216B,69,87,770.394,425.138,0.5518,2,echonet_dynamic_no_long_axis_v1
0X449F4DBE528DB8E4,36,45,742.0,361.017,0.4865,2,echonet_dynamic_no_long_axis_v1
0X44A12BED8BD703D5,102,118,1781.377,938.213,0.5267,2,echonet_dynamic_no_long_axis_v1
0X44A1DA7C5681687D,102,118,2694.809,1526.991,0.5666,2,echonet_dynamic_no_long_axis_v1
0X44A229D25A6D90F6,87,99,1062.708,501.158,0.4716,2,echonet_dynamic_no_long_axis_v1
0X44A22A6AC83EAAE3,0,21,1540.191,895.89,0.5817,2,echonet_dynamic_no_long_axis_v1
0X44A388BE279381C5,96,121,833.529,464.966,0.5578,2,echonet_dynamic_no_long_axis_v1
0X44A3EA77AFCBC602,68,79,822.069,444.55,0.5408,2,echonet_dynamic_no_long_axis_v1
0X44A4EFFB743B7EBA,0,22,1040.936,578.865,0.5561,2,echonet_dynamic_no_long_axis_v1
0X44AAEEDEB27D7CD8,60,77,1279.898,709.279,0.5542,2,echonet_dynamic_no_long_axis_v1
0X44ADA67E755F8482,83,98,2009.368,1801.087,0.8963,2,echonet_dynamic_no_long_axis_v1
0X44AF62DCB1DC4329,88,105,1486.287,1206.867,0.812,2,echonet_dynamic_no_long_axis_v1
0X44B04DF0162F5E97,42,60,826.545,477.559,0.5778,2,echonet_dynamic_no_long_axis_v1
0X44B6C59A842F6A21,128,149,2263.083,1364.942,0.6031,2,echonet_dynamic_no_long_axis_v1
0X44B83C6255383CDB,97,107,1419.932,793.396,0.5588,2,echonet_dynamic_no_long_axis_v1
0X44BE0AE1373FE644,32,42,823.636,447.577,0.5434,2,echonet_dynamic_no_long_axis_v1
0X44BF53A7F48527B1,95,115,1781.286,924.929,0.5192,2,echonet_dynamic_no_long_axis_v1
0X44BFFB354D8E21C9,105,115,890.491,584.915,0.6568,2,echonet_dynamic_no_long_axis_v1
0X44C16995297F2548,145,162,2169.539,1293.536,0.5962,2,echonet_dynamic_no_long_axis_v1
0X44C18287CA978438,63,51,1155.997,1053.656,0.9115,2,echonet_dynamic_no_long_axis_v1
0X44C1C7FC939E2A3,97,115,1326.301,755.746,0.5698,2,echonet_dynamic_no_long_axis_v1
0X44C2F41C10A2E2FE,110,127,1676.703,942.842,0.5623,2,echonet_dynamic_no_long_axis_v1
0X44C35F9C8D4F230B,112,131,1986.147,1066.358,0.5369,2,echonet_dynamic_no_long_axis_v1
0X44CB24B21421CE66,50,65,1222.548,521.844,0.4268,2,echonet_dynamic_no_long_axis_v1
0X44CB4ECD6A40E9C9,127,143,1395.906,995.943,0.7135,2,echonet_dynamic_no_long_axis_v1
0X44CBEE8CA4DECC80,100,117,1935.625,1649.712,0.8523,2,echonet_dynamic_no_long_axis_v1
0X44CC955D681B4488,93,111,1216.099,788.712,0.6486,2,echonet_dynamic_no_long_axis_v1
0X44D1529F884ADC65,68,85,1989.051,1488.189,0.7482,2,echonet_dynamic_no_long_axis_v1
0X44D460005C844C04,64,80,1616.786,1207.244,0.7467,2,echonet_dynamic_no_long_axis_v1
0X44D47829F06BD67F,40,54,1905.276,1343.225,0.705,2,echonet_dynamic_no_long_axis_v1
0X44D508496C453D89,54,66,1332.983,1196.814,0.8978,2,echonet_dynamic_no_long_axis_v1
0X44DA3D8853AE917C,48,66,1890.13,1131.71,0.5987,2,echonet_dynamic_no_long_axis_v1
0X44DCF479544BA8C6,56,75,1501.395,839.532,0.5592,2,echonet_dynamic_no_long_axis_v1
0X44E27BC8B24601D5,47,62,1460.008,884.975,0.6061,2,echonet_dynamic_no_long_axis_v1
0X44EAC282A8452B0B,133,152,1546.61,871.692,0.5636,2,echonet_dynamic_no_long_axis_v1
0X44F675DB0863E29,31,44,1494.432,914.034,0.6116,2,echonet_dynamic_no_long_axis_v1
0X44F783F5B514A943,29,42,1445.689,997.849,0.6902,2,echonet_dynamic_no_long_axis_v1
0X44F9A80B05DFC224,74,86,2370.532,1707.78,0.7204,2,echonet_dynamic_no_long_axis_v1
0X44FA43FAC7FE022,103,118,710.829,402.124,0.5657,2,echonet_dynamic_no_long_axis_v1
0X44FDE6498A51E3BC,66,85,1077.21,616.252,0.5721,2,echonet_dynamic_no_long_axis_v1
0X4502CEC81747E7BD,2,16,1404.657,1279.386,0.9108,2,echonet_dynamic_no_long_axis_v1
0X45047F0D2B3DA0CC,43,60,667.71,368.315,0.5516,2,echonet_dynamic_no_long_axis_v1
0X4506870DFECB082E,106,124,951.006,701.728,0.7379,2,echonet_dynamic_no_long_axis_v1
0X4506A36DB51B7766,87,103,1552.207,987.83,0.6364,2,echonet_dynamic_no_long_axis_v1
0X450790A4885E9762,116,132,1263.791,614.395,0.4862,2,echonet_dynamic_no_long_axis_v1
0X4509E093754F0304,48,66,1413.21,919.91,0.6509,2,echonet_dynamic_no_long_axis_v1
0X450BE2C78EC9B5EF,58,76,1111.689,743.289,0.6686,2,echonet_dynamic_no_long_axis_v1
0X4512900B884F5CB,11,21,1887.836,1645.071,0.8714,2,echonet_dynamic_no_long_axis_v1
0X4512AB205DE541B2,126,143,1387.548,779.978,0.5621,2,echonet_dynamic_no_long_axis_v1
0X45169B4E6FA0A0A0,3,16,1462.142,785.854,0.5375,2,echonet_dynamic_no_long_axis_v1
0X451AAC4A666A91BF,54,66,1630.859,1385.875,0.8498,2,echonet_dynamic_no_long_axis_v1
0X451AEA20249EFD25,48,67,1247.562,779.278,0.6246,2,echonet_dynamic_no_long_axis_v1
0X4521C31BFB79E41F,53,73,1463.337,1010.838,0.6908,2,echonet_dynamic_no_long_axis_v1
0X45239B4E5153E962,34,47,1098.079,606.272,0.5521,2,echonet_dynamic_no_long_axis_v1
0X4523F8C611A32164,115,130,1422.379,774.329,0.5444,2,echonet_dynamic_no_long_axis_v1
0X4527BA99A25B80AA,89,117,1956.399,969.494,0.4956,2,echonet_dynamic_no_long_axis_v1
0X45286C289D7A233D,59,77,2937.852,1586.676,0.5401,2,echonet_dynamic_no_long_axis_v1
0X45288341238CE3FD,46,58,1160.364,600.775,0.5177,2,echonet_dynamic_no_long_axis_v1
0X452A08132F153B56,54,68,1733.604,851.941,0.4914,2,echonet_dynamic_no_long_axis_v1
0X452FB515DC2DE477,99,117,1324.499,658.088,0.4969,2,echonet_dynamic_no_long_axis_v1
0X45300281828E615A,83,102,1118.9,637.031,0.5693,2,echonet_dynamic_no_long_axis_v1
0X4530203B198A87C6,62,77,4132.007,2290.558,0.5543,2,echonet_dynamic_no_long_axis_v1
0X45357AC4B9F02268,71,87,1373.834,913.434,0.6649,2,echonet_dynamic_no_long_axis_v1
0X4536DCD1EF2AF7FF,103,122,1326.977,702.968,0.5298,2,echonet_dynamic_no_long_axis_v1
0X453EC33BC6E96460,67,76,835.014,488.118,0.5846,2,echonet_dynamic_no_long_axis_v1
0X453F41898001E174,95,109,1553.914,830.097,0.5342,2,echonet_dynamic_no_long_axis_v1
0X45418C574D97027A,1,16,1023.628,601.506,0.5876,2,echonet_dynamic_no_long_axis_v1
0X4548ECB3A01FC674,59,76,1802.814,1078.203,0.5981,2,echonet_dynamic_no_long_axis_v1
0X4549C792D8239391,42,59,1806.958,1244.092,0.6885,2,echonet_dynamic_no_long_axis_v1
0X454C1F4146B14E0E,55,56,1005.172,690.175,0.6866,2,echonet_dynamic_no_long_axis_v1
0X4550086B27E8492F,52,66,1247.841,627.512,0.5029,2,echonet_dynamic_no_long_axis_v1
0X4556F926DF2708B6,98,114,1767.832,1201.254,0.6795,2,echonet_dynamic_no_long_axis_v1
0X455C2277C037ADFF,47,60,1486.683,789.512,0.5311,2,echonet_dynamic_no_long_axis_v1
0X455EF2F2E407CBA9,37,55,1312.703,721.881,0.5499,2,echonet_dynamic_no_long_axis_v1
0X45606D3650036C6B,100,115,1551.049,821.738,0.5298,2,echonet_dynamic_no_long_axis_v1
0X45632A2A3B1D4EC2,78,96,1736.977,966.288,0.5563,2,echonet_dynamic_no_long_axis_v1
0X4563D5F18EF850,50,64,2585.166,1463.712,0.5662,2,echonet_dynamic_no_long_axis_v1
0X4569782F9EE65B79,42,60,2157.671,1849.864,0.8573,2,echonet_dynamic_no_long_axis_v1
0X456A974FA4772464,88,104,1081.534,678.887,0.6277,2,echonet_dynamic_no_long_axis_v1
0X456AF7E56AC662AA,121,133,1221.574,549.302,0.4497,2,echonet_dynamic_no_long_axis_v1
0X456C5475063164C4,79,94,1549.097,1364.48,0.8808,2,echonet_dynamic_no_long_axis_v1
0X456CF175454A3E15,42,61,1227.812,616.368,0.502,2,echonet_dynamic_no_long_axis_v1
0X4574E7735C7EC705,62,80,2592.128,1336.802,0.5157,2,echonet_dynamic_no_long_axis_v1
0X4578EAE5AD6B92D6,75,89,1405.901,808.871,0.5753,2,echonet_dynamic_no_long_axis_v1
0X45797518BBA63676,57,71,1224.686,716.16,0.5848,2,echonet_dynamic_no_long_axis_v1
0X457979CC6D12EBB8,67,90,1701.275,1012.256,0.595,2,echonet_dynamic_no_long_axis_v1
0X457C7DD05898EC66,137,150,1408.621,769.016,0.5459,2,echonet_dynamic_no_long_axis_v1
0X457D30606BC14265,49,63,1204.368,725.232,0.6022,2,echonet_dynamic_no_long_axis_v1
0X457DAB4FF89AC668,90,111,1518.801,989.559,0.6515,2,echonet_dynamic_no_long_axis_v1
0X457FA6E8CA802DC2,104,121,1404.007,881.257,0.6277,2,echonet_dynamic_no_long_axis_v1
0X458076DDE5F2F78D,145,163,924.112,397.297,0.4299,2,echonet_dynamic_no_long_axis_v1
0X4584371B4D8B2D39,120,134,1047.924,577.014,0.5506,2,echonet_dynamic_no_long_axis_v1
0X458A3FC76A16F3CF,67,83,2743.443,2341.037,0.8533,2,echonet_dynamic_no_long_axis_v1
0X458C107A05DAB733,139,152,1438.497,793.965,0.5519,2,echonet_dynamic_no_long_axis_v1
0X45980563E8E0859C,78,92,1381.35,722.588,0.5231,2,echonet_dynamic_no_long_axis_v1
0X459A709C0D875EEF,128,144,1230.694,772.459,0.6277,2,echonet_dynamic_no_long_axis_v1
0X459F7C29B033C1D0,85,106,1190.596,547.046,0.4595,2,echonet_dynamic_no_long_axis_v1
0X45A14722B0DFC1EA,141,160,1547.069,812.732,0.5253,2,echonet_dynamic_no_long_axis_v1
0X45A28C1FB1A33FC5,48,64,1262.231,728.932,0.5775,2,echonet_dynamic_no_long_axis_v1
0X45A5D731A015ADBF,119,138,1574.711,1188.362,0.7547,2,echonet_dynamic_no_long_axis_v1
0X45A763EE890FBEA,48,64,991.158,492.992,0.4974,2,echonet_dynamic_no_long_axis_v1
0X45A9015B761B40A9,108,123,1258.767,848.112,0.6738,2,echonet_dynamic_no_long_axis_v1
0X45AD580B725C799E,99,121,1765.096,1067.348,0.6047,2,echonet_dynamic_no_long_axis_v1
0X45B2F88F92A460D5,36,50,1190.528,620.728,0.5214,2,echonet_dynamic_no_long_axis_v1
0X45B5C4D9038D5F9E,85,98,1174.005,646.69,0.5508,2,echonet_dynamic_no_long_axis_v1
0X45BE0065FB0FEFD7,56,71,1123.176,676.165,0.602,2,echonet_dynamic_no_long_axis_v1
0X45C0B5CB8EAC7CE3,33,45,1830.968,937.805,0.5122,2,echonet_dynamic_no_long_axis_v1
0X45C3270D57E3DF4,98,119,2860.538,1523.642,0.5326,2,echonet_dynamic_no_long_axis_v1
0X45C47B88561016CD,112,133,1421.508,728.945,0.5128,2,echonet_dynamic_no_long_axis_v1
0X45CC26E182BB7C4,74,89,1646.747,942.194,0.5722,2,echonet_dynamic_no_long_axis_v1
0X45CE057EC2EB577F,110,131,1560.899,1223.352,0.7837,2,echonet_dynamic_no_long_axis_v1
0X45CE6C8893A4E3A7,35,52,1276.096,727.715,0.5703,2,echonet_dynamic_no_long_axis_v1
0X45D646D50FEED577,105,116,1492.621,820.859,0.5499,2,echonet_dynamic_no_long_axis_v1
0X45D67C2F0E610EE,13,11,535.337,421.743,0.7878,2,echonet_dynamic_no_long_axis_v1
0X45D733BB49E9C17D,0,14,1199.134,581.941,0.4853,2,echonet_dynamic_no_long_axis_v1
0X45D79F6C97A51897,149,165,963.795,566.601,0.5879,2,echonet_dynamic_no_long_axis_v1
0X45D7BE7523C46BB2,113,129,776.724,468.216,0.6028,2,echonet_dynamic_no_long_axis_v1
0X45DF2459DF7D77B0,44,56,1056.941,572.674,0.5418,2,echonet_dynamic_no_long_axis_v1
0X45E20189E7AA1A4B,106,113,571.56,293.4,0.5133,2,echonet_dynamic_no_long_axis_v1
0X45E3351DC2069AA3,113,127,1293.239,711.036,0.5498,2,echonet_dynamic_no_long_axis_v1
0X45E4438C079A69DF,62,79,1147.483,570.391,0.4971,2,echonet_dynamic_no_long_axis_v1
0X45E6F6924D4AA7C3,39,53,1057.857,595.555,0.563,2,echonet_dynamic_no_long_axis_v1
0X45E83530C042A5F4,35,47,1979.718,1028.319,0.5194,2,echonet_dynamic_no_long_axis_v1
0X45E8B3791798B0BE,35,51,1373.087,1073.436,0.7818,2,echonet_dynamic_no_long_axis_v1
0X45EC30D3FE91D38D,40,57,1481.217,800.992,0.5408,2,echonet_dynamic_no_long_axis_v1
0X45ED432FAE218EFD,58,81,1299.538,888.207,0.6835,2,echonet_dynamic_no_long_axis_v1
0X45ED7398E9C3AAEA,203,220,846.068,548.356,0.6481,2,echonet_dynamic_no_long_axis_v1
0X45EEBFE43C183552,107,123,1575.535,893.232,0.5669,2,echonet_dynamic_no_long_axis_v1
0X45EFEE60B0C9E31A,87,101,1405.699,831.364,0.5914,2,echonet_dynamic_no_long_axis_v1
0X45F32591DF9DFC34,86,101,1302.982,953.669,0.7319,2,echonet_dynamic_no_long_axis_v1
0X45F39E3406B7CAA5,38,51,977.314,503.5,0.5152,2,echonet_dynamic_no_long_axis_v1
0X45F50AF374B2D1E6,130,148,845.134,525.206,0.6214,2,echonet_dynamic_no_long_axis_v1
0X45F6B2D62CFBDD5A,59,76,2702.437,1630.025,0.6032,2,echonet_dynamic_no_long_axis_v1
0X46024CC33D00D4C6,48,33,1749.095,210.283,0.1202,2,echonet_dynamic_no_long_axis_v1
0X4602E7CB509084C4,86,98,2005.496,1313.207,0.6548,2,echonet_dynamic_no_long_axis_v1
0X460698918BEA659B,62,84,1080.308,582.658,0.5393,2,echonet_dynamic_no_long_axis_v1
0X460B910F3236924B,39,55,1341.24,974.331,0.7264,2,echonet_dynamic_no_long_axis_v1
0X46112A0A6AAA4A03,124,147,1328.937,720.145,0.5419,2,echonet_dynamic_no_long_axis_v1
0X4611FC9B7FE4F50A,61,74,1241.386,1048.379,0.8445,2,echonet_dynamic_no_long_axis_v1
0X461758F43BB8187,66,81,1942.157,1044.263,0.5377,2,echonet_dynamic_no_long_axis_v1
0X4623FC023AE07EE1,64,83,1734.055,1004.772,0.5794,2,echonet_dynamic_no_long_axis_v1
0X46258A8F882A3019,49,61,2688.432,1460.953,0.5434,2,echonet_dynamic_no_long_axis_v1
0X4635A6E545BAD9FD,39,52,1459.217,771.408,0.5286,2,echonet_dynamic_no_long_axis_v1
0X463659CEAFA45073,48,65,1383.045,917.592,0.6635,2,echonet_dynamic_no_long_axis_v1
0X46380BAFF46D6E69,54,72,1641.515,1177.287,0.7172,2,echonet_dynamic_no_long_axis_v1
0X463A7B7D46C6CA4,103,126,1444.947,1005.027,0.6955,2,echonet_dynamic_no_long_axis_v1
0X463C296E8E65DA97,39,53,1316.389,668.842,0.5081,2,echonet_dynamic_no_long_axis_v1
0X4649CB5A58E805C6,97,113,1805.123,1317.626,0.7299,2,echonet_dynamic_no_long_axis_v1
0X464AFEA5B054D5B5,35,47,1370.106,721.863,0.5269,2,echonet_dynamic_no_long_axis_v1
0X464B97C85D11DCC,34,48,969.415,576.07,0.5942,2,echonet_dynamic_no_long_axis_v1
0X464C4B92D0C0CF58,56,73,1711.339,1037.43,0.6062,2,echonet_dynamic_no_long_axis_v1
0X464D690506890716,0,9,1543.56,835.329,0.5412,2,echonet_dynamic_no_long_axis_v1
0X464D8CFAA048566E,104,119,1993.847,1370.955,0.6876,2,echonet_dynamic_no_long_axis_v1
0X464DF46257E5BDD,27,38,1013.06,539.65,0.5327,2,echonet_dynamic_no_long_axis_v1
0X464DFB5050226BDF,119,135,1124.022,723.795,0.6439,2,echonet_dynamic_no_long_axis_v1
0X46540E51EA8D3CB3,130,144,1581.446,1042.619,0.6593,2,echonet_dynamic_no_long_axis_v1
0X4654445DEC676C34,32,44,798.438,430.581,0.5393,2,echonet_dynamic_no_long_axis_v1
0X4659B984370E6F6,51,66,1272.234,635.201,0.4993,2,echonet_dynamic_no_long_axis_v1
0X465E263A2E3C4006,41,57,960.295,579.267,0.6032,2,echonet_dynamic_no_long_axis_v1
0X465E766F162C7A19,62,74,1732.743,1532.71,0.8846,2,echonet_dynamic_no_long_axis_v1
0X465ED1F90846CB26,32,52,1566.336,982.273,0.6271,2,echonet_dynamic_no_long_axis_v1
0X4666116E3F120DF9,104,120,997.975,505.399,0.5064,2,echonet_dynamic_no_long_axis_v1
0X46682D67FA3FE237,64,82,1225.121,667.281,0.5447,2,echonet_dynamic_no_long_axis_v1
0X466EB4595EE4C15D,43,63,3368.303,1642.51,0.4876,2,echonet_dynamic_no_long_axis_v1
0X467280BF224215F,100,116,767.022,428.386,0.5585,2,echonet_dynamic_no_long_axis_v1
0X4678C04CB6F6CC0B,94,109,2466.944,1310.621,0.5313,2,echonet_dynamic_no_long_axis_v1
0X467B292B5E1C740B,80,98,1069.705,622.941,0.5823,2,echonet_dynamic_no_long_axis_v1
0X467B7DC0FAEAAD97,45,61,1213.752,662.276,0.5456,2,echonet_dynamic_no_long_axis_v1
0X467C4565D025C33B,75,97,1060.137,579.639,0.5468,2,echonet_dynamic_no_long_axis_v1
0X467DCC27BC71B286,85,101,1246.659,638.964,0.5125,2,echonet_dynamic_no_long_axis_v1
0X4681E706E18BF21E,80,94,1424.895,1102.985,0.7741,2,echonet_dynamic_no_long_axis_v1
0X468340D877F36659,28,41,869.442,546.998,0.6291,2,echonet_dynamic_no_long_axis_v1
0X4686D15BB8789AC4,4,16,1112.667,625.486,0.5622,2,echonet_dynamic_no_long_axis_v1
0X4692017DDC366859,93,101,1137.149,869.871,0.765,2,echonet_dynamic_no_long_axis_v1
0X4692C4D2FDB8FF33,96,113,2053.38,1068.069,0.5202,2,echonet_dynamic_no_long_axis_v1
0X469546878D04E5AF,55,48,1775.661,1346.673,0.7584,2,echonet_dynamic_no_long_axis_v1
0X4695711AF5D23C2F,37,51,1853.499,1583.974,0.8546,2,echonet_dynamic_no_long_axis_v1
0X46974CA9C1FAFF54,37,54,1294.578,746.394,0.5766,2,echonet_dynamic_no_long_axis_v1
0X4699853F9A68420E,38,49,1245.449,602.839,0.484,2,echonet_dynamic_no_long_axis_v1
0X469F0E05A55908A4,108,124,2565.812,1441.317,0.5617,2,echonet_dynamic_no_long_axis_v1
0X469F5261704011ED,97,119,1226.964,739.065,0.6024,2,echonet_dynamic_no_long_axis_v1
0X46A60B1F1ACEE9FF,31,49,1082.738,810.239,0.7483,2,echonet_dynamic_no_long_axis_v1
0X46A887F79BFB58DC,53,70,1021.989,607.256,0.5942,2,echonet_dynamic_no_long_axis_v1
0X46A8BD539728F654,87,101,1270.258,789.995,0.6219,2,echonet_dynamic_no_long_axis_v1
0X46ACC9C2CF9CFB1E,43,104,1424.091,1058.576,0.7433,2,echonet_dynamic_no_long_axis_v1
0X46AE1D888EB482C9,52,68,1116.223,639.216,0.5727,2,echonet_dynamic_no_long_axis_v1
0X46AF7C10F61E0EA7,70,92,1229.145,805.199,0.6551,2,echonet_dynamic_no_long_axis_v1
0X46B0C3E74FBBA739,88,99,1346.032,856.566,0.6364,2,echonet_dynamic_no_long_axis_v1
0X46B0E42A1E861C36,92,106,1145.941,595.672,0.5198,2,echonet_dynamic_no_long_axis_v1
0X46B1CCE5B354B752,24,37,885.465,480.602,0.5428,2,echonet_dynamic_no_long_axis_v1
0X46B2F29BE675B414,113,133,1551.078,799.96,0.5157,2,echonet_dynamic_no_long_axis_v1
0X46B8BB5213CB1F0E,50,67,1281.051,637.785,0.4979,2,echonet_dynamic_no_long_axis_v1
0X46B96E600D63E220,119,135,1813.521,1159.325,0.6393,2,echonet_dynamic_no_long_axis_v1
0X46BBFEEF6D8F4FC7,34,47,1331.898,569.467,0.4276,2,echonet_dynamic_no_long_axis_v1
0X46BCFDEAE8089A57,64,80,1509.559,807.222,0.5347,2,echonet_dynamic_no_long_axis_v1
0X46C26D1B887FA60E,55,76,1436.22,935.543,0.6514,2,echonet_dynamic_no_long_axis_v1
0X46C848F34D9A1C52,3,18,1255.444,743.056,0.5919,2,echonet_dynamic_no_long_axis_v1
0X46C85F22B3CC9971,46,61,1540.771,861.847,0.5594,2,echonet_dynamic_no_long_axis_v1
0X46D2C668D5E324C4,29,42,680.318,420.206,0.6177,2,echonet_dynamic_no_long_axis_v1
0X46D3DFF945D068E6,45,59,2236.0,1140.093,0.5099,2,echonet_dynamic_no_long_axis_v1
0X46D6ADEBB2724045,68,88,1306.973,746.363,0.5711,2,echonet_dynamic_no_long_axis_v1
0X46D6E363FD24E7D8,74,90,2188.263,1266.144,0.5786,2,echonet_dynamic_no_long_axis_v1
0X46D8CDB35FD5072,31,43,565.944,347.224,0.6135,2,echonet_dynamic_no_long_axis_v1
0X46D9701BDA5EBEF4,84,104,595.966,318.921,0.5351,2,echonet_dynamic_no_long_axis_v1
0X46DAAD3656224448,83,95,2108.539,1073.541,0.5091,2,echonet_dynamic_no_long_axis_v1
0X46DD6F251FB476EC,153,170,996.284,498.809,0.5007,2,echonet_dynamic_no_long_axis_v1
0X46DDEFA74CDB0EBD,0,26,1389.21,756.741,0.5447,2,echonet_dynamic_no_long_axis_v1
0X46E076385E2BD694,90,120,2518.506,1240.992,0.4927,2,echonet_dynamic_no_long_axis_v1
0X46E0DDFB5E35C490,36,47,1292.622,739.265,0.5719,2,echonet_dynamic_no_long_axis_v1
0X46E335EDE6F8E5AD,63,79,2120.971,1305.752,0.6156,2,echonet_dynamic_no_long_axis_v1
0X46E845D4F2348D4,139,161,1087.153,752.066,0.6918,2,echonet_dynamic_no_long_axis_v1
0X46EB0F531C3EE3A2,68,82,1671.824,1019.537,0.6098,2,echonet_dynamic_no_long_axis_v1
0X46EB76C70B65EA5B,5,19,1830.937,1203.332,0.6572,2,echonet_dynamic_no_long_axis_v1
0X46F0756996349,109,127,1086.681,822.892,0.7573,2,echonet_dynamic_no_long_axis_v1
0X46F177DC7B92CEA6,102,121,2690.739,1436.326,0.5338,2,echonet_dynamic_no_long_axis_v1
0X46F641FCE4FFCF0B,49,62,1868.145,1121.954,0.6006,2,echonet_dynamic_no_long_axis_v1
0X46F890593D02A068,75,89,1302.397,725.44,0.557,2,echonet_dynamic_no_long_axis_v1
0X46F9633AC34FF38E,102,120,1741.944,1418.107,0.8141,2,echonet_dynamic_no_long_axis_v1
0X46F9944BBD295961,82,98,1855.366,1000.331,0.5392,2,echonet_dynamic_no_long_axis_v1
0X46FA0CE0A00866D0,158,170,1213.725,691.299,0.5696,2,echonet_dynamic_no_long_axis_v1
0X46FA118F433C5C36,36,55,1179.42,919.134,0.7793,2,echonet_dynamic_no_long_axis_v1
0X46FD77D3DC9F4026,73,100,1003.358,529.782,0.528,2,echonet_dynamic_no_long_axis_v1
0X46FF014B4D866466,79,96,1164.995,782.1,0.6713,2,echonet_dynamic_no_long_axis_v1
0X4700367736428EE9,54,72,1217.674,671.544,0.5515,2,echonet_dynamic_no_long_axis_v1
0X4700E4911EF3C56A,100,115,1521.723,823.947,0.5415,2,echonet_dynamic_no_long_axis_v1
0X4701B85B6B446BB8,30,43,1465.924,1214.162,0.8283,2,echonet_dynamic_no_long_axis_v1
0X470253DB6CB105B3,125,141,961.661,571.381,0.5942,2,echonet_dynamic_no_long_axis_v1
0X4703E1BFF89C0301,52,69,1976.429,1334.046,0.675,2,echonet_dynamic_no_long_axis_v1
0X4704159CFC29D4C3,56,67,1152.002,807.173,0.7007,2,echonet_dynamic_no_long_axis_v1
0X4707425BAF59515F,71,87,1116.09,836.966,0.7499,2,echonet_dynamic_no_long_axis_v1
0X4709E6A8CFF415E8,85,100,1481.226,916.046,0.6184,2,echonet_dynamic_no_long_axis_v1
0X470C3A06C890B2B3,65,74,1008.39,813.303,0.8065,2,echonet_dynamic_no_long_axis_v1
0X470CD51F9B5DF85C,76,94,628.521,483.455,0.7692,2,echonet_dynamic_no_long_axis_v1
0X470FA78D91CC7397,93,113,1225.658,627.458,0.5119,2,echonet_dynamic_no_long_axis_v1
0X471783E22BC7C7C1,48,65,1577.765,798.287,0.506,2,echonet_dynamic_no_long_axis_v1
0X471837C15FA962D2,27,41,1612.927,946.073,0.5866,2,echonet_dynamic_no_long_axis_v1
0X4722C9BF04CEEB25,47,72,1746.654,1173.091,0.6716,2,echonet_dynamic_no_long_axis_v1
0X47241688479B3A90,76,83,3102.295,1696.685,0.5469,2,echonet_dynamic_no_long_axis_v1
0X4724AC020BB043C4,42,59,1152.191,681.294,0.5913,2,echonet_dynamic_no_long_axis_v1
0X4724EF4A6021488E,142,162,3400.998,1680.657,0.4942,2,echonet_dynamic_no_long_axis_v1
0X4726A11E93B9DE90,41,54,906.363,590.505,0.6515,2,echonet_dynamic_no_long_axis_v1
0X472BE363F86E6CDB,79,97,1328.458,582.783,0.4387,2,echonet_dynamic_no_long_axis_v1
0X472DDCEC92FE7A59,51,63,1102.179,761.741,0.6911,2,echonet_dynamic_no_long_axis_v1
0X472E440353556195,92,112,1656.041,788.134,0.4759,2,echonet_dynamic_no_long_axis_v1
0X4735E8CE35BE2A3,53,68,955.682,509.554,0.5332,2,echonet_dynamic_no_long_axis_v1
0X4742152D0E22F043,103,122,1372.693,776.21,0.5655,2,echonet_dynamic_no_long_axis_v1
0X4746C7E35E560E3F,50,65,962.828,570.594,0.5926,2,echonet_dynamic_no_long_axis_v1
0X4746D69940479A7,61,72,2602.058,1358.93,0.5223,2,echonet_dynamic_no_long_axis_v1
0X474B0F4E6590E8A8,50,64,1011.729,565.455,0.5589,2,echonet_dynamic_no_long_axis_v1
0X474DD406384555D8,148,161,1088.34,861.845,0.7919,2,echonet_dynamic_no_long_axis_v1
0X4751BDCD16AA2343,35,50,1428.108,1198.57,0.8393,2,echonet_dynamic_no_long_axis_v1
0X47525086CF1B329F,65,85,1190.903,583.786,0.4902,2,echonet_dynamic_no_long_axis_v1
0X475268C075FF7737,34,49,1286.373,883.877,0.6871,2,echonet_dynamic_no_long_axis_v1
0X47531256525CE22B,48,67,1495.713,885.781,0.5922,2,echonet_dynamic_no_long_axis_v1
0X475585257AE2E722,100,118,1406.598,991.838,0.7051,2,echonet_dynamic_no_long_axis_v1
0X475685CC25B59A31,95,122,1073.702,534.076,0.4974,2,echonet_dynamic_no_long_axis_v1
0X475911107C069CD2,39,49,852.194,696.422,0.8172,2,echonet_dynamic_no_long_axis_v1
0X475B14E7CDFC143D,46,58,1173.066,623.133,0.5312,2,echonet_dynamic_no_long_axis_v1
0X475BAF471615BAC2,66,81,780.514,374.491,0.4798,2,echonet_dynamic_no_long_axis_v1
0X475C1DE9B186E5D1,56,73,1237.625,689.547,0.5572,2,echonet_dynamic_no_long_axis_v1
0X476320C5BDCD5BA6,57,73,1222.271,647.054,0.5294,2,echonet_dynamic_no_long_axis_v1
0X47652348BF1687F2,52,67,1471.756,849.017,0.5769,2,echonet_dynamic_no_long_axis_v1
0X476641FB702A0EDF,45,63,876.869,476.286,0.5432,2,echonet_dynamic_no_long_axis_v1
0X476749AF0E3C3D5D,40,55,757.26,441.199,0.5826,2,echonet_dynamic_no_long_axis_v1
0X476AA915D8E928A,90,107,1196.964,638.854,0.5337,2,echonet_dynamic_no_long_axis_v1
0X476B330DE1073521,4,18,1243.305,694.359,0.5585,2,echonet_dynamic_no_long_axis_v1
0X476B36561AE2A0D2,81,100,1340.391,818.417,0.6106,2,echonet_dynamic_no_long_axis_v1
0X476F7A75F09C0B5B,84,97,1411.852,730.021,0.5171,2,echonet_dynamic_no_long_axis_v1
0X477211790541ED15,37,52,1900.193,987.461,0.5197,2,echonet_dynamic_no_long_axis_v1
0X47760ED572E13C7A,159,176,1658.285,1131.227,0.6822,2,echonet_dynamic_no_long_axis_v1
0X4776D370A544B906,115,141,745.641,392.218,0.526,2,echonet_dynamic_no_long_axis_v1
0X4779BE071DEE725B,44,58,480.811,302.615,0.6294,2,echonet_dynamic_no_long_axis_v1
0X477A5498A9228272,38,52,1793.071,1321.919,0.7372,2,echonet_dynamic_no_long_axis_v1
0X47827D50EA4F700C,46,66,1345.31,751.023,0.5583,2,echonet_dynamic_no_long_axis_v1
0X47847D0C76E816E7,70,86,2104.599,1194.494,0.5676,2,echonet_dynamic_no_long_axis_v1
0X4785E9CF6784D185,131,149,1361.704,866.382,0.6362,2,echonet_dynamic_no_long_axis_v1
0X47864FA3C28A0D7E,34,52,1769.685,1331.461,0.7524,2,echonet_dynamic_no_long_axis_v1
0X47902A34F32E05B8,47,65,1427.035,769.268,0.5391,2,echonet_dynamic_no_long_axis_v1
0X479254EA39F54EE8,36,55,766.042,372.08,0.4857,2,echonet_dynamic_no_long_axis_v1
0X4796B510866E9AF5,156,176,1200.546,691.53,0.576,2,echonet_dynamic_no_long_axis_v1
0X4797A8A850B26898,77,95,1427.652,840.561,0.5888,2,echonet_dynamic_no_long_axis_v1
0X47A36F58EC5766A0,38,55,550.137,290.034,0.5272,2,echonet_dynamic_no_long_axis_v1
0X47A97790F0C53CC4,90,104,416.724,218.228,0.5237,2,echonet_dynamic_no_long_axis_v1
0X47AB20C78E2DC818,5,18,2009.019,1445.489,0.7195,2,echonet_dynamic_no_long_axis_v1
0X47B3F561C23EFC83,74,90,1206.393,716.421,0.5939,2,echonet_dynamic_no_long_axis_v1
0X47B7FB9C26D31A01,155,167,1174.437,612.319,0.5214,2,echonet_dynamic_no_long_axis_v1
0X47B93384CF91E71E,75,94,943.367,507.243,0.5377,2,echonet_dynamic_no_long_axis_v1
0X47C11DD3EBCA4358,37,52,1607.364,1184.703,0.737,2,echonet_dynamic_no_long_axis_v1
0X47C3A2C6F7337211,124,140,1654.116,993.597,0.6007,2,echonet_dynamic_no_long_axis_v1
0X47C5BD5581B2636,125,143,1420.482,686.775,0.4835,2,echonet_dynamic_no_long_axis_v1
0X47C61AE147E6645B,1,18,1437.013,831.958,0.5789,2,echonet_dynamic_no_long_axis_v1
0X47C69408C25944D5,43,58,968.073,620.376,0.6408,2,echonet_dynamic_no_long_axis_v1
0X47D04CC0EEE7F1EC,38,52,1860.172,1122.249,0.6033,2,echonet_dynamic_no_long_axis_v1
0X47DBEA2F11240016,3,18,1122.055,671.155,0.5981,2,echonet_dynamic_no_long_axis_v1
0X47DE6565CC0A74F0,75,89,877.871,450.413,0.5131,2,echonet_dynamic_no_long_axis_v1
0X47E00F696D481DE7,86,102,1199.784,632.712,0.5274,2,echonet_dynamic_no_long_axis_v1
0X47E115F8D0A797EE,49,65,1610.717,783.081,0.4862,2,echonet_dynamic_no_long_axis_v1
0X47E5C10C8132FFB2,44,67,1137.464,680.804,0.5985,2,echonet_dynamic_no_long_axis_v1
0X47EDDE2F8004F754,0,8,1178.825,782.618,0.6639,2,echonet_dynamic_no_long_axis_v1
0X47F00D882D730416,36,52,1214.974,745.875,0.6139,2,echonet_dynamic_no_long_axis_v1
0X47F34619DCEFCDC9,99,116,1432.743,713.797,0.4982,2,echonet_dynamic_no_long_axis_v1
0X47FC02860FC36935,44,59,2747.769,1506.763,0.5484,2,echonet_dynamic_no_long_axis_v1
0X47FC0610DB80051A,150,163,1552.652,1093.771,0.7045,2,echonet_dynamic_no_long_axis_v1
0X47FC5FBFF53B0AD8,47,59,2331.756,1448.986,0.6214,2,echonet_dynamic_no_long_axis_v1
0X47FCF3189BE29C79,86,103,1183.702,652.056,0.5509,2,echonet_dynamic_no_long_axis_v1
0X480291080E3DD3EE,0,16,1345.488,755.647,0.5616,2,echonet_dynamic_no_long_axis_v1
0X4803F7D876C339CF,30,44,1379.619,725.626,0.526,2,echonet_dynamic_no_long_axis_v1
0X480A7B6D54009BF8,44,63,1136.14,618.599,0.5445,2,echonet_dynamic_no_long_axis_v1
0X480F3C8E8D43D621,133,148,1310.105,738.16,0.5634,2,echonet_dynamic_no_long_axis_v1
0X4812581D45B5FFC5,100,120,1246.554,677.949,0.5439,2,echonet_dynamic_no_long_axis_v1
0X4816823BCF1EDFC6,122,141,1420.961,824.012,0.5799,2,echonet_dynamic_no_long_axis_v1
0X4817AC0DD12566F8,51,68,1407.06,762.097,0.5416,2,echonet_dynamic_no_long_axis_v1
0X4817C5B6DA01BD03,84,99,1121.165,595.98,0.5316,2,echonet_dynamic_no_long_axis_v1
0X48182B4ADA3FFE0E,0,18,1935.702,1387.692,0.7169,2,echonet_dynamic_no_long_axis_v1
0X481CC400687B5EBF,77,93,1320.806,722.159,0.5468,2,echonet_dynamic_no_long_axis_v1
0X4821B047209D5A54,36,62,2229.945,1974.801,0.8856,2,echonet_dynamic_no_long_axis_v1
0X4827A66C595F8E76,145,164,1129.562,685.675,0.607,2,echonet_dynamic_no_long_axis_v1
0X482848939C63FAA8,67,87,1466.975,1168.395,0.7965,2,echonet_dynamic_no_long_axis_v1
0X482BB41895F1974D,31,49,817.392,493.549,0.6038,2,echonet_dynamic_no_long_axis_v1
0X482E380A512BB6E4,103,120,997.892,537.643,0.5388,2,echonet_dynamic_no_long_axis_v1
0X4834F567A2EAED1C,71,91,1777.63,1255.21,0.7061,2,echonet_dynamic_no_long_axis_v1
0X483BF2DFD6CDFD0A,45,57,2845.485,2526.426,0.8879,2,echonet_dynamic_no_long_axis_v1
0X483D8D5364D95CAF,57,78,1531.63,866.154,0.5655,2,echonet_dynamic_no_long_axis_v1
0X483DBCA3562BA53B,56,75,793.807,419.988,0.5291,2,echonet_dynamic_no_long_axis_v1
0X4840DCB7E1FD00F7,133,149,1408.436,751.138,0.5333,2,echonet_dynamic_no_long_axis_v1
0X48451904D8FEA4C6,83,96,1136.232,666.371,0.5865,2,echonet_dynamic_no_long_axis_v1
0X484A7AD1C7FCF417,45,59,1141.387,682.437,0.5979,2,echonet_dynamic_no_long_axis_v1
0X484B7E454D147B,61,82,1041.976,587.887,0.5642,2,echonet_dynamic_no_long_axis_v1
0X484D1623FDD8A749,64,77,1732.848,1493.403,0.8618,2,echonet_dynamic_no_long_axis_v1
0X484D532533D59798,44,64,1352.196,796.895,0.5893,2,echonet_dynamic_no_long_axis_v1
0X484F1CB40EAD34A9,53,68,1004.662,559.97,0.5574,2,echonet_dynamic_no_long_axis_v1
0X4851ABCA6F1C46AD,37,45,1380.179,830.604,0.6018,2,echonet_dynamic_no_long_axis_v1
0X4859CCA5F75542D1,129,153,896.43,515.585,0.5752,2,echonet_dynamic_no_long_axis_v1
0X485A11110AA338D0,92,108,1613.089,946.755,0.5869,2,echonet_dynamic_no_long_axis_v1
0X485CE172721DFD8,66,88,1601.504,853.258,0.5328,2,echonet_dynamic_no_long_axis_v1
0X4860838E68AACEB4,93,110,2037.583,1153.211,0.566,2,echonet_dynamic_no_long_axis_v1
0X4868DEBC55A12E1B,56,78,1310.294,746.729,0.5699,2,echonet_dynamic_no_long_axis_v1
0X4868F081436C4E7F,1,18,1030.817,580.441,0.5631,2,echonet_dynamic_no_long_axis_v1
0X486FA2FEA63A167A,37,55,1340.681,788.264,0.588,2,echonet_dynamic_no_long_axis_v1
0X48761851D94C1763,77,93,597.564,293.411,0.491,2,echonet_dynamic_no_long_axis_v1
0X487AD58712D5936A,121,135,1508.217,800.57,0.5308,2,echonet_dynamic_no_long_axis_v1
0X487B52623BC14C25,84,101,2527.232,1277.696,0.5056,2,echonet_dynamic_no_long_axis_v1
0X487BE41D13192D63,69,81,1616.944,1075.256,0.665,2,echonet_dynamic_no_long_axis_v1
0X487CC25D3120FE8D,58,73,2501.76,2045.346,0.8176,2,echonet_dynamic_no_long_axis_v1
0X487D527B99627548,110,122,1063.864,596.875,0.561,2,echonet_dynamic_no_long_axis_v1
0X488191DE8CF0E63B,54,71,1240.683,874.657,0.705,2,echonet_dynamic_no_long_axis_v1
0X48832D83C5EA9C32,67,83,2023.534,1455.922,0.7195,2,echonet_dynamic_no_long_axis_v1
0X4886855CBADF5BB3,40,57,1568.216,968.545,0.6176,2,echonet_dynamic_no_long_axis_v1
0X4887AAE8BCAC9286,50,65,2362.265,1328.841,0.5625,2,echonet_dynamic_no_long_axis_v1
0X4888320B67665CA8,32,45,1833.022,1001.617,0.5464,2,echonet_dynamic_no_long_axis_v1
0X48886D77793F5850,143,168,1082.577,583.724,0.5392,2,echonet_dynamic_no_long_axis_v1
0X48888B44E3758571,1,15,1701.94,823.982,0.4841,2,echonet_dynamic_no_long_axis_v1
0X4889B480C7F3DE83,49,61,1297.056,1224.95,0.9444,2,echonet_dynamic_no_long_axis_v1
0X488A8BD8F6A78FF8,93,105,1077.371,620.428,0.5759,2,echonet_dynamic_no_long_axis_v1
0X488A9E8C9FA6EB57,93,112,2647.597,1326.069,0.5009,2,echonet_dynamic_no_long_axis_v1
0X488B0786FF0F086A,276,292,2747.421,2428.389,0.8839,2,echonet_dynamic_no_long_axis_v1
0X488B410FB47B4A07,77,92,564.764,312.571,0.5535,2,echonet_dynamic_no_long_axis_v1
0X48905E6FBAB24E3E,45,64,1532.21,1148.139,0.7493,2,echonet_dynamic_no_long_axis_v1
0X489167E14B9C014A,36,49,1521.825,1259.425,0.8276,2,echonet_dynamic_no_long_axis_v1
0X4891812FCC8C95E2,40,54,1041.313,570.991,0.5483,2,echonet_dynamic_no_long_axis_v1
0X4892E16D5D95CD31,37,53,1396.75,736.841,0.5275,2,echonet_dynamic_no_long_axis_v1
0X489D45892048716E,66,86,2159.916,1354.141,0.6269,2,echonet_dynamic_no_long_axis_v1
0X489D6ED1143046F2,47,67,1489.82,789.218,0.5297,2,echonet_dynamic_no_long_axis_v1
0X48A48CC20E69F8E2,83,98,1333.603,747.476,0.5605,2,echonet_dynamic_no_long_axis_v1
0X48A4F255004328E7,95,107,645.285,376.871,0.584,2,echonet_dynamic_no_long_axis_v1
0X48A59BC77070770F,51,68,1558.833,907.231,0.582,2,echonet_dynamic_no_long_axis_v1
0X48AB3B6BB64769CF,32,51,2728.644,1464.678,0.5368,2,echonet_dynamic_no_long_axis_v1
0X48AEC7223D38243F,28,40,1856.031,1508.2,0.8126,2,echonet_dynamic_no_long_axis_v1
0X48B303AFA90A828C,50,71,858.798,464.073,0.5404,2,echonet_dynamic_no_long_axis_v1
0X48B308E0C21D4B85,0,16,1162.772,647.136,0.5565,2,echonet_dynamic_no_long_axis_v1
0X48B321DB37448DE9,122,141,1070.976,599.148,0.5594,2,echonet_dynamic_no_long_axis_v1
0X48B6FCFA36098E11,66,89,939.279,610.781,0.6503,2,echonet_dynamic_no_long_axis_v1
0X48BBF30A7546656A,27,54,1229.262,703.711,0.5725,2,echonet_dynamic_no_long_axis_v1
0X48BD9C2CC57340F5,46,61,1636.004,922.714,0.564,2,echonet_dynamic_no_long_axis_v1
0X48BFAB6CDE750792,40,55,1713.848,989.021,0.5771,2,echonet_dynamic_no_long_axis_v1
0X48C35748D6FE9BD,32,50,644.989,356.452,0.5526,2,echonet_dynamic_no_long_axis_v1
0X48C5E7FC78E0B3C3,73,90,3092.326,1706.1,0.5517,2,echonet_dynamic_no_long_axis_v1
0X48C692E19E840EB8,94,115,1293.992,684.362,0.5289,2,echonet_dynamic_no_long_axis_v1
0X48C706997F5917E1,97,112,1841.671,817.841,0.4441,2,echonet_dynamic_no_long_axis_v1
0X48CBBF7A0777B553,94,112,1542.739,951.659,0.6169,2,echonet_dynamic_no_long_axis_v1
0X48D0C45E9175BCE4,45,62,1199.072,600.944,0.5012,2,echonet_dynamic_no_long_axis_v1
0X48DFC126ECE35F6,80,96,745.415,370.999,0.4977,2,echonet_dynamic_no_long_axis_v1
0X48E089AA482624B6,35,44,1250.891,678.82,0.5427,2,echonet_dynamic_no_long_axis_v1
0X48E948163E52C138,132,144,1551.626,821.896,0.5297,2,echonet_dynamic_no_long_axis_v1
0X48E96C890A4B8718,106,137,2185.021,1507.13,0.6898,2,echonet_dynamic_no_long_axis_v1
0X48ECC3432A84187D,57,70,1284.034,792.849,0.6175,2,echonet_dynamic_no_long_axis_v1
0X48EE9F14AAE3EE3F,108,124,1046.816,531.759,0.508,2,echonet_dynamic_no_long_axis_v1
0X48EF4B8D2F830E37,81,100,813.324,495.934,0.6098,2,echonet_dynamic_no_long_axis_v1
0X48EF57DA13FC7FB,2,18,1391.798,779.267,0.5599,2,echonet_dynamic_no_long_axis_v1
0X48F44CF772604CB1,60,74,1231.413,700.325,0.5687,2,echonet_dynamic_no_long_axis_v1
0X48F785ADBEE3A124,57,73,1652.914,1225.648,0.7415,2,echonet_dynamic_no_long_axis_v1
0X48FB28BF9BD812DE,54,69,1019.447,600.483,0.589,2,echonet_dynamic_no_long_axis_v1
0X48FDAE89721A2522,45,63,1285.603,846.784,0.6587,2,echonet_dynamic_no_long_axis_v1
0X48FEAA4071907A5F,59,78,2022.207,1629.202,0.8057,2,echonet_dynamic_no_long_axis_v1
0X490155F11EF9C102,140,155,1286.394,1106.132,0.8599,2,echonet_dynamic_no_long_axis_v1
0X490212526E6630EF,3,16,929.861,525.86,0.5655,2,echonet_dynamic_no_long_axis_v1
0X49055E259A033164,43,64,1496.729,882.317,0.5895,2,echonet_dynamic_no_long_axis_v1
0X490D0EA790DF7EE,61,75,1288.562,763.334,0.5924,2,echonet_dynamic_no_long_axis_v1
0X490FC9C6C17960BD,49,69,1433.838,815.284,0.5686,2,echonet_dynamic_no_long_axis_v1
0X49110DEED5E41E90,39,55,1917.782,1128.993,0.5887,2,echonet_dynamic_no_long_axis_v1
0X491140370364F803,55,64,1387.79,732.132,0.5276,2,echonet_dynamic_no_long_axis_v1
0X491631C533031846,52,69,1320.712,798.614,0.6047,2,echonet_dynamic_no_long_axis_v1
0X4917A8741F962DC4,48,68,1501.691,955.541,0.6363,2,echonet_dynamic_no_long_axis_v1
0X4918DDB4B3AE8FC7,50,68,2279.799,1602.331,0.7028,2,echonet_dynamic_no_long_axis_v1
0X49215CF6782C83B3,38,55,2200.739,1336.885,0.6075,2,echonet_dynamic_no_long_axis_v1
0X49219BA9202C833A,60,76,1468.811,791.382,0.5388,2,echonet_dynamic_no_long_axis_v1
0X4922C566511C69B,59,79,1160.475,651.667,0.5616,2,echonet_dynamic_no_long_axis_v1
0X49258D5237927836,36,46,1326.034,678.468,0.5117,2,echonet_dynamic_no_long_axis_v1
0X492686F58624C49,93,110,1275.107,678.675,0.5322,2,echonet_dynamic_no_long_axis_v1
0X492B188B388D9C73,43,55,859.705,457.197,0.5318,2,echonet_dynamic_no_long_axis_v1
0X492F0DE600BCCCF6,37,54,1772.167,1253.807,0.7075,2,echonet_dynamic_no_long_axis_v1
0X49326C4925025FBA,43,58,1276.628,871.343,0.6825,2,echonet_dynamic_no_long_axis_v1
0X4932FA4F98E5A311,0,22,1322.704,786.282,0.5945,2,echonet_dynamic_no_long_axis_v1
0X4937270C8599D8E3,114,132,1418.377,747.018,0.5267,2,echonet_dynamic_no_long_axis_v1
0X493771B14EDCFD4E,54,72,1489.276,818.425,0.5495,2,echonet_dynamic_no_long_axis_v1
0X4937A3E14F356EA8,158,175,1414.328,791.73,0.5598,2,echonet_dynamic_no_long_axis_v1
0X4937EFDC69F9E448,72,87,1341.873,716.197,0.5337,2,echonet_dynamic_no_long_axis_v1
0X49390CABDE34F630,59,81,2123.183,1179.593,0.5556,2,echonet_dynamic_no_long_axis_v1
0X493E34208D40DBB5,91,101,874.678,646.235,0.7388,2,echonet_dynamic_no_long_axis_v1
0X493FECF89E87F1D0,55,75,984.467,575.796,0.5849,2,echonet_dynamic_no_long_axis_v1
0X4941EC81FA24A165,50,64,1064.151,488.001,0.4586,2,echonet_dynamic_no_long_axis_v1
0X49422B590F116D76,31,42,883.603,578.61,0.6548,2,echonet_dynamic_no_long_axis_v1
0X49469A3E124DF90E,41,64,1186.473,824.746,0.6951,2,echonet_dynamic_no_long_axis_v1
0X49493213513922AB,89,102,1157.802,650.76,0.5621,2,echonet_dynamic_no_long_axis_v1
0X49494A45C6E49E0A,0,18,2302.143,1206.216,0.524,2,echonet_dynamic_no_long_axis_v1
0X49551699F203E3F,96,113,1204.411,571.959,0.4749,2,echonet_dynamic_no_long_axis_v1
0X495E462D0A659507,55,74,1069.92,569.046,0.5319,2,echonet_dynamic_no_long_axis_v1
0X496081D42911B9B3,57,72,1305.418,1011.557,0.7749,2,echonet_dynamic_no_long_axis_v1
0X4961E7D210D25ED8,2,15,926.275,458.943,0.4955,2,echonet_dynamic_no_long_axis_v1
0X49620F7B3E4CA28A,61,65,585.309,570.788,0.9752,2,echonet_dynamic_no_long_axis_v1
0X49644314B8335790,52,70,2231.972,1674.443,0.7502,2,echonet_dynamic_no_long_axis_v1
0X49678CDE9243313E,79,93,1327.209,875.496,0.6597,2,echonet_dynamic_no_long_axis_v1
0X496A6570C645044C,44,63,1477.152,807.286,0.5465,2,echonet_dynamic_no_long_axis_v1
0X496C4F738B83C8FB,48,58,1056.468,599.369,0.5673,2,echonet_dynamic_no_long_axis_v1
0X4970B5821D88BFCC,75,89,623.853,308.587,0.4946,2,echonet_dynamic_no_long_axis_v1
0X4975C1A2007A07F5,45,63,1257.779,782.316,0.622,2,echonet_dynamic_no_long_axis_v1
0X4977ADFA42FCC6F2,82,102,1963.267,1231.132,0.6271,2,echonet_dynamic_no_long_axis_v1
0X4979A9E814D3706E,49,64,1101.985,624.682,0.5669,2,echonet_dynamic_no_long_axis_v1
0X497E354B515F4FE,100,110,588.353,472.267,0.8027,2,echonet_dynamic_no_long_axis_v1
0X497E9DBC82C3D62C,50,65,851.184,458.937,0.5392,2,echonet_dynamic_no_long_axis_v1
0X49801A85ABE0FDEE,40,66,2010.352,1589.267,0.7905,2,echonet_dynamic_no_long_axis_v1
0X4980924D1EFF7026,80,90,1062.424,596.997,0.5619,2,echonet_dynamic_no_long_axis_v1
0X4981E927C1497B77,47,65,1770.297,917.159,0.5181,2,echonet_dynamic_no_long_axis_v1
0X4984EEE2795FCC18,71,85,2503.521,1646.721,0.6578,2,echonet_dynamic_no_long_axis_v1
0X49852F59C8BEB29B,62,78,1159.513,862.922,0.7442,2,echonet_dynamic_no_long_axis_v1
0X498E73266178CB27,74,94,1502.495,838.04,0.5578,2,echonet_dynamic_no_long_axis_v1
0X498F356AD182EFAA,59,75,1169.162,636.322,0.5443,2,echonet_dynamic_no_long_axis_v1
0X499747D399335BDA,92,110,1074.065,597.719,0.5565,2,echonet_dynamic_no_long_axis_v1
0X499BA59C531FFB3D,42,58,1235.381,686.227,0.5555,2,echonet_dynamic_no_long_axis_v1
0X499DF9F90F827205,48,69,2173.932,1058.136,0.4867,2,echonet_dynamic_no_long_axis_v1
0X49A0A8D281B8EA27,46,61,1129.317,694.949,0.6154,2,echonet_dynamic_no_long_axis_v1
0X49A2D5E5E1DAB5D0,42,50,2435.72,1370.979,0.5629,2,echonet_dynamic_no_long_axis_v1
0X49AA5AE78CD7E71F,40,50,1060.53,788.72,0.7437,2,echonet_dynamic_no_long_axis_v1
0X49ACC5C1965C1584,77,93,2537.826,1370.483,0.54,2,echonet_dynamic_no_long_axis_v1
0X49B0D943B9388FB6,45,62,2372.084,1644.325,0.6932,2,echonet_dynamic_no_long_axis_v1
0X49B360CA6BB04B97,78,94,1360.984,778.968,0.5724,2,echonet_dynamic_no_long_axis_v1
0X49B7A10D057F78CC,42,57,1153.909,546.684,0.4738,2,echonet_dynamic_no_long_axis_v1
0X49B7DDE85ED0816F,2,15,1429.826,874.173,0.6114,2,echonet_dynamic_no_long_axis_v1
0X49BA35AEA9408653,31,50,1438.616,1220.925,0.8487,2,echonet_dynamic_no_long_axis_v1
0X49BD5FBFC1A1E10A,66,82,1098.636,868.988,0.791,2,echonet_dynamic_no_long_axis_v1
0X49BDFC05CEC434,77,90,1206.032,652.363,0.5409,2,echonet_dynamic_no_long_axis_v1
0X49BE2A3124C97300,36,49,759.249,466.407,0.6143,2,echonet_dynamic_no_long_axis_v1
0X49BF970124381C81,1,21,1955.311,1056.596,0.5404,2,echonet_dynamic_no_long_axis_v1
0X49C36B1EE9B8899C,43,64,2006.796,1707.033,0.8506,2,echonet_dynamic_no_long_axis_v1
0X49C3F8C98AD65DEF,124,138,1218.669,612.397,0.5025,2,echonet_dynamic_no_long_axis_v1
0X49C47E44816223A9,74,88,1055.898,616.094,0.5835,2,echonet_dynamic_no_long_axis_v1
0X49C62C647514D46A,50,63,1548.666,1065.265,0.6879,2,echonet_dynamic_no_long_axis_v1
0X49C65367B00E4D2A,105,122,1350.886,677.413,0.5015,2,echonet_dynamic_no_long_axis_v1
0X49C74443F2369C33,36,50,1162.476,700.702,0.6028,2,echonet_dynamic_no_long_axis_v1
0X49CAA8810D3D80CD,52,69,3233.96,2755.98,0.8522,2,echonet_dynamic_no_long_axis_v1
0X49CE160322B691A7,81,98,1031.893,565.194,0.5477,2,echonet_dynamic_no_long_axis_v1
0X49CEF0778309C672,117,136,1127.355,570.84,0.5064,2,echonet_dynamic_no_long_axis_v1
0X49D808E62B917785,112,134,1332.987,861.6,0.6464,2,echonet_dynamic_no_long_axis_v1
0X49DBF6C7D320DBB9,94,120,987.347,535.243,0.5421,2,echonet_dynamic_no_long_axis_v1
0X49E1293560BCBC12,3,23,2496.031,1423.839,0.5704,2,echonet_dynamic_no_long_axis_v1
0X49E22F656F26A6EB,48,62,1405.193,758.585,0.5398,2,echonet_dynamic_no_long_axis_v1
0X49EC1927F5747B19,107,110,1114.166,915.784,0.8219,2,echonet_dynamic_no_long_axis_v1
0X49EC1EFA6775E370,66,79,1118.21,709.141,0.6342,2,echonet_dynamic_no_long_axis_v1
0X49EC98DBE77F6C94,116,134,1716.827,993.756,0.5788,2,echonet_dynamic_no_long_axis_v1
0X49EDDBE4F26EB4E9,128,71,704.597,304.666,0.4324,2,echonet_dynamic_no_long_axis_v1
0X49F240B6D6F355F,30,43,809.693,603.154,0.7449,2,echonet_dynamic_no_long_axis_v1
0X49F9930439F79E9A,55,82,1379.292,997.658,0.7233,2,echonet_dynamic_no_long_axis_v1
0X49FD1A0005AA0D07,148,177,1789.657,882.788,0.4933,2,echonet_dynamic_no_long_axis_v1
0X4A02A8CE52565FB9,43,56,602.668,356.733,0.5919,2,echonet_dynamic_no_long_axis_v1
0X4A063C378FE634E1,128,145,996.471,556.621,0.5586,2,echonet_dynamic_no_long_axis_v1
0X4A0B8B249A18FC1C,68,88,1823.338,1107.409,0.6074,2,echonet_dynamic_no_long_axis_v1
0X4A0C7C0FE8253F6E,120,141,1452.392,943.02,0.6493,2,echonet_dynamic_no_long_axis_v1
0X4A0CD8CE170B824A,34,52,860.6,729.497,0.8477,2,echonet_dynamic_no_long_axis_v1
0X4A0E87C1BB42B16D,90,108,1557.437,995.563,0.6392,2,echonet_dynamic_no_long_axis_v1
0X4A0E967B4D0C7A71,57,70,1540.474,845.522,0.5489,2,echonet_dynamic_no_long_axis_v1
0X4A11C148E80CABDE,32,52,459.984,249.715,0.5429,2,echonet_dynamic_no_long_axis_v1
0X4A120EA254F8C48B,131,145,1654.895,808.259,0.4884,2,echonet_dynamic_no_long_axis_v1
0X4A121E9371A35313,55,67,1425.409,1042.386,0.7313,2,echonet_dynamic_no_long_axis_v1
0X4A134402A0DA7805,73,89,932.378,617.671,0.6625,2,echonet_dynamic_no_long_axis_v1
0X4A18018C9EB31709,48,64,1063.899,737.948,0.6936,2,echonet_dynamic_no_long_axis_v1
0X4A1A9413B0697A3D,129,149,1559.256,674.854,0.4328,2,echonet_dynamic_no_long_axis_v1
0X4A1E66BA1F5A32CB,54,67,2231.472,1700.992,0.7623,2,echonet_dynamic_no_long_axis_v1
0X4A2A840A571C7468,83,99,1420.445,835.987,0.5885,2,echonet_dynamic_no_long_axis_v1
0X4A2C2049EAB5E378,1,19,1488.185,867.363,0.5828,2,echonet_dynamic_no_long_axis_v1
0X4A2D1333CC39F29B,120,135,2452.017,1323.602,0.5398,2,echonet_dynamic_no_long_axis_v1
0X4A31252226254DF,40,51,1593.045,882.734,0.5541,2,echonet_dynamic_no_long_axis_v1
0X4A317939C584CC0D,57,72,1192.524,676.872,0.5676,2,echonet_dynamic_no_long_axis_v1
0X4A3198A53976E7B3,33,48,1230.904,784.669,0.6375,2,echonet_dynamic_no_long_axis_v1
0X4A33F1C96141477,51,69,1258.215,722.586,0.5743,2,echonet_dynamic_no_long_axis_v1
0X4A35EEBF2751AE5C,52,70,1202.203,655.375,0.5451,2,echonet_dynamic_no_long_axis_v1
0X4A3623EE62D009F0,57,75,1181.649,651.41,0.5513,2,echonet_dynamic_no_long_axis_v1
0X4A3A43D8373D9CB2,85,102,1339.382,1046.875,0.7816,2,echonet_dynamic_no_long_axis_v1
0X4A4190933DB9D3F2,47,65,1228.461,780.835,0.6356,2,echonet_dynamic_no_long_axis_v1
0X4A423F4A126B0CC0,81,97,861.31,559.864,0.65,2,echonet_dynamic_no_long_axis_v1
0X4A497C867371D86,154,170,1139.712,650.298,0.5706,2,echonet_dynamic_no_long_axis_v1
0X4A49AE73D48ED549,2,17,1537.87,1153.637,0.7502,2,echonet_dynamic_no_long_axis_v1
0X4A4BAD2CF6E771EF,101,114,1610.473,844.731,0.5245,2,echonet_dynamic_no_long_axis_v1
0X4A4F385A385C35E8,65,78,1376.845,822.879,0.5977,2,echonet_dynamic_no_long_axis_v1
0X4A50992FC6CE05CB,149,167,1423.039,690.888,0.4855,2,echonet_dynamic_no_long_axis_v1
0X4A51D81E85B39997,0,14,1878.201,1486.448,0.7914,2,echonet_dynamic_no_long_axis_v1
0X4A59A40F68222623,44,58,1390.63,803.629,0.5779,2,echonet_dynamic_no_long_axis_v1
0X4A59BE63FB51A4C4,48,65,1263.939,864.928,0.6843,2,echonet_dynamic_no_long_axis_v1
0X4A5B9DD5E6B03105,70,90,2444.686,1308.683,0.5353,2,echonet_dynamic_no_long_axis_v1
0X4A5C8A696DE2C287,123,137,1826.359,1006.792,0.5513,2,echonet_dynamic_no_long_axis_v1
0X4A6184500426A482,113,135,1365.65,798.919,0.585,2,echonet_dynamic_no_long_axis_v1
0X4A6300E2E21BB965,42,58,1799.852,1010.273,0.5613,2,echonet_dynamic_no_long_axis_v1
0X4A6673C3B23FE5D4,64,82,1296.001,718.187,0.5542,2,echonet_dynamic_no_long_axis_v1
0X4A66A42C88E9C43E,132,155,1607.408,840.862,0.5231,2,echonet_dynamic_no_long_axis_v1
0X4A67C7061D12E437,121,139,956.23,776.609,0.8122,2,echonet_dynamic_no_long_axis_v1
0X4A6B1963809D914F,0,15,1282.622,554.272,0.4321,2,echonet_dynamic_no_long_axis_v1
0X4A6B7B77F43D03BF,42,59,833.331,651.564,0.7819,2,echonet_dynamic_no_long_axis_v1
0X4A74EC6C63124A3D,83,102,1092.78,617.33,0.5649,2,echonet_dynamic_no_long_axis_v1
0X4A792B82556BDA0A,50,69,1012.471,521.821,0.5154,2,echonet_dynamic_no_long_axis_v1
0X4A79886D8A617331,47,65,1825.767,921.449,0.5047,2,echonet_dynamic_no_long_axis_v1
0X4A7A08B4859C2466,85,108,1535.209,1281.52,0.8348,2,echonet_dynamic_no_long_axis_v1
0X4A7A4FAAE293863A,49,62,701.934,394.922,0.5626,2,echonet_dynamic_no_long_axis_v1
0X4A82F51E7B0BD0B3,55,70,1525.81,815.411,0.5344,2,echonet_dynamic_no_long_axis_v1
0X4A86772242CB975,30,43,1061.074,921.505,0.8685,2,echonet_dynamic_no_long_axis_v1
0X4A86B3D9A1460493,53,72,1057.18,553.964,0.524,2,echonet_dynamic_no_long_axis_v1
0X4A8AD1EA88C671DE,92,78,1305.313,844.397,0.6469,2,echonet_dynamic_no_long_axis_v1
0X4A8BD43F7D5D5A1D,37,51,813.536,418.228,0.5141,2,echonet_dynamic_no_long_axis_v1
0X4A8E2CDD51954420,50,74,3712.324,3170.902,0.8542,2,echonet_dynamic_no_long_axis_v1
0X4A8E3E2FB03F2A52,87,103,1322.147,707.061,0.5348,2,echonet_dynamic_no_long_axis_v1
0X4A90CC99C48AC524,58,68,785.117,488.145,0.6217,2,echonet_dynamic_no_long_axis_v1
0X4A922ED4E6FD062E,106,128,1243.592,649.563,0.5223,2,echonet_dynamic_no_long_axis_v1
0X4A94E80ECE238D5D,32,43,1339.528,713.194,0.5324,2,echonet_dynamic_no_long_axis_v1
0X4AAB5FF288E161A4,89,112,1987.271,1125.63,0.5664,2,echonet_dynamic_no_long_axis_v1
0X4AAB72A545D59B3C,220,235,948.925,503.71,0.5308,2,echonet_dynamic_no_long_axis_v1
0X4AAE1006E3BED4E3,39,52,1713.916,998.588,0.5826,2,echonet_dynamic_no_long_axis_v1
0X4AB5A5C9DDFB0619,95,115,1457.748,746.228,0.5119,2,echonet_dynamic_no_long_axis_v1
0X4AB6898CED6FCBF7,38,54,1009.955,530.209,0.525,2,echonet_dynamic_no_long_axis_v1
0X4AB89A6D9C9B4EAC,50,65,1937.659,1613.325,0.8326,2,echonet_dynamic_no_long_axis_v1
0X4AB98BB972E5ACEB,89,107,1088.934,559.403,0.5137,2,echonet_dynamic_no_long_axis_v1
0X4ABB170F5E95C0A0,42,52,998.181,541.029,0.542,2,echonet_dynamic_no_long_axis_v1
0X4ABC1176D3D625B4,43,62,1489.69,842.777,0.5657,2,echonet_dynamic_no_long_axis_v1
0X4AC474B089EFC824,93,110,1288.017,734.538,0.5703,2,echonet_dynamic_no_long_axis_v1
0X4AC8A1036351CD7A,100,119,1452.218,959.398,0.6606,2,echonet_dynamic_no_long_axis_v1
0X4ACCB4F9F816D5E9,4,22,756.033,510.279,0.6749,2,echonet_dynamic_no_long_axis_v1
0X4AD47C3103D9FD6D,55,75,4430.942,2304.554,0.5201,2,echonet_dynamic_no_long_axis_v1
0X4AD48990409BEA7F,49,68,882.032,465.405,0.5277,2,echonet_dynamic_no_long_axis_v1
0X4AD5767864F972AF,43,59,1674.067,973.476,0.5815,2,echonet_dynamic_no_long_axis_v1
0X4AE10D9EF94811BA,2,17,1387.813,1107.346,0.7979,2,echonet_dynamic_no_long_axis_v1
0X4AE13510C2FEE40E,39,50,572.611,432.346,0.755,2,echonet_dynamic_no_long_axis_v1
0X4AE44D9414344C78,37,55,1090.626,643.733,0.5902,2,echonet_dynamic_no_long_axis_v1
0X4AE4981D62FD4A2F,104,126,997.357,545.875,0.5473,2,echonet_dynamic_no_long_axis_v1
0X4AE79DABBD8D1F6D,49,66,1193.587,707.11,0.5924,2,echonet_dynamic_no_long_axis_v1
0X4AE815B9D7942730,64,80,661.12,465.32,0.7038,2,echonet_dynamic_no_long_axis_v1
0X4AE85C73AA12C02F,99,118,2387.377,2065.153,0.865,2,echonet_dynamic_no_long_axis_v1
0X4AEB420BC16F865B,40,53,865.146,473.105,0.5469,2,echonet_dynamic_no_long_axis_v1
0X4AF0B1C1E9B8A1A1,89,105,996.223,622.864,0.6252,2,echonet_dynamic_no_long_axis_v1
0X4AF13F1F6DDCD882,75,90,693.61,413.518,0.5962,2,echonet_dynamic_no_long_axis_v1
0X4AF15C56DD02C3C0,119,139,1198.929,864.968,0.7215,2,echonet_dynamic_no_long_axis_v1
0X4AFA0E75120A4E8D,29,41,1798.605,1078.355,0.5996,2,echonet_dynamic_no_long_axis_v1
0X4AFA30A014892014,89,102,879.405,569.231,0.6473,2,echonet_dynamic_no_long_axis_v1
0X4AFFD0B23897952C,56,75,1429.537,714.919,0.5001,2,echonet_dynamic_no_long_axis_v1
0X4B071CB75AAF67A7,1,20,1993.672,1268.915,0.6365,2,echonet_dynamic_no_long_axis_v1
0X4B07B1AA398DDD94,52,69,1213.335,673.592,0.5552,2,echonet_dynamic_no_long_axis_v1
0X4B082E613A87C172,79,96,1514.683,882.924,0.5829,2,echonet_dynamic_no_long_axis_v1
0X4B09D05622E61B48,34,44,568.574,373.765,0.6574,2,echonet_dynamic_no_long_axis_v1
0X4B0A82F5ED5679DA,47,66,1167.831,660.156,0.5653,2,echonet_dynamic_no_long_axis_v1
0X4B0FE3095BD77020,40,52,618.057,342.5,0.5542,2,echonet_dynamic_no_long_axis_v1
0X4B11E88B93EDBFDC,72,90,765.166,359.381,0.4697,2,echonet_dynamic_no_long_axis_v1
0X4B122FA0EEEDA898,1,19,1523.845,905.262,0.5941,2,echonet_dynamic_no_long_axis_v1
0X4B1424E2649E16B1,60,68,2226.397,1304.253,0.5858,2,echonet_dynamic_no_long_axis_v1
0X4B166078B705F934,71,90,1709.319,993.929,0.5815,2,echonet_dynamic_no_long_axis_v1
0X4B19A8E80BA019E9,99,121,1391.115,754.078,0.5421,2,echonet_dynamic_no_long_axis_v1
0X4B1A9E16A188C018,120,145,1243.705,748.333,0.6017,2,echonet_dynamic_no_long_axis_v1
0X4B1E3D75434F6785,75,91,1081.941,602.437,0.5568,2,echonet_dynamic_no_long_axis_v1
0X4B1EC0E5119B249C,49,68,1330.738,899.878,0.6762,2,echonet_dynamic_no_long_axis_v1
0X4B21BE4FEAF4ABC1,128,146,3145.088,2157.093,0.6859,2,echonet_dynamic_no_long_axis_v1
0X4B2656CCE4C71467,99,116,1491.356,840.631,0.5637,2,echonet_dynamic_no_long_axis_v1
0X4B2690203CB2F7BB,48,65,1042.548,571.218,0.5479,2,echonet_dynamic_no_long_axis_v1
0X4B26F81BD69BD461,118,137,1279.031,687.236,0.5373,2,echonet_dynamic_no_long_axis_v1
0X4B29EC30C3786EBC,56,74,2867.948,1349.192,0.4704,2,echonet_dynamic_no_long_axis_v1
0X4B2E0364719FD6A9,116,136,1528.18,876.181,0.5733,2,echonet_dynamic_no_long_axis_v1
0X4B2FC6E0DEDCA073,93,111,1787.635,1153.233,0.6451,2,echonet_dynamic_no_long_axis_v1
0X4B39E73ABDB57B68,67,82,1077.154,556.057,0.5162,2,echonet_dynamic_no_long_axis_v1
0X4B3A70F6BD40224B,112,54,1159.677,889.692,0.7672,2,echonet_dynamic_no_long_axis_v1
0X4B40434A5615B2BA,108,126,1655.487,908.505,0.5488,2,echonet_dynamic_no_long_axis_v1
0X4B41FE94F65ED4FC,66,82,1726.142,1012.075,0.5863,2,echonet_dynamic_no_long_axis_v1
0X4B47B78A1356F3A8,2,18,1795.489,1077.52,0.6001,2,echonet_dynamic_no_long_axis_v1
0X4B4A468566EB1E0E,5,14,3100.528,2565.853,0.8276,2,echonet_dynamic_no_long_axis_v1
0X4B5151BFF0CF1234,46,62,864.51,508.605,0.5883,2,echonet_dynamic_no_long_axis_v1
0X4B525C2573A90917,3,16,1051.094,741.424,0.7054,2,echonet_dynamic_no_long_axis_v1
0X4B5599EB2B1B6383,104,125,2649.817,1314.002,0.4959,2,echonet_dynamic_no_long_axis_v1
0X4B565D14EC8C7DB6,112,150,2080.712,1151.255,0.5533,2,echonet_dynamic_no_long_axis_v1
0X4B584BB69E09EAD1,75,90,2094.72,1866.783,0.8912,2,echonet_dynamic_no_long_axis_v1
0X4B58EABEDE38896B,29,45,1785.708,1571.226,0.8799,2,echonet_dynamic_no_long_axis_v1
0X4B59AFFC9928548B,46,67,1432.246,729.786,0.5095,2,echonet_dynamic_no_long_axis_v1
0X4B5BEC383832FB9F,55,73,1656.814,975.805,0.589,2,echonet_dynamic_no_long_axis_v1
0X4B5F467657C70230,71,88,1509.52,798.686,0.5291,2,echonet_dynamic_no_long_axis_v1
0X4B64537E074E1D57,50,70,1576.828,1063.144,0.6742,2,echonet_dynamic_no_long_axis_v1
0X4B64ED4B0848592,53,70,991.95,573.035,0.5777,2,echonet_dynamic_no_long_axis_v1
0X4B68039EFC700669,92,104,1049.491,701.369,0.6683,2,echonet_dynamic_no_long_axis_v1
0X4B698168EA103F9,42,59,2645.025,1590.474,0.6013,2,echonet_dynamic_no_long_axis_v1
0X4B79F74D02C77B91,81,93,1548.596,872.923,0.5637,2,echonet_dynamic_no_long_axis_v1
0X4B7C480E6B6C5F4C,55,75,1622.67,1335.208,0.8228,2,echonet_dynamic_no_long_axis_v1
0X4B7D5DF79FE55378,69,85,1800.824,1256.802,0.6979,2,echonet_dynamic_no_long_axis_v1
0X4B847FE977316E0,71,95,1429.691,858.269,0.6003,2,echonet_dynamic_no_long_axis_v1
0X4B87A05615A53E5F,65,79,1138.481,654.725,0.5751,2,echonet_dynamic_no_long_axis_v1
0X4B89B49E15E14D26,37,59,1244.568,1043.008,0.838,2,echonet_dynamic_no_long_axis_v1
0X4B8CD0B98CEB8EAB,184,214,1722.762,949.531,0.5512,2,echonet_dynamic_no_long_axis_v1
0X4B95C69A063EB22D,105,124,1585.097,961.631,0.6067,2,echonet_dynamic_no_long_axis_v1
0X4B9C09C64E8081E1,45,77,1436.866,1205.628,0.8391,2,echonet_dynamic_no_long_axis_v1
0X4BA70A790EF786BE,126,145,1754.322,1047.533,0.5971,2,echonet_dynamic_no_long_axis_v1
0X4BA8D894A4CAC20A,106,123,824.904,476.82,0.578,2,echonet_dynamic_no_long_axis_v1
0X4BA9D17E8AB2AF4E,43,59,1252.537,630.085,0.503,2,echonet_dynamic_no_long_axis_v1
0X4BAA83546BB9380D,58,74,1348.697,679.793,0.504,2,echonet_dynamic_no_long_axis_v1
0X4BB050017DDF609,36,47,1472.895,933.969,0.6341,2,echonet_dynamic_no_long_axis_v1
0X4BB3993C8A5A8977,78,100,2148.535,1606.371,0.7477,2,echonet_dynamic_no_long_axis_v1
0X4BB8DC3E68BEB02F,42,60,1256.162,908.909,0.7236,2,echonet_dynamic_no_long_axis_v1
0X4BBA9C8FB485C9AB,71,0,529.952,512.312,0.9667,2,echonet_dynamic_no_long_axis_v1
0X4BC28F2815304567,93,106,821.321,447.364,0.5447,2,echonet_dynamic_no_long_axis_v1
0X4BC813EAB8928F95,73,84,684.837,454.246,0.6633,2,echonet_dynamic_no_long_axis_v1
0X4BCA2D411679E784,40,51,1136.667,523.264,0.4603,2,echonet_dynamic_no_long_axis_v1
0X4BCC5BA7C5470944,58,73,1507.012,776.8,0.5155,2,echonet_dynamic_no_long_axis_v1
0X4BDB73AF3B7D95B0,29,41,1146.81,702.965,0.613,2,echonet_dynamic_no_long_axis_v1
0X4BDC800A2389AD0C,0,11,1554.478,939.969,0.6047,2,echonet_dynamic_no_long_axis_v1
0X4BE3ED1D238EEAB9,37,54,1121.464,941.063,0.8391,2,echonet_dynamic_no_long_axis_v1
0X4BE905008004907A,38,49,834.305,476.447,0.5711,2,echonet_dynamic_no_long_axis_v1
0X4BF0DB86A9010424,42,60,1908.249,1477.364,0.7742,2,echonet_dynamic_no_long_axis_v1
0X4BF119F934981194,146,161,1134.472,673.357,0.5935,2,echonet_dynamic_no_long_axis_v1
0X4BF33294A3CAE042,163,181,1945.367,1115.632,0.5735,2,echonet_dynamic_no_long_axis_v1
0X4BF3DE30B4F6B86,89,109,2252.141,1340.903,0.5954,2,echonet_dynamic_no_long_axis_v1
0X4BF459CB177B8BE1,54,71,1416.447,747.291,0.5276,2,echonet_dynamic_no_long_axis_v1
0X4BF559BFA7DAD2E0,99,115,2344.156,1182.396,0.5044,2,echonet_dynamic_no_long_axis_v1
0X4BF6DA4F93352E9F,40,59,1348.825,713.659,0.5291,2,echonet_dynamic_no_long_axis_v1
0X4BFB0BF04447A0DD,58,83,1763.782,1110.717,0.6297,2,echonet_dynamic_no_long_axis_v1
0X4BFC06E24046BAC2,133,149,1618.33,927.004,0.5728,2,echonet_dynamic_no_long_axis_v1
0X4BFD23141A6091C5,0,14,433.137,288.631,0.6664,2,echonet_dynamic_no_long_axis_v1
0X4BFD28E76C66C41C,71,93,1747.384,1119.142,0.6405,2,echonet_dynamic_no_long_axis_v1
0X4BFDE46ED7B401A1,43,57,1817.637,992.94,0.5463,2,echonet_dynamic_no_long_axis_v1
0X4BFE78C4BEC7AA93,168,192,2091.049,1287.399,0.6157,2,echonet_dynamic_no_long_axis_v1
0X4BFFC22FACA59CF4,61,77,1347.87,1007.843,0.7477,2,echonet_dynamic_no_long_axis_v1
0X4C017259B103AAEE,98,113,1137.993,580.979,0.5105,2,echonet_dynamic_no_long_axis_v1
0X4C02937ED93C6C82,79,105,791.901,438.365,0.5536,2,echonet_dynamic_no_long_axis_v1
0X4C03123EFAA5067B,107,126,1447.691,557.122,0.3848,2,echonet_dynamic_no_long_axis_v1
0X4C03A878AB261E5,84,101,758.896,410.128,0.5404,2,echonet_dynamic_no_long_axis_v1
0X4C0A0D74EBABE209,75,89,1449.042,732.238,0.5053,2,echonet_dynamic_no_long_axis_v1
0X4C10037D22ABEC73,39,49,841.468,474.139,0.5635,2,echonet_dynamic_no_long_axis_v1
0X4C1361334313836F,64,82,2769.323,1646.335,0.5945,2,echonet_dynamic_no_long_axis_v1
0X4C1780A7FE432F57,47,60,1165.585,945.205,0.8109,2,echonet_dynamic_no_long_axis_v1
0X4C1851D41B1A615A,27,39,1396.002,1022.716,0.7326,2,echonet_dynamic_no_long_axis_v1
0X4C2335075A96DD85,54,72,1818.74,906.516,0.4984,2,echonet_dynamic_no_long_axis_v1
0X4C237A567F5002FC,3,20,1305.063,714.208,0.5473,2,echonet_dynamic_no_long_axis_v1
0X4C26D3921A0BB05C,55,69,1318.931,670.044,0.508,2,echonet_dynamic_no_long_axis_v1
0X4C28BDBE546E6B12,143,160,1406.971,1060.962,0.7541,2,echonet_dynamic_no_long_axis_v1
0X4C340319107C4943,83,101,1451.269,739.893,0.5098,2,echonet_dynamic_no_long_axis_v1
0X4C371F553F658F4A,55,76,855.705,530.483,0.6199,2,echonet_dynamic_no_long_axis_v1
0X4C3886781B19B953,3,18,2249.16,1193.233,0.5305,2,echonet_dynamic_no_long_axis_v1
0X4C3D1288ECBB8117,44,57,653.402,385.177,0.5895,2,echonet_dynamic_no_long_axis_v1
0X4C3FFA0312ADF0DA,35,55,1337.305,728.411,0.5447,2,echonet_dynamic_no_long_axis_v1
0X4C4591D9CB3DDDE8,0,17,2412.349,1309.415,0.5428,2,echonet_dynamic_no_long_axis_v1
0X4C4655AD4584F866,47,62,1268.099,823.682,0.6495,2,echonet_dynamic_no_long_axis_v1
0X4C468BD8DD069AA8,89,102,1540.837,752.405,0.4883,2,echonet_dynamic_no_long_axis_v1
0X4C49B523268655BE,128,144,1508.151,906.799,0.6013,2,echonet_dynamic_no_long_axis_v1
0X4C4AB1371DF72873,91,107,718.797,551.192,0.7668,2,echonet_dynamic_no_long_axis_v1
0X4C4D6F2D3455F022,105,123,1268.997,880.359,0.6937,2,echonet_dynamic_no_long_axis_v1
0X4C52576367EDE50B,67,84,1827.809,948.949,0.5192,2,echonet_dynamic_no_long_axis_v1
0X4C53CDD47193BEC7,49,65,1247.032,674.488,0.5409,2,echonet_dynamic_no_long_axis_v1
0X4C568666D11BB71,112,125,1023.331,542.064,0.5297,2,echonet_dynamic_no_long_axis_v1
0X4C576D3B38DCAF3B,57,71,896.469,506.819,0.5654,2,echonet_dynamic_no_long_axis_v1
0X4C5B58DD6DEE9F41,53,72,1022.94,629.005,0.6149,2,echonet_dynamic_no_long_axis_v1
0X4C5EA0992F006638,60,76,1636.81,1362.006,0.8321,2,echonet_dynamic_no_long_axis_v1
0X4C6A28C4F6FAF44D,48,62,1911.918,994.449,0.5201,2,echonet_dynamic_no_long_axis_v1
0X4C6B4EA851FB7CD5,104,117,1086.404,596.029,0.5486,2,echonet_dynamic_no_long_axis_v1
0X4C765C6A4C61E31,106,124,1591.955,979.065,0.615,2,echonet_dynamic_no_long_axis_v1
0X4C78FD4E271DC686,83,97,1297.194,582.701,0.4492,2,echonet_dynamic_no_long_axis_v1
0X4C79C1C85A865778,38,55,1169.282,723.73,0.619,2,echonet_dynamic_no_long_axis_v1
0X4C7BB6C1C92781B0,64,75,1427.961,756.352,0.5297,2,echonet_dynamic_no_long_axis_v1
0X4C7CA272E540FDDE,83,100,1110.826,648.545,0.5838,2,echonet_dynamic_no_long_axis_v1
0X4C81F018685C5333,0,12,1821.821,1275.647,0.7002,2,echonet_dynamic_no_long_axis_v1
0X4C8DA84ECA696012,102,118,951.66,566.879,0.5957,2,echonet_dynamic_no_long_axis_v1
0X4C8EB73366ADC960,6,24,1526.403,935.847,0.6131,2,echonet_dynamic_no_long_axis_v1
0X4C940AC8C0605D65,43,56,1468.27,784.954,0.5346,2,echonet_dynamic_no_long_axis_v1
0X4C9A1284B8E67C07,112,125,1430.146,788.688,0.5515,2,echonet_dynamic_no_long_axis_v1
0X4C9BF2EEFE6D8E03,57,73,1102.714,663.276,0.6015,2,echonet_dynamic_no_long_axis_v1
0X4CA58914A47D6EB8,77,97,1599.481,906.184,0.5665,2,echonet_dynamic_no_long_axis_v1
0X4CA5974AE29AD2C2,75,95,1600.797,988.884,0.6177,2,echonet_dynamic_no_long_axis_v1
0X4CA6C598613CA480,59,70,1000.736,599.041,0.5986,2,echonet_dynamic_no_long_axis_v1
0X4CAF7FFD0699140A,124,142,975.611,552.681,0.5665,2,echonet_dynamic_no_long_axis_v1
0X4CB123C86AF06E35,34,44,1894.611,1661.681,0.8771,2,echonet_dynamic_no_long_axis_v1
0X4CB1C43A0DA06048,3,18,1155.309,679.75,0.5884,2,echonet_dynamic_no_long_axis_v1
0X4CB68B0128EC8BB8,88,98,1010.616,568.681,0.5627,2,echonet_dynamic_no_long_axis_v1
0X4CB87C3FC67B831,50,67,988.597,591.038,0.5979,2,echonet_dynamic_no_long_axis_v1
0X4CB88DECE22155BA,83,95,1463.811,1166.316,0.7968,2,echonet_dynamic_no_long_axis_v1
0X4CBB408C0D18223,98,115,1611.974,846.171,0.5249,2,echonet_dynamic_no_long_axis_v1
0X4CBF0A6F0C972863,51,71,1647.047,974.78,0.5918,2,echonet_dynamic_no_long_axis_v1
0X4CC16E6750678D36,47,65,1234.664,691.905,0.5604,2,echonet_dynamic_no_long_axis_v1
0X4CC17C774BE7BE21,91,109,2808.73,1550.539,0.552,2,echonet_dynamic_no_long_axis_v1
0X4CC6569F80929A0E,73,90,1646.767,1015.229,0.6165,2,echonet_dynamic_no_long_axis_v1
0X4CC65CE3ECC83EDD,98,117,697.106,419.455,0.6017,2,echonet_dynamic_no_long_axis_v1
0X4CC680B82F171A82,46,61,2567.663,1542.835,0.6009,2,echonet_dynamic_no_long_axis_v1
0X4CCB0ABB54AAD290,312,329,999.716,619.732,0.6199,2,echonet_dynamic_no_long_axis_v1
0X4CD499A12AA116A9,46,64,1857.745,1541.058,0.8295,2,echonet_dynamic_no_long_axis_v1
0X4CD637D93B06D6A7,113,135,1329.777,779.152,0.5859,2,echonet_dynamic_no_long_axis_v1
0X4CD7A96E08866F11,46,60,1459.963,757.001,0.5185,2,echonet_dynamic_no_long_axis_v1
0X4CD93C570A5BAD1B,0,15,1100.594,638.345,0.58,2,echonet_dynamic_no_long_axis_v1
0X4CDA2C041B3645A3,90,108,1624.416,929.675,0.5723,2,echonet_dynamic_no_long_axis_v1
0X4CDEDC3CA72436A1,54,73,2624.964,1455.854,0.5546,2,echonet_dynamic_no_long_axis_v1
0X4CDFBF74BE06CD79,46,63,1109.096,579.567,0.5226,2,echonet_dynamic_no_long_axis_v1
0X4CDFD3195FA16B22,40,56,1199.606,814.364,0.6789,2,echonet_dynamic_no_long_axis_v1
0X4CE086FD09C0C80E,76,92,1812.896,989.228,0.5457,2,echonet_dynamic_no_long_axis_v1
0X4CE0E0E7010773C4,86,107,1400.503,825.844,0.5897,2,echonet_dynamic_no_long_axis_v1
0X4CE54541BBDDE3E,88,110,1821.846,1011.351,0.5551,2,echonet_dynamic_no_long_axis_v1
0X4CE57216AF8F1E10,4,17,1741.075,884.119,0.5078,2,echonet_dynamic_no_long_axis_v1
0X4CE72E5392DFF72E,96,71,1578.046,1158.721,0.7343,2,echonet_dynamic_no_long_axis_v1
0X4CEA5093E58402D2,42,60,936.797,482.305,0.5148,2,echonet_dynamic_no_long_axis_v1
0X4CEDA292EED01C94,4,15,820.981,454.292,0.5534,2,echonet_dynamic_no_long_axis_v1
0X4CF1BE8C472DCA51,74,87,627.615,361.405,0.5758,2,echonet_dynamic_no_long_axis_v1
0X4CF43EB60D67F4FA,29,42,975.541,541.842,0.5554,2,echonet_dynamic_no_long_axis_v1
0X4CF5A561E4FD6401,112,130,1601.559,817.108,0.5102,2,echonet_dynamic_no_long_axis_v1
0X4CF9BACA68AB1338,52,72,1770.647,1000.696,0.5652,2,echonet_dynamic_no_long_axis_v1
0X4CFB6BEA6D0C437F,41,54,948.762,468.998,0.4943,2,echonet_dynamic_no_long_axis_v1
0X4CFBE71C31434362,41,55,984.574,560.984,0.5698,2,echonet_dynamic_no_long_axis_v1
0X4D01E74191B49611,90,106,872.955,498.278,0.5708,2,echonet_dynamic_no_long_axis_v1
0X4D0222E0ECAF62B5,102,117,1060.663,550.875,0.5194,2,echonet_dynamic_no_long_axis_v1
0X4D0291520E75CD23,57,71,1562.634,897.702,0.5745,2,echonet_dynamic_no_long_axis_v1
0X4D05415F9703CA47,54,83,2353.344,1522.188,0.6468,2,echonet_dynamic_no_long_axis_v1
0X4D09A013097FCCB2,182,204,1222.436,565.106,0.4623,2,echonet_dynamic_no_long_axis_v1
0X4D0A1712CDE848D1,3,10,989.977,709.204,0.7164,2,echonet_dynamic_no_long_axis_v1
0X4D0F3CBCB6A77DD3,57,76,1143.376,713.83,0.6243,2,echonet_dynamic_no_long_axis_v1
0X4D13B86CE7623A02,140,158,1142.753,593.124,0.519,2,echonet_dynamic_no_long_axis_v1
0X4D160D96C3F7E1FC,38,43,989.671,776.104,0.7842,2,echonet_dynamic_no_long_axis_v1
0X4D17A70DB464D7EB,36,55,1031.714,758.368,0.7351,2,echonet_dynamic_no_long_axis_v1
0X4D1EDDDF9C8A03B1,53,72,2093.244,1220.099,0.5829,2,echonet_dynamic_no_long_axis_v1
0X4D1FA00A1C115E77,118,133,1365.467,1026.09,0.7515,2,echonet_dynamic_no_long_axis_v1
0X4D28224289EE89D5,159,172,1130.606,900.101,0.7961,2,echonet_dynamic_no_long_axis_v1
0X4D2A1A1E92532688,81,96,1174.198,599.027,0.5102,2,echonet_dynamic_no_long_axis_v1
0X4D2A66B9939577A8,155,178,1112.712,566.081,0.5087,2,echonet_dynamic_no_long_axis_v1
0X4D2EB11276654447,64,74,1638.05,1442.825,0.8808,2,echonet_dynamic_no_long_axis_v1
0X4D2EDFADE5E20671,79,95,1033.467,578.023,0.5593,2,echonet_dynamic_no_long_axis_v1
0X4D2FF488DD4EC6BD,30,40,584.101,314.305,0.5381,2,echonet_dynamic_no_long_axis_v1
0X4D382FD37FF3BE9A,34,42,763.055,427.108,0.5597,2,echonet_dynamic_no_long_axis_v1
0X4D383DD98BD6CD12,50,68,2506.298,1823.519,0.7276,2,echonet_dynamic_no_long_axis_v1
0X4D386EB1CFBBF2E0,45,61,1063.707,881.342,0.8286,2,echonet_dynamic_no_long_axis_v1
0X4D3941FA34D265A1,56,72,1675.752,1249.827,0.7458,2,echonet_dynamic_no_long_axis_v1
0X4D45DB40C07ABDB4,82,95,1019.933,599.558,0.5878,2,echonet_dynamic_no_long_axis_v1
0X4D49F2F1D9FCA7B1,99,112,708.315,382.512,0.54,2,echonet_dynamic_no_long_axis_v1
0X4D4A878E7156F2F5,96,116,1725.807,1046.23,0.6062,2,echonet_dynamic_no_long_axis_v1
0X4D4AD8BFA119E9C6,52,67,1134.742,465.11,0.4099,2,echonet_dynamic_no_long_axis_v1
0X4D4EB3BBA778944F,33,43,709.91,612.786,0.8632,2,echonet_dynamic_no_long_axis_v1
0X4D5698D867CAB134,45,58,1548.191,1342.12,0.8669,2,echonet_dynamic_no_long_axis_v1
0X4D5875A78CDB6134,93,114,1317.985,845.814,0.6417,2,echonet_dynamic_no_long_axis_v1
0X4D5A130C23487046,122,139,1557.039,862.941,0.5542,2,echonet_dynamic_no_long_axis_v1
0X4D5D1CAEDFF330B3,51,69,1283.125,738.321,0.5754,2,echonet_dynamic_no_long_axis_v1
0X4D5F0870E57D20B0,46,62,1653.673,900.389,0.5445,2,echonet_dynamic_no_long_axis_v1
0X4D5F56A5E5E65A2D,33,46,920.698,582.107,0.6322,2,echonet_dynamic_no_long_axis_v1
0X4D62E04895FF6E99,140,159,945.228,536.892,0.568,2,echonet_dynamic_no_long_axis_v1
0X4D632FF0483C23DC,91,110,1334.258,675.292,0.5061,2,echonet_dynamic_no_long_axis_v1
0X4D63E7433E03AD51,135,152,3116.849,1755.14,0.5631,2,echonet_dynamic_no_long_axis_v1
0X4D7581C48FA515A6,55,72,1438.722,769.506,0.5349,2,echonet_dynamic_no_long_axis_v1
0X4D7A36B4D79C91BE,56,69,1215.933,805.679,0.6626,2,echonet_dynamic_no_long_axis_v1
0X4D7DE24F07975B44,107,127,1195.579,641.161,0.5363,2,echonet_dynamic_no_long_axis_v1
0X4D7F997CE6456E59,1,17,1121.171,683.994,0.6101,2,echonet_dynamic_no_long_axis_v1
0X4D9831DA52FD3036,37,50,889.982,461.804,0.5189,2,echonet_dynamic_no_long_axis_v1
0X4D98AD1D14520724,99,112,1346.916,982.387,0.7294,2,echonet_dynamic_no_long_axis_v1
0X4D99A73E71A323B8,61,79,1652.599,859.905,0.5203,2,echonet_dynamic_no_long_axis_v1
0X4D9BF9D205C0FB63,58,75,1440.581,723.338,0.5021,2,echonet_dynamic_no_long_axis_v1
0X4D9D753FBE44EB57,41,53,999.752,573.675,0.5738,2,echonet_dynamic_no_long_axis_v1
0X4D9DC3BA4B7C8E52,128,146,1326.082,679.436,0.5124,2,echonet_dynamic_no_long_axis_v1
0X4D9E5AC44BA7A1A2,50,62,1227.425,625.303,0.5094,2,echonet_dynamic_no_long_axis_v1
0X4DA5545E836ACC84,77,94,1047.172,600.477,0.5734,2,echonet_dynamic_no_long_axis_v1
0X4DA7FB1F092BD92B,42,59,926.881,595.613,0.6426,2,echonet_dynamic_no_long_axis_v1
0X4DA94E47D07B0048,65,87,1799.429,1220.007,0.678,2,echonet_dynamic_no_long_axis_v1
0X4DAA75CD814E3D63,66,87,1215.435,667.076,0.5488,2,echonet_dynamic_no_long_axis_v1
0X4DAA863D22C7C527,42,56,1108.124,607.002,0.5478,2,echonet_dynamic_no_long_axis_v1
0X4DAC23C28ADA5AD4,33,61,1157.58,616.168,0.5323,2,echonet_dynamic_no_long_axis_v1
0X4DAE17608E513F21,40,60,881.804,515.235,0.5843,2,echonet_dynamic_no_long_axis_v1
0X4DAF2BC7AD5242BF,131,148,912.82,531.95,0.5828,2,echonet_dynamic_no_long_axis_v1
0X4DB13082260E993,92,110,1025.797,610.326,0.595,2,echonet_dynamic_no_long_axis_v1
0X4DB4EF7CCB391976,44,64,1036.52,614.736,0.5931,2,echonet_dynamic_no_long_axis_v1
0X4DB983F2F26967CD,27,36,818.153,376.829,0.4606,2,echonet_dynamic_no_long_axis_v1
0X4DBB637F38A94042,101,118,2157.925,1137.634,0.5272,2,echonet_dynamic_no_long_axis_v1
0X4DBBB860A9E16B60,98,112,923.195,539.532,0.5844,2,echonet_dynamic_no_long_axis_v1
0X4DC29CB827A32F23,48,65,1104.067,658.824,0.5967,2,echonet_dynamic_no_long_axis_v1
0X4DC2A9679CFE55D6,95,121,1130.211,865.268,0.7656,2,echonet_dynamic_no_long_axis_v1
0X4DC501859B8AD03A,49,73,2097.151,1145.142,0.546,2,echonet_dynamic_no_long_axis_v1
0X4DC564B166185106,155,173,1437.096,916.491,0.6377,2,echonet_dynamic_no_long_axis_v1
0X4DC5C0B02078DAA5,37,46,1260.257,747.801,0.5934,2,echonet_dynamic_no_long_axis_v1
0X4DCB41CC1C9FA1DB,54,70,1195.229,611.585,0.5117,2,echonet_dynamic_no_long_axis_v1
0X4DCB44704D75BCB4,32,56,1008.975,636.526,0.6309,2,echonet_dynamic_no_long_axis_v1
0X4DCC1EBE5B2828F7,72,87,932.275,563.513,0.6044,2,echonet_dynamic_no_long_axis_v1
0X4DCDEBC261FBDD2C,64,76,1978.412,1347.8,0.6813,2,echonet_dynamic_no_long_axis_v1
0X4DD35ADBF5157AE9,130,102,1313.098,683.561,0.5206,2,echonet_dynamic_no_long_axis_v1
0X4DD6FBB2172E0495,3,19,1114.888,656.834,0.5891,2,echonet_dynamic_no_long_axis_v1
0X4DD7357E4FC5C36C,3,17,1292.796,606.212,0.4689,2,echonet_dynamic_no_long_axis_v1
0X4DD8B4E886B58857,51,67,1475.291,884.976,0.5999,2,echonet_dynamic_no_long_axis_v1
0X4DD8FD6672F5D940,3,12,1134.026,640.861,0.5651,2,echonet_dynamic_no_long_axis_v1
0X4DDA207C5F52679D,97,113,2216.948,1162.03,0.5242,2,echonet_dynamic_no_long_axis_v1
0X4DDD7E9274D55C14,93,108,1056.542,476.609,0.4511,2,echonet_dynamic_no_long_axis_v1
0X4DE81216AF40A1C6,60,79,930.688,649.642,0.698,2,echonet_dynamic_no_long_axis_v1
0X4DE88A7BC4B1CDCF,52,69,937.393,523.067,0.558,2,echonet_dynamic_no_long_axis_v1
0X4DEAED0369D251DE,82,109,1471.391,922.945,0.6273,2,echonet_dynamic_no_long_axis_v1
0X4DEF7AC168F77831,3,18,1722.493,1216.921,0.7065,2,echonet_dynamic_no_long_axis_v1
0X4DF2096646154C2C,151,174,1386.076,989.63,0.714,2,echonet_dynamic_no_long_axis_v1
0X4DF27EE90B259A5,281,310,1210.377,676.083,0.5586,2,echonet_dynamic_no_long_axis_v1
0X4DF45F03A54748E8,51,64,1319.134,741.532,0.5621,2,echonet_dynamic_no_long_axis_v1
0X4E002858AD8C3D79,69,93,1788.181,874.722,0.4892,2,echonet_dynamic_no_long_axis_v1
0X4E028970F071735B,4,15,1858.83,1454.075,0.7823,2,echonet_dynamic_no_long_axis_v1
0X4E04DE86F469A5F,62,75,1989.454,1728.581,0.8689,2,echonet_dynamic_no_long_axis_v1
0X4E071B7E41E2AD3C,59,78,1969.668,994.455,0.5049,2,echonet_dynamic_no_long_axis_v1
0X4E08FFB6EE737DF7,127,144,920.43,466.786,0.5071,2,echonet_dynamic_no_long_axis_v1
0X4E0955151AB91800,160,180,2140.293,1315.824,0.6148,2,echonet_dynamic_no_long_axis_v1
0X4E0BC2C036E928B1,45,58,1871.464,1184.683,0.633,2,echonet_dynamic_no_long_axis_v1
0X4E0D41E5066CDE8A,40,52,1717.386,994.656,0.5792,2,echonet_dynamic_no_long_axis_v1
0X4E0EC31DCD9CFD67,47,63,2654.469,2016.775,0.7598,2,echonet_dynamic_no_long_axis_v1
0X4E10843EF877019F,100,113,1117.834,658.704,0.5893,2,echonet_dynamic_no_long_axis_v1
0X4E10CC5FB8883477,44,57,1307.667,733.112,0.5606,2,echonet_dynamic_no_long_axis_v1
0X4E165469F6219CA,62,80,1528.012,905.222,0.5924,2,echonet_dynamic_no_long_axis_v1
0X4E16DBD27618153,65,78,1081.043,568.371,0.5258,2,echonet_dynamic_no_long_axis_v1
0X4E1BF109C3950D1A,49,59,824.156,399.2,0.4844,2,echonet_dynamic_no_long_axis_v1
0X4E1CF95FB15B1B41,45,60,1258.442,547.861,0.4353,2,echonet_dynamic_no_long_axis_v1
0X4E20A4C205622D65,97,109,937.89,536.965,0.5725,2,echonet_dynamic_no_long_axis_v1
0X4E2793B64C6E1697,48,62,1434.293,733.034,0.5111,2,echonet_dynamic_no_long_axis_v1
0X4E2D6ABB908ECD0E,75,88,1202.281,605.326,0.5035,2,echonet_dynamic_no_long_axis_v1
0X4E320712C667E02,47,62,1946.783,1141.254,0.5862,2,echonet_dynamic_no_long_axis_v1
0X4E33F81AADBB343F,65,81,1210.939,978.275,0.8079,2,echonet_dynamic_no_long_axis_v1
0X4E3854D3B444A40,51,73,1469.757,841.157,0.5723,2,echonet_dynamic_no_long_axis_v1
0X4E38E030A745C3A7,82,98,1234.359,631.976,0.512,2,echonet_dynamic_no_long_axis_v1
0X4E399F38CE822B3D,116,131,1397.487,781.432,0.5592,2,echonet_dynamic_no_long_axis_v1
0X4E3C5105B7264BCB,115,134,1717.643,1026.689,0.5977,2,echonet_dynamic_no_long_axis_v1
0X4E3D22FB4AFDEEE6,37,62,2071.349,1552.908,0.7497,2,echonet_dynamic_no_long_axis_v1
0X4E3E54697AC86829,99,119,1226.249,692.643,0.5648,2,echonet_dynamic_no_long_axis_v1
0X4E3F9006EAE3AF6A,97,114,1139.712,594.54,0.5217,2,echonet_dynamic_no_long_axis_v1
0X4E40C59987FB86E4,56,73,1560.524,791.364,0.5071,2,echonet_dynamic_no_long_axis_v1
0X4E412E462075485D,0,15,909.188,579.462,0.6373,2,echonet_dynamic_no_long_axis_v1
0X4E464B347B6CF96D,66,103,2139.09,1379.155,0.6447,2,echonet_dynamic_no_long_axis_v1
0X4E4813A99BD6F4B4,44,58,3498.767,1939.039,0.5542,2,echonet_dynamic_no_long_axis_v1
0X4E4A2D91D3CCA44B,147,161,1388.031,761.026,0.5483,2,echonet_dynamic_no_long_axis_v1
0X4E4C81F9E47142B2,58,77,1651.117,808.564,0.4897,2,echonet_dynamic_no_long_axis_v1
0X4E4FDDC1BB14AC83,38,52,750.32,425.336,0.5669,2,echonet_dynamic_no_long_axis_v1
0X4E52A90E5831E39F,33,49,2832.173,1768.68,0.6245,2,echonet_dynamic_no_long_axis_v1
0X4E54F636B1924B21,103,113,1620.546,973.366,0.6006,2,echonet_dynamic_no_long_axis_v1
0X4E5765C29D7D4621,39,60,910.66,663.52,0.7286,2,echonet_dynamic_no_long_axis_v1
0X4E5A25A73BE58A0,39,59,1110.054,648.85,0.5845,2,echonet_dynamic_no_long_axis_v1
0X4E5A974D6675B7DA,45,65,1153.342,656.58,0.5693,2,echonet_dynamic_no_long_axis_v1
0X4E5DF72148AC9F4F,118,134,1656.885,838.098,0.5058,2,echonet_dynamic_no_long_axis_v1
0X4E5E3D56B330AAF7,33,48,1602.951,884.045,0.5515,2,echonet_dynamic_no_long_axis_v1
0X4E621F66A326C49E,120,131,1086.309,842.339,0.7754,2,echonet_dynamic_no_long_axis_v1
0X4E62C3793DAEB84C,267,284,893.674,521.743,0.5838,2,echonet_dynamic_no_long_axis_v1
0X4E665209F941789A,68,82,2077.973,1156.697,0.5566,2,echonet_dynamic_no_long_axis_v1
0X4E67A3282A2BD57C,65,84,1417.107,692.23,0.4885,2,echonet_dynamic_no_long_axis_v1
0X4E69D799006FE37A,22,33,1287.568,742.006,0.5763,2,echonet_dynamic_no_long_axis_v1
0X4E6C958D54DCB463,90,103,1391.96,773.72,0.5558,2,echonet_dynamic_no_long_axis_v1
0X4E6CD95441F3C2D4,42,60,1113.596,720.994,0.6474,2,echonet_dynamic_no_long_axis_v1
0X4E6D554241E2AEDF,185,198,1224.831,672.055,0.5487,2,echonet_dynamic_no_long_axis_v1
0X4E725B5FD89411A7,62,86,751.118,383.544,0.5106,2,echonet_dynamic_no_long_axis_v1
0X4E75F3A54E92EE54,28,40,763.503,583.352,0.764,2,echonet_dynamic_no_long_axis_v1
0X4E7832F9B39AD0E7,86,99,1149.356,808.509,0.7034,2,echonet_dynamic_no_long_axis_v1
0X4E7BAF8F68BD8886,89,107,821.041,428.019,0.5213,2,echonet_dynamic_no_long_axis_v1
0X4E7C9CA0AD861665,93,112,1090.848,701.11,0.6427,2,echonet_dynamic_no_long_axis_v1
0X4E7CB9094C0B9DE1,25,36,606.933,331.163,0.5456,2,echonet_dynamic_no_long_axis_v1
0X4E81E783F4DB5B74,75,56,820.631,588.958,0.7177,2,echonet_dynamic_no_long_axis_v1
0X4E81ED16535A1BB7,93,108,893.959,659.679,0.7379,2,echonet_dynamic_no_long_axis_v1
0X4E853239612456E5,32,49,669.518,381.497,0.5698,2,echonet_dynamic_no_long_axis_v1
0X4E8ADDABFF433B57,154,170,1864.968,1487.445,0.7976,2,echonet_dynamic_no_long_axis_v1
0X4E8DE76280B1445B,142,155,1617.528,915.198,0.5658,2,echonet_dynamic_no_long_axis_v1
0X4E90F05CC9B09307,47,66,1356.636,786.454,0.5797,2,echonet_dynamic_no_long_axis_v1
0X4E9306F55F5359D7,39,59,1140.361,620.87,0.5444,2,echonet_dynamic_no_long_axis_v1
0X4E937E2B7BE93AF2,74,87,1159.076,774.219,0.668,2,echonet_dynamic_no_long_axis_v1
0X4E9496513479C330,32,56,2812.62,2180.734,0.7753,2,echonet_dynamic_no_long_axis_v1
0X4E97DA06A513F89A,62,73,957.705,586.474,0.6124,2,echonet_dynamic_no_long_axis_v1
0X4E984664E70238,1,17,978.614,618.426,0.6319,2,echonet_dynamic_no_long_axis_v1
0X4E98FC62B0018096,3,17,1664.457,1135.661,0.6823,2,echonet_dynamic_no_long_axis_v1
0X4E99E59B60D1BE5B,147,170,1761.199,921.489,0.5232,2,echonet_dynamic_no_long_axis_v1
0X4E9A560DF17EE46B,122,138,921.556,588.421,0.6385,2,echonet_dynamic_no_long_axis_v1
0X4E9D55E9C61DB47A,39,53,1181.566,648.345,0.5487,2,echonet_dynamic_no_long_axis_v1
0X4E9F08061D109568,59,1,726.642,521.494,0.7177,2,echonet_dynamic_no_long_axis_v1
0X4EA00E9FC42DD0D8,93,106,964.203,542.095,0.5622,2,echonet_dynamic_no_long_axis_v1
0X4EA078CC4E65B6A3,42,61,2380.576,217.79,0.0915,2,echonet_dynamic_no_long_axis_v1
0X4EA55CD0DC56E02E,92,108,2609.65,1401.297,0.537,2,echonet_dynamic_no_long_axis_v1
0X4EA563488AF67C53,81,90,584.566,353.036,0.6039,2,echonet_dynamic_no_long_axis_v1
0X4EA5AB16CEFE6434,133,149,911.83,532.397,0.5839,2,echonet_dynamic_no_long_axis_v1
0X4EA6D34C1F46366F,2,16,1964.655,1383.417,0.7042,2,echonet_dynamic_no_long_axis_v1
0X4EA930D226D84AD8,71,91,1878.405,1019.072,0.5425,2,echonet_dynamic_no_long_axis_v1
0X4EB1153ED4780B7E,47,62,1599.826,935.457,0.5847,2,echonet_dynamic_no_long_axis_v1
0X4EB202C225CEFF2,97,116,1837.294,1064.408,0.5793,2,echonet_dynamic_no_long_axis_v1
0X4EB557C6A109190C,46,61,768.335,453.96,0.5908,2,echonet_dynamic_no_long_axis_v1
0X4EB55F5BF786BF5C,40,53,2567.959,1342.013,0.5226,2,echonet_dynamic_no_long_axis_v1
0X4EB91AA00350C857,75,90,1679.279,777.241,0.4628,2,echonet_dynamic_no_long_axis_v1
0X4EBADC5362794865,116,130,940.765,458.632,0.4875,2,echonet_dynamic_no_long_axis_v1
0X4EC43FBE6C1D6028,42,61,1900.857,1380.877,0.7264,2,echonet_dynamic_no_long_axis_v1
0X4EC51376FE531C3A,39,53,1615.338,1128.911,0.6989,2,echonet_dynamic_no_long_axis_v1
0X4ECADC034CB56EF4,97,116,1873.701,1468.026,0.7835,2,echonet_dynamic_no_long_axis_v1
0X4ECECBC46D4ACCB7,2,17,1967.112,1217.085,0.6187,2,echonet_dynamic_no_long_axis_v1
0X4ECF7AF58277874E,3,19,2100.852,1327.648,0.632,2,echonet_dynamic_no_long_axis_v1
0X4ED08C40FFA580E3,167,177,1001.584,494.269,0.4935,2,echonet_dynamic_no_long_axis_v1
0X4EDACB406C98305C,1,18,2003.422,1142.045,0.57,2,echonet_dynamic_no_long_axis_v1
0X4EDDCC9262193618,41,60,3586.299,1877.981,0.5237,2,echonet_dynamic_no_long_axis_v1
0X4EDEDA9675BBA279,103,114,1905.597,1530.763,0.8033,2,echonet_dynamic_no_long_axis_v1
0X4EE64D666DF75107,105,122,1729.649,945.819,0.5468,2,echonet_dynamic_no_long_axis_v1
0X4EEC1E7FEF4A8451,45,60,1441.255,800.908,0.5557,2,echonet_dynamic_no_long_axis_v1
0X4EEC273ACACB8DC1,117,135,1087.292,771.393,0.7095,2,echonet_dynamic_no_long_axis_v1
0X4EED91FDB02D72F9,50,64,1241.921,627.347,0.5051,2,echonet_dynamic_no_long_axis_v1
0X4EEE65C7A3051C53,3,19,775.41,390.241,0.5033,2,echonet_dynamic_no_long_axis_v1
0X4EEE7DF904544AD2,38,55,833.338,493.76,0.5925,2,echonet_dynamic_no_long_axis_v1
0X4EEF887DA3A46D5B,116,135,1328.872,739.71,0.5566,2,echonet_dynamic_no_long_axis_v1
0X4EF738B9EC34D664,0,17,2020.595,1640.931,0.8121,2,echonet_dynamic_no_long_axis_v1
0X4EF859DB4F6D52D4,89,103,1476.997,923.808,0.6255,2,echonet_dynamic_no_long_axis_v1
0X4EF94579D05665F7,121,141,878.42,463.323,0.5274,2,echonet_dynamic_no_long_axis_v1
0X4EFB94EA8F9FC7C2,0,17,1394.823,1247.271,0.8942,2,echonet_dynamic_no_long_axis_v1
0X4EFBD2666D844938,43,60,1044.691,594.532,0.5691,2,echonet_dynamic_no_long_axis_v1
0X4EFF3AFD2E70D8B,43,60,1944.174,1774.372,0.9127,2,echonet_dynamic_no_long_axis_v1
0X4F001FE7C65DEB60,51,64,1503.946,845.4,0.5621,2,echonet_dynamic_no_long_axis_v1
0X4F00AAFE5870A218,25,35,1390.971,758.825,0.5455,2,echonet_dynamic_no_long_axis_v1
0X4F01C58EAA0EAF38,58,71,1633.602,1070.353,0.6552,2,echonet_dynamic_no_long_axis_v1
0X4F02DBDF1B8E730A,28,43,565.17,319.019,0.5645,2,echonet_dynamic_no_long_axis_v1
0X4F0312061571DC46,116,130,1110.325,716.122,0.645,2,echonet_dynamic_no_long_axis_v1
0X4F052EF179738E8,47,64,1407.312,712.044,0.506,2,echonet_dynamic_no_long_axis_v1
0X4F068B5E4772C3B1,53,68,1403.006,1085.903,0.774,2,echonet_dynamic_no_long_axis_v1
0X4F07C596C53C9A0E,67,82,1036.873,882.519,0.8511,2,echonet_dynamic_no_long_axis_v1
0X4F07CA07E28A03F2,42,60,1164.617,557.195,0.4784,2,echonet_dynamic_no_long_axis_v1
0X4F0A56451DADD1E8,112,131,1561.179,1153.604,0.7389,2,echonet_dynamic_no_long_axis_v1
0X4F13D40DFB6D079F,88,104,955.317,502.157,0.5256,2,echonet_dynamic_no_long_axis_v1
0X4F151B857306CD84,87,104,968.845,471.933,0.4871,2,echonet_dynamic_no_long_axis_v1
0X4F15F814B6C4AC07,135,151,1046.405,834.102,0.7971,2,echonet_dynamic_no_long_axis_v1
0X4F1634C33E5A0522,90,108,1434.935,800.123,0.5576,2,echonet_dynamic_no_long_axis_v1
0X4F1931029A1D9934,55,71,1899.004,1271.954,0.6698,2,echonet_dynamic_no_long_axis_v1
0X4F1B9F3892A85EB7,42,55,1007.35,516.427,0.5127,2,echonet_dynamic_no_long_axis_v1
0X4F1C516BC97B41EE,79,95,1301.927,1051.876,0.8079,2,echonet_dynamic_no_long_axis_v1
0X4F1F34E939FC2557,65,78,895.833,552.098,0.6163,2,echonet_dynamic_no_long_axis_v1
0X4F20288846F54AAD,87,99,1240.831,629.59,0.5074,2,echonet_dynamic_no_long_axis_v1
0X4F2FCFDBC0A1DD38,3,20,1684.893,972.58,0.5772,2,echonet_dynamic_no_long_axis_v1
0X4F2FF2F686A266C3,46,61,1427.23,740.871,0.5191,2,echonet_dynamic_no_long_axis_v1
0X4F30FC9068E8FE43,162,176,1022.493,596.274,0.5832,2,echonet_dynamic_no_long_axis_v1
0X4F331FB817B1F3BE,49,61,962.77,483.649,0.5024,2,echonet_dynamic_no_long_axis_v1
0X4F38559E6842E6B9,109,121,1518.242,830.886,0.5473,2,echonet_dynamic_no_long_axis_v1
0X4F3D2A57AE67F1BA,45,61,1168.824,556.563,0.4762,2,echonet_dynamic_no_long_axis_v1
0X4F3E4E3D41B3880F,92,106,1150.65,689.387,0.5991,2,echonet_dynamic_no_long_axis_v1
0X4F3EA3910326F0CC,58,76,1329.836,730.639,0.5494,2,echonet_dynamic_no_long_axis_v1
0X4F3FE52D34FEC127,39,52,789.481,388.664,0.4923,2,echonet_dynamic_no_long_axis_v1
0X4F421A5FB2E90A22,40,57,1204.773,1005.317,0.8344,2,echonet_dynamic_no_long_axis_v1
0X4F4419A0DFA94461,85,97,977.837,544.478,0.5568,2,echonet_dynamic_no_long_axis_v1
0X4F47E30FDD6BE447,108,120,1295.907,976.242,0.7533,2,echonet_dynamic_no_long_axis_v1
0X4F48415B343A0D90,68,82,1747.604,856.386,0.49,2,echonet_dynamic_no_long_axis_v1
0X4F4BB57DAEE2B13E,45,59,1227.631,749.456,0.6105,2,echonet_dynamic_no_long_axis_v1
0X4F4D1ACDEAAD616D,117,136,979.243,530.904,0.5422,2,echonet_dynamic_no_long_axis_v1
0X4F4F64C47B366DC9,99,118,966.322,601.167,0.6221,2,echonet_dynamic_no_long_axis_v1
0X4F536E88702468E5,57,75,1312.292,673.77,0.5134,2,echonet_dynamic_no_long_axis_v1
0X4F5499DDFF536F69,86,120,2166.025,1540.131,0.711,2,echonet_dynamic_no_long_axis_v1
0X4F55DBA9FA2C8A16,2,18,1123.78,744.811,0.6628,2,echonet_dynamic_no_long_axis_v1
0X4F582A71F1FF7D0D,64,77,1230.508,690.835,0.5614,2,echonet_dynamic_no_long_axis_v1
0X4F599EF3B97B2074,35,51,983.465,526.456,0.5353,2,echonet_dynamic_no_long_axis_v1
0X4F5AC6C6E87FE738,39,53,1496.458,1275.914,0.8526,2,echonet_dynamic_no_long_axis_v1
0X4F67102FD11ACB40,97,114,1828.547,1145.179,0.6263,2,echonet_dynamic_no_long_axis_v1
0X4F6A027D4F2767D2,116,129,976.679,578.62,0.5924,2,echonet_dynamic_no_long_axis_v1
0X4F6EAF6EA9D0D4AA,91,105,1425.646,782.411,0.5488,2,echonet_dynamic_no_long_axis_v1
0X4F75447642EB2B26,37,51,1650.961,887.178,0.5374,2,echonet_dynamic_no_long_axis_v1
0X4F7741E1C11B62D0,80,94,1327.709,682.239,0.5138,2,echonet_dynamic_no_long_axis_v1
0X4F78BDF6D975B3F4,59,74,2031.554,1157.902,0.57,2,echonet_dynamic_no_long_axis_v1
0X4F8669AE1E9EF98A,55,71,1688.704,858.574,0.5084,2,echonet_dynamic_no_long_axis_v1
0X4F881958C896CE48,2,18,1099.849,583.433,0.5305,2,echonet_dynamic_no_long_axis_v1
0X4F8859C8AB4DA9CB,1,22,927.16,749.309,0.8082,2,echonet_dynamic_no_long_axis_v1
0X4F89846030713617,106,122,1351.275,870.38,0.6441,2,echonet_dynamic_no_long_axis_v1
0X4F8A67FD2D22326D,38,54,1112.077,658.246,0.5919,2,echonet_dynamic_no_long_axis_v1
0X4F91266598DC110C,4,22,1132.348,599.82,0.5297,2,echonet_dynamic_no_long_axis_v1
0X4F919DE23C2FA6E2,95,115,1445.891,748.593,0.5177,2,echonet_dynamic_no_long_axis_v1
0X4F940270E621C80F,37,50,1546.445,1052.415,0.6805,2,echonet_dynamic_no_long_axis_v1
0X4F963A8803EE27E1,0,19,1693.435,935.674,0.5525,2,echonet_dynamic_no_long_axis_v1
0X4F96D302CB820C76,97,113,1276.133,646.235,0.5064,2,echonet_dynamic_no_long_axis_v1
0X4F98D02DFC3B1946,76,92,1048.184,603.197,0.5755,2,echonet_dynamic_no_long_axis_v1
0X4F9A4229C54DA391,46,60,1312.137,674.543,0.5141,2,echonet_dynamic_no_long_axis_v1
0X4F9AAFE15DEFF1DD,2,20,1770.435,1011.336,0.5712,2,echonet_dynamic_no_long_axis_v1
0X4FA293CB5DA42464,65,81,1544.483,893.235,0.5783,2,echonet_dynamic_no_long_axis_v1
0X4FA94B7C48199688,51,69,1098.024,539.091,0.491,2,echonet_dynamic_no_long_axis_v1
0X4FAB297B6620A2AB,136,152,2063.801,1173.397,0.5686,2,echonet_dynamic_no_long_axis_v1
0X4FACABF5BA7D337,104,114,1418.795,854.209,0.6021,2,echonet_dynamic_no_long_axis_v1
0X4FAD323C9963C4C5,46,61,1485.367,798.543,0.5376,2,echonet_dynamic_no_long_axis_v1
0X4FB1EC855B216E1A,99,113,1049.553,624.39,0.5949,2,echonet_dynamic_no_long_axis_v1
0X4FB7C9EF56491F44,41,64,2579.797,1362.554,0.5282,2,echonet_dynamic_no_long_axis_v1
0X4FB86E58433D484,42,59,1686.265,1504.004,0.8919,2,echonet_dynamic_no_long_axis_v1
0X4FB8E429239BF340,45,56,1536.764,791.059,0.5148,2,echonet_dynamic_no_long_axis_v1
0X4FBBACA1DE70DD6,98,117,984.793,582.079,0.5911,2,echonet_dynamic_no_long_axis_v1
0X4FC889C80C584428,69,87,768.215,400.168,0.5209,2,echonet_dynamic_no_long_axis_v1
0X4FCDB057B0CDE7DF,46,63,1551.362,947.385,0.6107,2,echonet_dynamic_no_long_axis_v1
0X4FCE535BE53FAB25,102,122,1392.55,714.825,0.5133,2,echonet_dynamic_no_long_axis_v1
0X4FDA647A573CBE00,88,102,1500.781,834.867,0.5563,2,echonet_dynamic_no_long_axis_v1
0X4FDFAA192A4C1A34,42,56,1183.636,805.598,0.6806,2,echonet_dynamic_no_long_axis_v1
0X4FE2CBC9422F019B,123,146,1761.736,1102.567,0.6258,2,echonet_dynamic_no_long_axis_v1
0X4FEC9915044DD151,1,14,1073.828,747.613,0.6962,2,echonet_dynamic_no_long_axis_v1
0X4FF3346B3C8EC3AB,43,58,1289.408,732.105,0.5678,2,echonet_dynamic_no_long_axis_v1
0X4FFC94D07CF61F1D,77,99,1260.287,1066.691,0.8464,2,echonet_dynamic_no_long_axis_v1
0X500329C3351ED572,65,101,1705.252,955.823,0.5605,2,echonet_dynamic_no_long_axis_v1
0X500FC4E8716B0A8F,63,97,831.811,775.218,0.932,2,echonet_dynamic_no_long_axis_v1
0X50123D34D2500DE7,49,68,2352.284,1700.35,0.7229,2,echonet_dynamic_no_long_axis_v1
0X50138BF24E34070,75,87,716.878,401.369,0.5599,2,echonet_dynamic_no_long_axis_v1
0X501B99B68693CCE1,65,82,2332.237,1379.858,0.5916,2,echonet_dynamic_no_long_axis_v1
0X50249BC3755317E9,60,78,1470.14,1230.136,0.8367,2,echonet_dynamic_no_long_axis_v1
0X50273065E4D6B4ED,94,103,2365.934,1216.803,0.5143,2,echonet_dynamic_no_long_axis_v1
0X502AEA12E5BBB9D2,87,110,1607.667,831.79,0.5174,2,echonet_dynamic_no_long_axis_v1
0X5031E6955F4365B4,110,130,2073.647,1227.089,0.5918,2,echonet_dynamic_no_long_axis_v1
0X503525FC85147E0C,67,80,1012.275,533.105,0.5266,2,echonet_dynamic_no_long_axis_v1
0X503BD718C4BF61C3,47,66,1437.005,757.626,0.5272,2,echonet_dynamic_no_long_axis_v1
0X50427F902D83EA24,87,104,1304.479,856.971,0.6569,2,echonet_dynamic_no_long_axis_v1
0X5042C6AB36212224,69,89,2383.395,1665.991,0.699,2,echonet_dynamic_no_long_axis_v1
0X505828C7FAF08FAF,37,56,1069.122,675.006,0.6314,2,echonet_dynamic_no_long_axis_v1
0X5069F73ECE751F8B,40,60,1407.0,973.03,0.6916,2,echonet_dynamic_no_long_axis_v1
0X506A4B034D096FD7,103,118,1492.869,995.66,0.6669,2,echonet_dynamic_no_long_axis_v1
0X506EEAD6511D811C,51,62,1266.98,694.822,0.5484,2,echonet_dynamic_no_long_axis_v1
0X5070727F1ECC8DD4,54,67,1146.514,709.683,0.619,2,echonet_dynamic_no_long_axis_v1
0X50718C14D74E7486,110,125,1859.14,1108.842,0.5964,2,echonet_dynamic_no_long_axis_v1
0X5071B146A249B859,38,54,1420.136,663.821,0.4674,2,echonet_dynamic_no_long_axis_v1
0X507257F3C2959527,37,50,1469.755,890.782,0.6061,2,echonet_dynamic_no_long_axis_v1
0X5077E67FD3C011C,43,61,1379.966,856.724,0.6208,2,echonet_dynamic_no_long_axis_v1
0X507C7C082EA6B68F,87,106,1768.834,1093.479,0.6182,2,echonet_dynamic_no_long_axis_v1
0X50807FBC49B44ED4,43,58,5647.474,3303.919,0.585,2,echonet_dynamic_no_long_axis_v1
0X5083D1646DF2023E,37,65,1221.376,672.045,0.5502,2,echonet_dynamic_no_long_axis_v1
0X50843AB0C28327D4,101,112,1004.548,575.134,0.5725,2,echonet_dynamic_no_long_axis_v1
0X508601D38C7D0090,5,16,1354.452,796.532,0.5881,2,echonet_dynamic_no_long_axis_v1
0X5089EB6EC06D2181,85,106,2191.226,1700.173,0.7759,2,echonet_dynamic_no_long_axis_v1
0X508FD6CD0EA0699D,71,89,1457.161,995.826,0.6834,2,echonet_dynamic_no_long_axis_v1
0X508FE72264BBC1D2,81,98,1130.863,696.216,0.6157,2,echonet_dynamic_no_long_axis_v1
0X5090FDBDC644DDBB,74,93,1350.747,720.36,0.5333,2,echonet_dynamic_no_long_axis_v1
0X50915122F649829D,84,98,1684.503,947.413,0.5624,2,echonet_dynamic_no_long_axis_v1
0X50974B4CA53CDE5A,60,77,1135.869,758.615,0.6679,2,echonet_dynamic_no_long_axis_v1
0X5098726A21007991,139,166,942.094,684.762,0.7269,2,echonet_dynamic_no_long_axis_v1
0X509943F2C5C692C1,46,60,1415.233,698.392,0.4935,2,echonet_dynamic_no_long_axis_v1
0X509B4E8F6B3C73F7,49,65,1005.028,733.419,0.7298,2,echonet_dynamic_no_long_axis_v1
0X509C9EE624629703,37,52,1160.071,683.843,0.5895,2,echonet_dynamic_no_long_axis_v1
0X50A01D7C0D1E0E45,49,70,1148.704,598.279,0.5208,2,echonet_dynamic_no_long_axis_v1
0X50A161F5290B4A01,75,86,1203.18,962.912,0.8003,2,echonet_dynamic_no_long_axis_v1
0X50A22335DC1C7A37,39,52,1127.023,474.734,0.4212,2,echonet_dynamic_no_long_axis_v1
0X50AA85E1108DD28D,153,168,1428.772,778.722,0.545,2,echonet_dynamic_no_long_axis_v1
0X50AB04A900534867,99,114,1599.058,925.217,0.5786,2,echonet_dynamic_no_long_axis_v1
0X50ADAC3EEB4348E3,45,63,1349.716,739.756,0.5481,2,echonet_dynamic_no_long_axis_v1
0X50AF86577B0E0C0,3,17,1116.811,964.91,0.864,2,echonet_dynamic_no_long_axis_v1
0X50B19C247881BBAD,63,85,733.638,367.525,0.501,2,echonet_dynamic_no_long_axis_v1
0X50B2490FF86A89ED,65,83,1575.168,1045.094,0.6635,2,echonet_dynamic_no_long_axis_v1
0X50B4E37239529E65,67,81,1279.637,822.497,0.6428,2,echonet_dynamic_no_long_axis_v1
0X50C66E404592BE7,52,67,1050.162,572.185,0.5449,2,echonet_dynamic_no_long_axis_v1
0X50D4A9CD65B07152,148,161,1515.207,1170.992,0.7728,2,echonet_dynamic_no_long_axis_v1
0X50D89DBCD571E45A,77,93,1848.881,995.173,0.5383,2,echonet_dynamic_no_long_axis_v1
0X50D9093629F3BA7B,54,71,1530.392,1040.915,0.6802,2,echonet_dynamic_no_long_axis_v1
0X50DA3CD732256F5C,38,53,687.08,516.536,0.7518,2,echonet_dynamic_no_long_axis_v1
0X50DCD68550B88271,46,63,1383.748,813.405,0.5878,2,echonet_dynamic_no_long_axis_v1
0X50E1A609EDB71DDE,88,102,1655.438,1092.637,0.66,2,echonet_dynamic_no_long_axis_v1
0X50EFCFC1C29B956D,38,52,886.341,498.709,0.5627,2,echonet_dynamic_no_long_axis_v1
0X50EFE29884414EC2,139,157,1443.26,926.308,0.6418,2,echonet_dynamic_no_long_axis_v1
0X50F1A619EA4634A1,39,57,1279.784,818.134,0.6393,2,echonet_dynamic_no_long_axis_v1
0X50F2DBBCDE495383,80,95,1247.926,703.023,0.5634,2,echonet_dynamic_no_long_axis_v1
0X50F561E08B87FD73,43,53,1100.021,600.064,0.5455,2,echonet_dynamic_no_long_axis_v1
0X50F967F1598F990,88,106,1404.027,1098.737,0.7826,2,echonet_dynamic_no_long_axis_v1
0X50F9F19FB81D504C,46,59,1110.929,600.29,0.5403,2,echonet_dynamic_no_long_axis_v1
0X5100C0F7F0AF1B58,0,17,1491.395,736.081,0.4936,2,echonet_dynamic_no_long_axis_v1
0X510159059AAA7201,85,99,1624.394,1273.169,0.7838,2,echonet_dynamic_no_long_axis_v1
0X5107F84375998635,51,69,1349.2,745.17,0.5523,2,echonet_dynamic_no_long_axis_v1
0X51097AF8AA3331ED,1,17,757.136,504.262,0.666,2,echonet_dynamic_no_long_axis_v1
0X510CBB5CB06F937B,213,221,895.761,549.776,0.6138,2,echonet_dynamic_no_long_axis_v1
0X510DF8DD83561A78,40,54,1287.572,732.006,0.5685,2,echonet_dynamic_no_long_axis_v1
0X510F6BFB4FBA32E,51,70,1537.374,1068.296,0.6949,2,echonet_dynamic_no_long_axis_v1
0X510FF9F679F312C2,41,57,1959.082,1122.41,0.5729,2,echonet_dynamic_no_long_axis_v1
0X51150E423F255843,97,117,1347.871,852.238,0.6323,2,echonet_dynamic_no_long_axis_v1
0X5115DAC6AB92DF56,54,75,1591.279,839.152,0.5273,2,echonet_dynamic_no_long_axis_v1
0X511728C63B70B4B1,104,121,1762.242,1233.15,0.6998,2,echonet_dynamic_no_long_axis_v1
0X5118B4340358A520,2,23,1316.783,792.634,0.6019,2,echonet_dynamic_no_long_axis_v1
0X511C9798FB92301C,32,60,1885.4,1213.278,0.6435,2,echonet_dynamic_no_long_axis_v1
0X511D25AE9C39685C,36,49,552.961,320.58,0.5798,2,echonet_dynamic_no_long_axis_v1
0X5121D9B6B28A9A0D,244,269,1093.428,643.731,0.5887,2,echonet_dynamic_no_long_axis_v1
0X512232C545DBCE9F,97,108,843.271,592.877,0.7031,2,echonet_dynamic_no_long_axis_v1
0X5122FEA094776B90,40,60,1489.257,1207.646,0.8109,2,echonet_dynamic_no_long_axis_v1
0X5125B39CB59E5FBE,35,52,1410.902,900.042,0.6379,2,echonet_dynamic_no_long_axis_v1
0X5126AE3A3650D66B,72,85,1569.911,1114.563,0.71,2,echonet_dynamic_no_long_axis_v1
0X51276E90BFD4E4C0,97,119,873.839,449.564,0.5145,2,echonet_dynamic_no_long_axis_v1
0X512845940E60D485,131,151,2557.46,1400.726,0.5477,2,echonet_dynamic_no_long_axis_v1
0X512A035A01A6C549,83,96,1032.65,543.198,0.526,2,echonet_dynamic_no_long_axis_v1
0X512A516AACF78DAB,43,62,1571.125,903.726,0.5752,2,echonet_dynamic_no_long_axis_v1
0X512A75F626846DD1,55,73,719.375,368.35,0.512,2,echonet_dynamic_no_long_axis_v1
0X51327FBFD448A550,42,61,1140.995,560.686,0.4914,2,echonet_dynamic_no_long_axis_v1
0X513338EB70290591,86,102,1187.683,973.907,0.82,2,echonet_dynamic_no_long_axis_v1
0X513547F80FE92CA6,75,94,1305.05,791.84,0.6068,2,echonet_dynamic_no_long_axis_v1
0X5135B2283BB69AF3,2,19,1873.188,1161.616,0.6201,2,echonet_dynamic_no_long_axis_v1
0X51387CAC8388DCAC,102,116,1767.514,997.368,0.5643,2,echonet_dynamic_no_long_axis_v1
0X513B9DFACA291153,107,125,1640.041,1068.545,0.6515,2,echonet_dynamic_no_long_axis_v1
0X513CB49F4AFD54BB,112,127,1268.177,672.803,0.5305,2,echonet_dynamic_no_long_axis_v1
0X51472543858384F2,46,62,1268.719,796.672,0.6279,2,echonet_dynamic_no_long_axis_v1
0X514AE6D7248D0A2A,63,80,1633.624,940.414,0.5757,2,echonet_dynamic_no_long_axis_v1
0X514E30A308ED7C61,155,176,1989.451,1224.005,0.6152,2,echonet_dynamic_no_long_axis_v1
0X51533857C7611936,62,83,1941.272,958.058,0.4935,2,echonet_dynamic_no_long_axis_v1
0X5153747D26CD85F4,129,147,1115.348,691.388,0.6199,2,echonet_dynamic_no_long_axis_v1
0X51556AE74D21038E,123,142,1005.434,590.456,0.5873,2,echonet_dynamic_no_long_axis_v1
0X51574834DE0DBDA,104,123,2026.364,1223.754,0.6039,2,echonet_dynamic_no_long_axis_v1
0X515B00307A98E6F9,124,138,1586.882,1082.787,0.6823,2,echonet_dynamic_no_long_axis_v1
0X515B3FC559BDA78C,63,78,1838.821,857.213,0.4662,2,echonet_dynamic_no_long_axis_v1
0X515B9D79337A52A8,28,43,1052.183,590.277,0.561,2,echonet_dynamic_no_long_axis_v1
0X515BE303CDEBF73D,67,94,1900.75,1021.968,0.5377,2,echonet_dynamic_no_long_axis_v1
0X515FB01ECBD93661,97,112,1112.425,648.617,0.5831,2,echonet_dynamic_no_long_axis_v1
0X5169B30FBF1908B0,114,128,1202.922,688.611,0.5724,2,echonet_dynamic_no_long_axis_v1
0X516A825179C202F9,46,67,1412.594,879.296,0.6225,2,echonet_dynamic_no_long_axis_v1
0X517063CA3BDBF3DA,52,75,1665.902,1281.456,0.7692,2,echonet_dynamic_no_long_axis_v1
0X5171ECAA55C8BBA,0,19,3298.762,1783.651,0.5407,2,echonet_dynamic_no_long_axis_v1
0X5175AED2558B83E6,66,92,1529.622,802.937,0.5249,2,echonet_dynamic_no_long_axis_v1
0X517B9EA7B3FBEE17,72,81,599.986,360.856,0.6014,2,echonet_dynamic_no_long_axis_v1
0X517DACB0D4E4274,89,102,1026.303,611.885,0.5962,2,echonet_dynamic_no_long_axis_v1
0X517DB959DDA30D1F,122,138,1397.956,773.714,0.5535,2,echonet_dynamic_no_long_axis_v1
0X518BC58DF231D061,64,80,2706.49,2503.099,0.9249,2,echonet_dynamic_no_long_axis_v1
0X5191570E6D6CCBC6,48,70,1122.473,745.2,0.6639,2,echonet_dynamic_no_long_axis_v1
0X5193979B5CD463D0,101,120,3007.943,1842.817,0.6127,2,echonet_dynamic_no_long_axis_v1
0X519483F9EFA0B20E,31,53,2980.926,1821.615,0.6111,2,echonet_dynamic_no_long_axis_v1
0X51A155A49796F621,97,113,1760.372,963.195,0.5472,2,echonet_dynamic_no_long_axis_v1
0X51A72288BC365D50,75,99,1157.599,607.615,0.5249,2,echonet_dynamic_no_long_axis_v1
0X51A7D5E3CC58EB01,73,86,1459.268,808.404,0.554,2,echonet_dynamic_no_long_axis_v1
0X51AB3FD231602B33,73,103,1665.784,908.17,0.5452,2,echonet_dynamic_no_long_axis_v1
0X51AF557A09FB40DA,130,144,2144.456,1094.286,0.5103,2,echonet_dynamic_no_long_axis_v1
0X51B29B65CD38C69E,1,15,892.498,505.681,0.5666,2,echonet_dynamic_no_long_axis_v1
0X51B5B37B6F4A8CA8,122,145,1061.189,623.589,0.5876,2,echonet_dynamic_no_long_axis_v1
0X51B8DEE8747AFD9F,113,130,3144.557,1861.637,0.592,2,echonet_dynamic_no_long_axis_v1
0X51BA813A5E8A6986,115,134,1504.963,1169.096,0.7768,2,echonet_dynamic_no_long_axis_v1
0X51BB2250DB2403D5,99,117,1298.987,960.343,0.7393,2,echonet_dynamic_no_long_axis_v1
0X51C04B6508D13507,49,75,1761.518,1180.506,0.6702,2,echonet_dynamic_no_long_axis_v1
0X51C33D62976C86E7,31,44,1014.978,593.885,0.5851,2,echonet_dynamic_no_long_axis_v1
0X51C7B722CB637F8,98,116,1842.144,972.706,0.528,2,echonet_dynamic_no_long_axis_v1
0X51C9BBFB660CF100,67,85,2339.764,1268.359,0.5421,2,echonet_dynamic_no_long_axis_v1
0X51D2CBF603A4689D,47,64,2775.212,1642.931,0.592,2,echonet_dynamic_no_long_axis_v1
0X51D385BFAEB40339,73,89,1366.585,687.191,0.5029,2,echonet_dynamic_no_long_axis_v1
0X51D66652BDB24941,32,56,1990.262,1658.432,0.8333,2,echonet_dynamic_no_long_axis_v1
0X51D8A66B24FD69CA,57,70,1426.475,893.563,0.6264,2,echonet_dynamic_no_long_axis_v1
0X51DBEF15E61B4374,28,43,1221.396,963.334,0.7887,2,echonet_dynamic_no_long_axis_v1
0X51DC2AFCF509252E,38,53,1383.445,924.368,0.6682,2,echonet_dynamic_no_long_axis_v1
0X51DD9336133AA9A3,56,74,897.327,511.644,0.5702,2,echonet_dynamic_no_long_axis_v1
0X51DEA404C6DAE247,50,59,1452.837,955.245,0.6575,2,echonet_dynamic_no_long_axis_v1
0X51DF5916C8A5E638,48,61,1593.992,1260.776,0.791,2,echonet_dynamic_no_long_axis_v1
0X51E57CEE1EFF9453,47,66,2261.224,1395.644,0.6172,2,echonet_dynamic_no_long_axis_v1
0X51E6A6EC8684036C,114,131,1477.595,755.766,0.5115,2,echonet_dynamic_no_long_axis_v1
0X51EBAEFBADEB15E9,86,103,2887.15,2639.343,0.9142,2,echonet_dynamic_no_long_axis_v1
0X51EDA76C5B32BFB6,3,21,1190.415,923.347,0.7757,2,echonet_dynamic_no_long_axis_v1
0X51EEF0AF4CF6A039,49,70,1262.132,883.719,0.7002,2,echonet_dynamic_no_long_axis_v1
0X51F0878231E80676,67,77,1060.387,594.77,0.5609,2,echonet_dynamic_no_long_axis_v1
0X51F276725BEE4BF9,0,19,2023.779,1343.64,0.6639,2,echonet_dynamic_no_long_axis_v1
0X51F3A05DB9647C01,108,142,3027.345,2183.681,0.7213,2,echonet_dynamic_no_long_axis_v1
0X51FD3D57BA8323F2,50,67,1395.799,850.864,0.6096,2,echonet_dynamic_no_long_axis_v1
0X51FE69873DAD3A42,30,40,1088.854,510.577,0.4689,2,echonet_dynamic_no_long_axis_v1
0X51FF8C85CC1C6EC7,36,52,1248.097,693.278,0.5555,2,echonet_dynamic_no_long_axis_v1
0X52014FFC1A469302,52,66,948.65,602.266,0.6349,2,echonet_dynamic_no_long_axis_v1
0X520169BA78B3FD6A,65,81,901.133,566.933,0.6291,2,echonet_dynamic_no_long_axis_v1
0X520285C7C42A3A71,44,57,1306.175,766.257,0.5866,2,echonet_dynamic_no_long_axis_v1
0X5203FF5095E5A01,0,19,1265.938,726.116,0.5736,2,echonet_dynamic_no_long_axis_v1
0X5204CC14B02919D5,97,126,3106.02,1794.943,0.5779,2,echonet_dynamic_no_long_axis_v1
0X52060B6BF382C4B4,54,71,1890.184,1044.042,0.5523,2,echonet_dynamic_no_long_axis_v1
0X5206D35DE3795342,90,107,1762.81,1467.637,0.8326,2,echonet_dynamic_no_long_axis_v1
0X5206F9D88064AFE8,90,106,2390.774,1412.89,0.591,2,echonet_dynamic_no_long_axis_v1
0X5208E6FA65C27BC5,101,119,942.847,566.662,0.601,2,echonet_dynamic_no_long_axis_v1
0X5210A2AE344C6131,39,54,1000.08,605.166,0.6051,2,echonet_dynamic_no_long_axis_v1
0X5216E8EAC6638EC5,94,116,1820.181,1476.656,0.8113,2,echonet_dynamic_no_long_axis_v1
0X521D37449979E761,67,86,909.145,513.143,0.5644,2,echonet_dynamic_no_long_axis_v1
0X521EA8A95B25BF85,41,52,1152.39,695.224,0.6033,2,echonet_dynamic_no_long_axis_v1
0X5222169EED25C8D8,0,17,1550.291,909.262,0.5865,2,echonet_dynamic_no_long_axis_v1
0X5225E58471150AD3,49,67,1175.378,760.425,0.647,2,echonet_dynamic_no_long_axis_v1
0X5226FB3272760299,43,60,879.657,521.56,0.5929,2,echonet_dynamic_no_long_axis_v1
0X52297761808D2976,105,122,1166.177,768.439,0.6589,2,echonet_dynamic_no_long_axis_v1
0X522E7EC5D8AA4628,56,79,2309.128,1139.49,0.4935,2,echonet_dynamic_no_long_axis_v1
0X522EE1FAE9E44660,1,18,1395.269,882.84,0.6327,2,echonet_dynamic_no_long_axis_v1
0X523258F4875D1051,35,52,1198.061,594.469,0.4962,2,echonet_dynamic_no_long_axis_v1
0X5232F0CB5A9F5EFE,53,72,2440.511,2229.633,0.9136,2,echonet_dynamic_no_long_axis_v1
0X5233D810FA8D90D0,110,127,1160.207,640.973,0.5525,2,echonet_dynamic_no_long_axis_v1
0X5235A82128C7DA89,42,59,1537.562,958.781,0.6236,2,echonet_dynamic_no_long_axis_v1
0X5238017D9647223F,28,40,1135.798,592.116,0.5213,2,echonet_dynamic_no_long_axis_v1
0X523FA0DDFF2B86ED,88,105,1456.153,1066.753,0.7326,2,echonet_dynamic_no_long_axis_v1
0X523FF4ADB265D1D7,48,65,1214.515,945.072,0.7781,2,echonet_dynamic_no_long_axis_v1
0X5242792A4F7179CB,93,111,1331.586,806.067,0.6053,2,echonet_dynamic_no_long_axis_v1
0X52440183F6E99858,1,17,1258.153,626.212,0.4977,2,echonet_dynamic_no_long_axis_v1
0X5245782BC86D72CF,90,105,1385.05,784.875,0.5667,2,echonet_dynamic_no_long_axis_v1
0X524BD73B9BA0994B,43,55,1510.807,847.551,0.561,2,echonet_dynamic_no_long_axis_v1
0X524E096EBA4915EA,89,110,1854.501,1120.021,0.6039,2,echonet_dynamic_no_long_axis_v1
0X5250AF044F67C35B,83,99,2017.097,1471.021,0.7293,2,echonet_dynamic_no_long_axis_v1
0X5250BFB3A5B5DE5D,42,54,1042.075,903.009,0.8665,2,echonet_dynamic_no_long_axis_v1
0X5251B40D3A1CD1D6,50,68,1099.942,599.026,0.5446,2,echonet_dynamic_no_long_axis_v1
0X525504B5A2CB1678,42,58,1396.207,747.809,0.5356,2,echonet_dynamic_no_long_axis_v1
0X525A6043720EEE80,101,119,1599.921,858.483,0.5366,2,echonet_dynamic_no_long_axis_v1
0X525B53BB23B6BFFF,43,58,872.169,458.306,0.5255,2,echonet_dynamic_no_long_axis_v1
0X525F4337010EACD0,87,102,1409.302,822.015,0.5833,2,echonet_dynamic_no_long_axis_v1
0X525F58503C9356EE,53,72,989.435,819.659,0.8284,2,echonet_dynamic_no_long_axis_v1
0X526147E29A61A557,57,71,1234.191,766.068,0.6207,2,echonet_dynamic_no_long_axis_v1
0X52619FC2739EB1F1,0,19,526.071,327.163,0.6219,2,echonet_dynamic_no_long_axis_v1
0X5263B7448345F313,81,94,1153.001,642.811,0.5575,2,echonet_dynamic_no_long_axis_v1
0X52640461AE729391,52,69,1445.125,946.119,0.6547,2,echonet_dynamic_no_long_axis_v1
0X5266458976482657,33,49,660.265,333.929,0.5058,2,echonet_dynamic_no_long_axis_v1
0X52681CFFD5B749CC,98,116,1719.808,994.173,0.5781,2,echonet_dynamic_no_long_axis_v1
0X526BA02D476E9274,93,73,1385.371,928.399,0.6701,2,echonet_dynamic_no_long_axis_v1
0X5271A44429C406DE,3,15,1702.674,793.269,0.4659,2,echonet_dynamic_no_long_axis_v1
0X52741F3A8E09E79C,55,72,1547.44,1309.807,0.8464,2,echonet_dynamic_no_long_axis_v1
0X52749A08918D145,206,227,1197.157,602.488,0.5033,2,echonet_dynamic_no_long_axis_v1
0X527F41D680422536,100,113,873.024,449.631,0.515,2,echonet_dynamic_no_long_axis_v1
0X52832AF3B2EE7826,55,79,1372.443,1006.019,0.733,2,echonet_dynamic_no_long_axis_v1
0X5284C8C05B0255E9,49,61,1346.351,799.055,0.5935,2,echonet_dynamic_no_long_axis_v1
0X528747A45FEF978E,54,74,1470.532,905.865,0.616,2,echonet_dynamic_no_long_axis_v1
0X52894A1293DC3698,116,135,1611.87,881.32,0.5468,2,echonet_dynamic_no_long_axis_v1
0X5294006E7295A9D3,121,136,847.341,474.522,0.56,2,echonet_dynamic_no_long_axis_v1
0X5295198F216052C5,155,177,1976.053,1291.319,0.6535,2,echonet_dynamic_no_long_axis_v1
0X52A19EE2EB43DCEA,75,86,859.385,436.7,0.5082,2,echonet_dynamic_no_long_axis_v1
0X52A92D8D4C0BB36B,105,96,1391.384,1105.805,0.7948,2,echonet_dynamic_no_long_axis_v1
0X52AB5E2861E64C14,111,130,953.293,454.029,0.4763,2,echonet_dynamic_no_long_axis_v1
0X52ADAC369E93CF52,50,65,1854.854,1043.797,0.5627,2,echonet_dynamic_no_long_axis_v1
0X52B0FFBD0E252F79,45,62,1411.907,842.165,0.5965,2,echonet_dynamic_no_long_axis_v1
0X52B18B65394F13D1,111,123,967.307,693.851,0.7173,2,echonet_dynamic_no_long_axis_v1
0X52B3311CBAFB526B,56,65,972.594,558.033,0.5738,2,echonet_dynamic_no_long_axis_v1
0X52B45CBAAC8373DA,71,86,1865.38,959.622,0.5144,2,echonet_dynamic_no_long_axis_v1
0X52BBC4F30524BEB6,91,121,1063.249,580.306,0.5458,2,echonet_dynamic_no_long_axis_v1
0X52C8E34676F66ADB,63,90,1583.456,1112.964,0.7029,2,echonet_dynamic_no_long_axis_v1
0X52CBA0C16FD4CD3D,47,60,1172.087,602.16,0.5138,2,echonet_dynamic_no_long_axis_v1
0X52CC0BAB001C7C06,66,78,1550.173,1219.72,0.7868,2,echonet_dynamic_no_long_axis_v1
0X52CDBA521DF75946,1,19,901.115,591.419,0.6563,2,echonet_dynamic_no_long_axis_v1
0X52D0359294EEDEA7,58,73,1191.305,732.084,0.6145,2,echonet_dynamic_no_long_axis_v1
0X52D27E1752D12960,104,124,981.266,628.376,0.6404,2,echonet_dynamic_no_long_axis_v1
0X52D4906BB576A5F5,99,109,1318.97,810.999,0.6149,2,echonet_dynamic_no_long_axis_v1
0X52D557F8B05D9D23,35,48,882.794,463.93,0.5255,2,echonet_dynamic_no_long_axis_v1
0X52D5600CFB02C68A,3,16,1230.575,541.929,0.4404,2,echonet_dynamic_no_long_axis_v1
0X52D59CA57FAC5D8A,141,156,1912.846,1621.958,0.8479,2,echonet_dynamic_no_long_axis_v1
0X52DD020FA81C5911,2,16,870.918,485.729,0.5577,2,echonet_dynamic_no_long_axis_v1
0X52E6FB1ABC9979AA,84,101,1740.097,861.54,0.4951,2,echonet_dynamic_no_long_axis_v1
0X52E72FE599012A73,99,107,1586.616,864.674,0.545,2,echonet_dynamic_no_long_axis_v1
0X52E865A8C311F559,53,80,1006.098,634.118,0.6303,2,echonet_dynamic_no_long_axis_v1
0X52EE1C53A1BC9F16,85,102,1786.538,993.765,0.5563,2,echonet_dynamic_no_long_axis_v1
0X52F3BB17DC1CC0EA,40,56,928.918,466.365,0.5021,2,echonet_dynamic_no_long_axis_v1
0X52F59CC4F973172F,31,50,1657.245,1409.837,0.8507,2,echonet_dynamic_no_long_axis_v1
0X52F78B094464709B,35,52,1149.749,591.987,0.5149,2,echonet_dynamic_no_long_axis_v1
0X52F97576E094322B,36,47,1096.054,659.577,0.6018,2,echonet_dynamic_no_long_axis_v1
0X52FDE4342ACD5331,0,18,2400.097,1439.073,0.5996,2,echonet_dynamic_no_long_axis_v1
0X52FEE70BDB811E9B,36,56,954.887,463.31,0.4852,2,echonet_dynamic_no_long_axis_v1
0X5304E93805A039EC,50,65,1093.589,587.916,0.5376,2,echonet_dynamic_no_long_axis_v1
0X5305BF4F8A3780B0,47,63,1414.027,780.492,0.552,2,echonet_dynamic_no_long_axis_v1
0X53086AFB52330C89,101,118,1306.162,915.636,0.701,2,echonet_dynamic_no_long_axis_v1
0X530DFA010BC9EE5A,38,49,874.853,470.308,0.5376,2,echonet_dynamic_no_long_axis_v1
0X53105275386CE431,78,100,1211.738,620.159,0.5118,2,echonet_dynamic_no_long_axis_v1
0X53138007E8FCB197,41,59,1403.574,865.691,0.6168,2,echonet_dynamic_no_long_axis_v1
0X531443B0071CDBE7,82,109,1355.334,775.358,0.5721,2,echonet_dynamic_no_long_axis_v1
0X5314F4555E935D32,135,152,1003.862,586.668,0.5844,2,echonet_dynamic_no_long_axis_v1
0X532255A0D06AF53D,133,148,1904.08,983.609,0.5166,2,echonet_dynamic_no_long_axis_v1
0X532260359751DBB,49,61,1864.741,1592.507,0.854,2,echonet_dynamic_no_long_axis_v1
0X5323F2A87FB33D5,132,147,903.256,522.118,0.578,2,echonet_dynamic_no_long_axis_v1
0X5324777137DAAF06,61,76,2550.272,2237.647,0.8774,2,echonet_dynamic_no_long_axis_v1
0X532728AF419C2BD4,95,111,1615.867,947.609,0.5864,2,echonet_dynamic_no_long_axis_v1
0X53293E0FFF92E26A,87,105,1866.674,1122.943,0.6016,2,echonet_dynamic_no_long_axis_v1
0X5331DF8AF33FA880,48,72,1030.176,556.135,0.5398,2,echonet_dynamic_no_long_axis_v1
0X5333CEAC223AB6D0,52,65,684.248,407.626,0.5957,2,echonet_dynamic_no_long_axis_v1
0X533498EF6F72192,59,74,498.902,285.08,0.5714,2,echonet_dynamic_no_long_axis_v1
0X53352F8300F75CEC,109,126,1291.474,634.692,0.4914,2,echonet_dynamic_no_long_axis_v1
0X53403DC4C4526AC3,79,98,800.405,347.099,0.4337,2,echonet_dynamic_no_long_axis_v1
0X53412B6864809F46,49,67,1070.48,554.972,0.5184,2,echonet_dynamic_no_long_axis_v1
0X53432F9602925B2E,100,116,1394.811,754.573,0.541,2,echonet_dynamic_no_long_axis_v1
0X53434964FF756E9A,71,84,971.479,504.654,0.5195,2,echonet_dynamic_no_long_axis_v1
0X53491FA3CDC950C1,64,82,1254.301,699.631,0.5578,2,echonet_dynamic_no_long_axis_v1
0X5349865A317C7B59,34,53,2052.23,1577.485,0.7687,2,echonet_dynamic_no_long_axis_v1
0X53499C56E6465674,117,136,1156.375,592.189,0.5121,2,echonet_dynamic_no_long_axis_v1
0X534A45D607A13527,45,57,4529.785,4142.206,0.9144,2,echonet_dynamic_no_long_axis_v1
0X534B7A1F00C0869C,121,139,1246.624,708.226,0.5681,2,echonet_dynamic_no_long_axis_v1
0X534C9F54153DA440,30,55,2003.278,1134.409,0.5663,2,echonet_dynamic_no_long_axis_v1
0X534F8C502A462B60,105,119,1417.339,820.129,0.5786,2,echonet_dynamic_no_long_axis_v1
0X5352D23D6CB2673C,55,70,932.915,579.725,0.6214,2,echonet_dynamic_no_long_axis_v1
0X53552FB88892AC31,34,47,660.075,344.656,0.5221,2,echonet_dynamic_no_long_axis_v1
0X5359A0AEC9FD8C36,84,96,1252.978,912.9,0.7286,2,echonet_dynamic_no_long_axis_v1
0X535B7884988ACFBC,58,79,1227.398,787.566,0.6417,2,echonet_dynamic_no_long_axis_v1
0X535C51E9C2EE35F1,51,66,893.534,485.738,0.5436,2,echonet_dynamic_no_long_axis_v1
0X535C97BB939E71C4,0,20,1413.822,1134.07,0.8021,2,echonet_dynamic_no_long_axis_v1
0X53640FEE8C415E2A,92,108,1316.09,660.671,0.502,2,echonet_dynamic_no_long_axis_v1
0X53654922C42D0581,81,109,1150.477,674.536,0.5863,2,echonet_dynamic_no_long_axis_v1
0X53665CE9C3E14600,36,50,1341.196,1073.375,0.8003,2,echonet_dynamic_no_long_axis_v1
0X53666FBFC3CC3583,100,119,1749.473,1107.834,0.6332,2,echonet_dynamic_no_long_axis_v1
0X536907DD9FB81B8E,43,59,1763.004,1490.013,0.8452,2,echonet_dynamic_no_long_axis_v1
0X5369F6C63E8B5DF5,49,65,1174.041,651.914,0.5553,2,echonet_dynamic_no_long_axis_v1
0X536F4846A4B7D0F9,52,70,1851.749,840.968,0.4541,2,echonet_dynamic_no_long_axis_v1
0X536FF5B8DA04D5A9,130,141,1431.356,864.554,0.604,2,echonet_dynamic_no_long_axis_v1
0X5374EEB8E8E1650C,50,66,993.038,505.683,0.5092,2,echonet_dynamic_no_long_axis_v1
0X53766395EDD20AF4,3,21,935.711,547.72,0.5854,2,echonet_dynamic_no_long_axis_v1
0X537E0C66F1BC068B,35,49,1145.77,705.41,0.6157,2,echonet_dynamic_no_long_axis_v1
0X5384FB77E5EA44DB,55,73,1013.99,515.855,0.5087,2,echonet_dynamic_no_long_axis_v1
0X5386330F2823CD9A,111,126,1709.694,869.033,0.5083,2,echonet_dynamic_no_long_axis_v1
0X5389ED952B455A33,43,58,892.084,423.854,0.4751,2,echonet_dynamic_no_long_axis_v1
0X538CA13B226682A9,119,136,1321.216,1042.567,0.7891,2,echonet_dynamic_no_long_axis_v1
0X538EE4B6099DF1CC,41,59,1513.67,895.468,0.5916,2,echonet_dynamic_no_long_axis_v1
0X53935BDDDDEAC8BE,88,106,3059.291,1656.615,0.5415,2,echonet_dynamic_no_long_axis_v1
0X539386FD2B2033D5,53,66,1475.227,908.793,0.616,2,echonet_dynamic_no_long_axis_v1
0X539A371D00A8183E,0,19,1987.433,1211.31,0.6095,2,echonet_dynamic_no_long_axis_v1
0X539C8A97334B092C,68,79,1837.379,1464.25,0.7969,2,echonet_dynamic_no_long_axis_v1
0X539CB3C4DC98A2A2,59,77,1592.684,826.262,0.5188,2,echonet_dynamic_no_long_axis_v1
0X539FF77627188BF8,44,55,1567.415,1125.39,0.718,2,echonet_dynamic_no_long_axis_v1
0X53A0FEF8F35BDBDC,38,56,1219.254,647.441,0.531,2,echonet_dynamic_no_long_axis_v1
0X53B6D6024241698C,48,66,1587.467,1033.856,0.6513,2,echonet_dynamic_no_long_axis_v1
0X53BD50EB0C43D30D,51,85,842.444,534.323,0.6343,2,echonet_dynamic_no_long_axis_v1
0X53BE187CA129F29,91,106,1246.41,759.254,0.6092,2,echonet_dynamic_no_long_axis_v1
0X53C185263415AA4F,37,25,1235.813,988.37,0.7998,2,echonet_dynamic_no_long_axis_v1
0X53C2C17D229F3C15,57,71,1760.013,874.259,0.4967,2,echonet_dynamic_no_long_axis_v1
0X53C64FBBD36CD7ED,45,59,1715.324,907.35,0.529,2,echonet_dynamic_no_long_axis_v1
0X53C694BBD38E22BF,0,12,1153.049,605.47,0.5251,2,echonet_dynamic_no_long_axis_v1
0X53C69D7485C75891,69,86,1492.485,913.539,0.6121,2,echonet_dynamic_no_long_axis_v1
0X53C84BFA9447BEE8,118,129,1468.299,769.081,0.5238,2,echonet_dynamic_no_long_axis_v1
0X53C87632CB74A529,40,57,1094.903,601.938,0.5498,2,echonet_dynamic_no_long_axis_v1
0X53CDAEEF7BDFBFB2,79,99,937.804,552.003,0.5886,2,echonet_dynamic_no_long_axis_v1
0X53CDFF78C91C7385,43,60,890.806,478.882,0.5376,2,echonet_dynamic_no_long_axis_v1
0X53CE02247441397F,33,46,952.756,539.324,0.5661,2,echonet_dynamic_no_long_axis_v1
0X53D2957F996CF868,71,83,1310.33,640.833,0.4891,2,echonet_dynamic_no_long_axis_v1
0X53D35BCC24F3C358,67,84,1138.505,631.481,0.5547,2,echonet_dynamic_no_long_axis_v1
0X53E07181682C4F8A,100,119,2166.319,1461.676,0.6747,2,echonet_dynamic_no_long_axis_v1
0X53E1375C97572B46,50,66,1492.962,1017.357,0.6814,2,echonet_dynamic_no_long_axis_v1
0X53E56B91AA00FA9D,52,68,822.041,436.483,0.531,2,echonet_dynamic_no_long_axis_v1
0X53E9F9A7FB8F3310,47,61,1176.257,621.943,0.5287,2,echonet_dynamic_no_long_axis_v1
0X53EEA5419A7890EC,80,94,1226.447,782.031,0.6376,2,echonet_dynamic_no_long_axis_v1
0X53F8BDD78E95B9FC,0,16,1274.835,758.373,0.5949,2,echonet_dynamic_no_long_axis_v1
0X54033ED5CBA33FFC,83,102,2146.628,950.731,0.4429,2,echonet_dynamic_no_long_axis_v1
0X5404DDC9EBCC99AC,45,64,1321.509,936.593,0.7087,2,echonet_dynamic_no_long_axis_v1
0X5406E97A85CAEB10,48,70,1023.009,499.309,0.4881,2,echonet_dynamic_no_long_axis_v1
0X5407651AF7E19AD1,4,24,2043.727,1461.662,0.7152,2,echonet_dynamic_no_long_axis_v1
0X5407BBC70D8C2668,111,135,1157.7,654.6,0.5654,2,echonet_dynamic_no_long_axis_v1
0X5408E0317663E31D,108,123,1557.299,1121.199,0.72,2,echonet_dynamic_no_long_axis_v1
0X540A087A5D8BA000,43,57,1360.971,800.371,0.5881,2,echonet_dynamic_no_long_axis_v1
0X540A0C3A3D6FE15E,114,129,1275.711,715.047,0.5605,2,echonet_dynamic_no_long_axis_v1
0X540C108EF0C4BC0A,40,61,1282.619,780.947,0.6089,2,echonet_dynamic_no_long_axis_v1
0X540CEAFF8921F79A,60,77,1454.735,752.774,0.5175,2,echonet_dynamic_no_long_axis_v1
0X540DB65A86CE2AE9,41,56,1745.683,1054.066,0.6038,2,echonet_dynamic_no_long_axis_v1
0X540FDA7545A0BE0D,91,102,1204.715,658.654,0.5467,2,echonet_dynamic_no_long_axis_v1
0X5411B84B15B3E3D3,57,73,1563.474,859.011,0.5494,2,echonet_dynamic_no_long_axis_v1
0X541432A2F24BA7A4,3,17,1539.822,833.265,0.5411,2,echonet_dynamic_no_long_axis_v1
0X5418A371914B3AAD,38,51,1430.339,908.996,0.6355,2,echonet_dynamic_no_long_axis_v1
0X541C0693140E6AD0,18,33,836.227,567.318,0.6784,2,echonet_dynamic_no_long_axis_v1
0X541CBDC87C8A9938,66,86,1356.306,1090.32,0.8039,2,echonet_dynamic_no_long_axis_v1
0X5420B85CEA2D0031,84,100,1477.341,786.488,0.5324,2,echonet_dynamic_no_long_axis_v1
0X542269B9EE51A992,101,118,1279.99,694.404,0.5425,2,echonet_dynamic_no_long_axis_v1
0X542C044A1CD63BB5,1,17,1221.074,695.259,0.5694,2,echonet_dynamic_no_long_axis_v1
0X542D2E472E2F1679,51,71,844.005,425.895,0.5046,2,echonet_dynamic_no_long_axis_v1
0X5432781F699FAD85,187,207,1389.005,788.083,0.5674,2,echonet_dynamic_no_long_axis_v1
0X543AF83606F3A663,44,57,1171.028,550.998,0.4705,2,echonet_dynamic_no_long_axis_v1
0X543FF08F5AEED836,73,81,1132.818,618.698,0.5462,2,echonet_dynamic_no_long_axis_v1
0X5440A5C9A8CACA49,28,47,1413.142,922.271,0.6526,2,echonet_dynamic_no_long_axis_v1
0X54426A036FD34753,101,129,4346.808,3364.516,0.774,2,echonet_dynamic_no_long_axis_v1
0X54442FC8E9CB9471,67,84,1527.469,833.918,0.5459,2,echonet_dynamic_no_long_axis_v1
0X5445E6F3C13CBD31,64,85,974.876,469.084,0.4812,2,echonet_dynamic_no_long_axis_v1
0X544FD7AD28A89E2,109,129,1149.973,795.757,0.692,2,echonet_dynamic_no_long_axis_v1
0X545052C74517595D,37,55,2126.253,1038.162,0.4883,2,echonet_dynamic_no_long_axis_v1
0X5451814C7D5751EE,40,55,1223.653,651.28,0.5322,2,echonet_dynamic_no_long_axis_v1
0X545A13EBCAB66563,41,56,1322.914,650.436,0.4917,2,echonet_dynamic_no_long_axis_v1
0X545A872618190FB2,44,60,1126.123,551.533,0.4898,2,echonet_dynamic_no_long_axis_v1
0X545AE8E42396264B,49,67,2772.492,1581.168,0.5703,2,echonet_dynamic_no_long_axis_v1
0X5463B4BB0B291919,50,72,1052.944,639.647,0.6075,2,echonet_dynamic_no_long_axis_v1
0X5468C7D7A31C7B4E,114,132,1509.824,837.017,0.5544,2,echonet_dynamic_no_long_axis_v1
0X54698C3D37232417,33,48,874.832,563.926,0.6446,2,echonet_dynamic_no_long_axis_v1
0X547038301E3979F9,33,46,986.677,507.882,0.5147,2,echonet_dynamic_no_long_axis_v1
0X547103856DCD6CB5,64,82,2478.144,1436.324,0.5796,2,echonet_dynamic_no_long_axis_v1
0X547240BF9319AEB2,82,89,1621.666,775.795,0.4784,2,echonet_dynamic_no_long_axis_v1
0X54753D541D22E2A6,53,69,1323.165,668.432,0.5052,2,echonet_dynamic_no_long_axis_v1
0X547722DDE523BEA8,63,79,958.329,536.1,0.5594,2,echonet_dynamic_no_long_axis_v1
0X5477359C84D56656,68,83,1486.477,1140.04,0.7669,2,echonet_dynamic_no_long_axis_v1
0X5478D5A9213C8100,95,118,2303.479,1531.1,0.6647,2,echonet_dynamic_no_long_axis_v1
0X547B565B7E7D71E0,164,179,1343.845,741.399,0.5517,2,echonet_dynamic_no_long_axis_v1
0X547BE4F7E93BBD8E,50,69,1313.462,696.896,0.5306,2,echonet_dynamic_no_long_axis_v1
0X5482AE6485A16527,20,32,1764.991,1123.957,0.6368,2,echonet_dynamic_no_long_axis_v1
0X5488B4989668C529,64,84,1183.626,600.886,0.5077,2,echonet_dynamic_no_long_axis_v1
0X54929E074AA52477,33,48,927.801,604.971,0.652,2,echonet_dynamic_no_long_axis_v1
0X5496FF752FDE2035,75,55,1380.76,789.136,0.5715,2,echonet_dynamic_no_long_axis_v1
0X549DC9EF35C8C4E1,31,50,1661.239,1152.857,0.694,2,echonet_dynamic_no_long_axis_v1
0X549E4D1EF55F1A8E,46,69,1605.56,713.988,0.4447,2,echonet_dynamic_no_long_axis_v1
0X54A01EB69B2856E5,77,90,1800.064,1092.316,0.6068,2,echonet_dynamic_no_long_axis_v1
0X54A17A345854DE4F,64,80,1408.39,1070.901,0.7604,2,echonet_dynamic_no_long_axis_v1
0X54A1D14B31268CC6,101,117,1837.586,1355.813,0.7378,2,echonet_dynamic_no_long_axis_v1
0X54A2D65EAE28F52,31,48,1132.278,607.878,0.5369,2,echonet_dynamic_no_long_axis_v1
0X54B01A56E95D4A2E,35,79,1573.088,904.291,0.5749,2,echonet_dynamic_no_long_axis_v1
0X54B116C8FC863906,119,136,941.246,510.707,0.5426,2,echonet_dynamic_no_long_axis_v1
0X54B16EA56C850E86,62,82,803.609,373.821,0.4652,2,echonet_dynamic_no_long_axis_v1
0X54B172E349A11249,44,55,974.934,604.87,0.6204,2,echonet_dynamic_no_long_axis_v1
0X54B48701142030FC,2,19,1520.803,876.031,0.576,2,echonet_dynamic_no_long_axis_v1
0X54B60ED35AF2106C,115,129,1388.309,754.455,0.5434,2,echonet_dynamic_no_long_axis_v1
0X54B663CB7EDDFDCE,44,61,2738.453,1591.377,0.5811,2,echonet_dynamic_no_long_axis_v1
0X54B71D4AF64D761C,136,156,1181.533,784.351,0.6638,2,echonet_dynamic_no_long_axis_v1
0X54B8B2249BC8D627,53,72,1256.218,716.416,0.5703,2,echonet_dynamic_no_long_axis_v1
0X54B9C80F509BBF38,40,60,1981.38,1116.122,0.5633,2,echonet_dynamic_no_long_axis_v1
0X54BB6DC418E39712,92,111,2422.526,1538.849,0.6352,2,echonet_dynamic_no_long_axis_v1
0X54BDACF8BA99714A,95,112,1264.193,683.965,0.541,2,echonet_dynamic_no_long_axis_v1
0X54C421A80132E0C1,35,49,868.552,454.961,0.5238,2,echonet_dynamic_no_long_axis_v1
0X54CA4BDAF8C19A6C,40,60,1394.372,1060.224,0.7604,2,echonet_dynamic_no_long_axis_v1
0X54CB2267CB8CEBBB,66,78,1075.273,694.052,0.6455,2,echonet_dynamic_no_long_axis_v1
0X54CD126B0C4D7D78,46,63,1578.877,736.466,0.4664,2,echonet_dynamic_no_long_axis_v1
0X54CDBDAA77A5FD1F,104,72,1993.171,1047.86,0.5257,2,echonet_dynamic_no_long_axis_v1
0X54CF7E6850392CF3,62,75,1245.552,1148.73,0.9223,2,echonet_dynamic_no_long_axis_v1
0X54D24B12375DA7A9,94,119,1792.07,1055.878,0.5892,2,echonet_dynamic_no_long_axis_v1
0X54D663188563F412,47,66,1197.166,692.461,0.5784,2,echonet_dynamic_no_long_axis_v1
0X54D8BECFC523ACC0,2,19,2087.809,1236.462,0.5922,2,echonet_dynamic_no_long_axis_v1
0X54DB8759A3F32BB7,51,70,1856.446,1228.862,0.6619,2,echonet_dynamic_no_long_axis_v1
0X54DF4907CC51E612,47,61,1257.246,627.501,0.4991,2,echonet_dynamic_no_long_axis_v1
0X54E4998C51F9E270,35,48,832.299,423.873,0.5093,2,echonet_dynamic_no_long_axis_v1
0X54E58ED86243D0B1,46,69,2740.647,1912.999,0.698,2,echonet_dynamic_no_long_axis_v1
0X54EA74B9F2F612A3,116,146,1565.696,911.504,0.5822,2,echonet_dynamic_no_long_axis_v1
0X54F30BAC1CA08CA5,48,63,936.463,569.443,0.6081,2,echonet_dynamic_no_long_axis_v1
0X54F3797A02026F4,15,21,893.941,441.169,0.4935,2,echonet_dynamic_no_long_axis_v1
0X54FBE65372BC873,63,84,1139.969,678.475,0.5952,2,echonet_dynamic_no_long_axis_v1
0X55002DEF59DB3DD2,53,65,1352.636,884.808,0.6541,2,echonet_dynamic_no_long_axis_v1
0X55058C5F4D7952FC,52,69,1637.321,953.448,0.5823,2,echonet_dynamic_no_long_axis_v1
0X55068EDD14C46A52,0,19,904.508,449.097,0.4965,2,echonet_dynamic_no_long_axis_v1
0X5508A93688262E41,111,129,1916.199,1010.027,0.5271,2,echonet_dynamic_no_long_axis_v1
0X550D53D5EC185F5B,45,63,2652.478,1200.814,0.4527,2,echonet_dynamic_no_long_axis_v1
0X55108601E603EE28,86,101,1575.127,1417.292,0.8998,2,echonet_dynamic_no_long_axis_v1
0X5511D9A61EB4B90,71,90,2581.118,1505.949,0.5834,2,echonet_dynamic_no_long_axis_v1
0X551726008E92B23D,85,99,1128.528,587.652,0.5207,2,echonet_dynamic_no_long_axis_v1
0X5519060A689F206,33,45,1621.154,1403.691,0.8659,2,echonet_dynamic_no_long_axis_v1
0X551C98C8FE6B51A9,3,16,2120.76,1258.448,0.5934,2,echonet_dynamic_no_long_axis_v1
0X551E297304F24B60,48,112,1328.269,703.945,0.53,2,echonet_dynamic_no_long_axis_v1
0X55232922CC7FEEED,43,63,3853.608,3315.964,0.8605,2,echonet_dynamic_no_long_axis_v1
0X5525679C7CAF9ACA,54,72,1113.182,627.745,0.5639,2,echonet_dynamic_no_long_axis_v1
0X552D2BEC02396DD4,104,120,1448.079,861.045,0.5946,2,echonet_dynamic_no_long_axis_v1
0X552F06BFE42062D8,41,59,1271.468,685.017,0.5388,2,echonet_dynamic_no_long_axis_v1
0X552F28636AF60E12,41,58,1279.445,697.37,0.5451,2,echonet_dynamic_no_long_axis_v1
0X552F36A6E92D7FE8,35,51,1478.774,640.981,0.4335,2,echonet_dynamic_no_long_axis_v1
0X55306990D785541A,115,134,1176.344,587.315,0.4993,2,echonet_dynamic_no_long_axis_v1
0X5530A07BC4EB238F,61,81,1460.548,1066.484,0.7302,2,echonet_dynamic_no_long_axis_v1
0X55324702AE57AF6D,40,58,537.914,311.597,0.5793,2,echonet_dynamic_no_long_axis_v1
0X5532CED62BAB6882,1,17,1162.199,610.14,0.525,2,echonet_dynamic_no_long_axis_v1
0X5537710165616E3F,42,59,1283.94,837.144,0.652,2,echonet_dynamic_no_long_axis_v1
0X554436B8E190C6C8,90,102,2228.068,1715.299,0.7699,2,echonet_dynamic_no_long_axis_v1
0X5544FBF1BA5A9A61,94,108,981.419,539.266,0.5495,2,echonet_dynamic_no_long_axis_v1
0X554AC1E23B17F678,92,104,2048.595,1248.258,0.6093,2,echonet_dynamic_no_long_axis_v1
0X554BA85E872B3ADC,66,78,1016.571,548.362,0.5394,2,echonet_dynamic_no_long_axis_v1
0X554E1E7CA898F04B,0,19,1397.776,659.116,0.4715,2,echonet_dynamic_no_long_axis_v1
0X554F12E355AF8FF4,2,12,947.096,457.885,0.4835,2,echonet_dynamic_no_long_axis_v1
0X5551A05C97F8D56D,60,80,1449.785,813.077,0.5608,2,echonet_dynamic_no_long_axis_v1
0X5555BF5C1EDB9A9B,51,73,1723.447,899.159,0.5217,2,echonet_dynamic_no_long_axis_v1
0X555625C9E3EC6CEC,68,86,931.098,507.586,0.5451,2,echonet_dynamic_no_long_axis_v1
0X555876814CADAFA9,90,105,1006.073,579.323,0.5758,2,echonet_dynamic_no_long_axis_v1
0X55622F196983BF6A,73,84,1267.78,704.743,0.5559,2,echonet_dynamic_no_long_axis_v1
0X5563B85DBBF1351C,0,24,1919.203,1510.563,0.7871,2,echonet_dynamic_no_long_axis_v1
0X556778F52DA9C489,133,152,1393.822,690.592,0.4955,2,echonet_dynamic_no_long_axis_v1
0X556D518F0DA96477,69,77,1196.819,693.683,0.5796,2,echonet_dynamic_no_long_axis_v1
0X556EDE44066B12B8,2,21,912.574,515.538,0.5649,2,echonet_dynamic_no_long_axis_v1
0X556FD0F89DA85639,52,71,1440.127,1204.397,0.8363,2,echonet_dynamic_no_long_axis_v1
0X5572CB2B3CEA5D9D,121,134,1329.389,722.166,0.5432,2,echonet_dynamic_no_long_axis_v1
0X5572F384EF9DD9FC,53,71,1557.854,744.822,0.4781,2,echonet_dynamic_no_long_axis_v1
0X55776F3806F893EA,29,40,902.06,440.426,0.4882,2,echonet_dynamic_no_long_axis_v1
0X557E1E735D23884B,113,129,1170.945,638.05,0.5449,2,echonet_dynamic_no_long_axis_v1
0X5581B2D3B0328218,155,175,2231.024,1334.41,0.5981,2,echonet_dynamic_no_long_axis_v1
0X55822C238F9E5AD3,114,134,1489.75,767.406,0.5151,2,echonet_dynamic_no_long_axis_v1
0X55866DE7615EB0C5,69,91,935.811,504.304,0.5389,2,echonet_dynamic_no_long_axis_v1
0X558A2A6676BE7D36,45,66,2128.7,1133.826,0.5326,2,echonet_dynamic_no_long_axis_v1
0X558BBB9DC59ABE58,60,74,1169.342,801.129,0.6851,2,echonet_dynamic_no_long_axis_v1
0X558C8F3D27CEDA73,60,72,1389.699,871.17,0.6269,2,echonet_dynamic_no_long_axis_v1
0X558FCFDEDFCAFCD5,4,19,1066.154,616.703,0.5784,2,echonet_dynamic_no_long_axis_v1
0X5590B39A15DFDEFB,57,70,1141.815,681.411,0.5968,2,echonet_dynamic_no_long_axis_v1
0X559321CCEEEF01DF,43,57,1245.743,619.238,0.4971,2,echonet_dynamic_no_long_axis_v1
0X55946D9966062EAB,21,32,725.444,526.6,0.7259,2,echonet_dynamic_no_long_axis_v1
0X5595939CF40AD617,0,20,1556.58,815.217,0.5237,2,echonet_dynamic_no_long_axis_v1
0X5596B9090BBECECC,53,72,727.854,411.153,0.5649,2,echonet_dynamic_no_long_axis_v1
0X559CBA3607FC7673,49,64,1890.669,954.297,0.5047,2,echonet_dynamic_no_long_axis_v1
0X559FE34A6D107985,61,79,1330.706,685.966,0.5155,2,echonet_dynamic_no_long_axis_v1
0X55A40FE407A960E2,50,60,1047.754,592.747,0.5657,2,echonet_dynamic_no_long_axis_v1
0X55A8DADE461043A7,105,123,1634.397,891.046,0.5452,2,echonet_dynamic_no_long_axis_v1
0X55AD49CFEDC55DA0,74,90,817.817,564.866,0.6907,2,echonet_dynamic_no_long_axis_v1
0X55AE4F5E25A9609F,39,56,1271.411,609.982,0.4798,2,echonet_dynamic_no_long_axis_v1
0X55AEA1223ADFB9E8,37,54,976.973,592.347,0.6063,2,echonet_dynamic_no_long_axis_v1
0X55B0C7326EDA51B0,37,49,821.599,514.003,0.6256,2,echonet_dynamic_no_long_axis_v1
0X55B0F73B6D560359,35,50,842.957,448.195,0.5317,2,echonet_dynamic_no_long_axis_v1
0X55B28D6DC97FB5C4,44,65,1418.842,953.275,0.6719,2,echonet_dynamic_no_long_axis_v1
0X55B2FB1BDE1B809F,53,75,1838.414,1037.605,0.5644,2,echonet_dynamic_no_long_axis_v1
0X55B49E2362323D1F,30,42,1072.523,630.481,0.5878,2,echonet_dynamic_no_long_axis_v1
0X55B743099A8EC7BC,62,77,953.55,405.831,0.4256,2,echonet_dynamic_no_long_axis_v1
0X55BAE17B3063905A,53,70,846.219,541.186,0.6395,2,echonet_dynamic_no_long_axis_v1
0X55BD75ADD9A85ADB,48,70,1284.163,838.817,0.6532,2,echonet_dynamic_no_long_axis_v1
0X55BE2D4BC726F7B7,81,95,1502.421,747.382,0.4975,2,echonet_dynamic_no_long_axis_v1
0X55C0000B295E5100,59,74,1159.549,771.316,0.6652,2,echonet_dynamic_no_long_axis_v1
0X55C600641A1669E,49,65,959.324,453.374,0.4726,2,echonet_dynamic_no_long_axis_v1
0X55CA123768AEFB14,82,98,981.61,656.046,0.6683,2,echonet_dynamic_no_long_axis_v1
0X55CFEE15BB86A841,208,238,2661.598,1667.491,0.6265,2,echonet_dynamic_no_long_axis_v1
0X55D3F7134FE08939,58,68,972.294,470.02,0.4834,2,echonet_dynamic_no_long_axis_v1
0X55D7CB901F53B25F,64,80,1428.964,880.377,0.6161,2,echonet_dynamic_no_long_axis_v1
0X55D7F567D55FE1F6,64,87,965.274,526.14,0.5451,2,echonet_dynamic_no_long_axis_v1
0X55D97A446839D999,65,79,2194.346,1300.123,0.5925,2,echonet_dynamic_no_long_axis_v1
0X55DD5AB1762EDCDA,57,81,796.463,423.457,0.5317,2,echonet_dynamic_no_long_axis_v1
0X55EF093BB97CF2D1,7,23,2034.823,1837.665,0.9031,2,echonet_dynamic_no_long_axis_v1
0X55F05AC4B87FF7ED,134,155,1052.796,605.118,0.5748,2,echonet_dynamic_no_long_axis_v1
0X55F34E78F82115A,58,85,2819.278,1415.47,0.5021,2,echonet_dynamic_no_long_axis_v1
0X55F5808EF06694A4,52,72,1438.892,791.098,0.5498,2,echonet_dynamic_no_long_axis_v1
0X55F8010A394F3756,58,74,1966.042,1111.357,0.5653,2,echonet_dynamic_no_long_axis_v1
0X55FF5914AD9A8C52,49,71,1379.783,996.416,0.7222,2,echonet_dynamic_no_long_axis_v1
0X560279556FB69A44,89,108,1750.13,834.282,0.4767,2,echonet_dynamic_no_long_axis_v1
0X5604847553919219,41,55,2421.081,1953.857,0.807,2,echonet_dynamic_no_long_axis_v1
0X5606683C2B5E4E3C,105,121,1400.27,814.642,0.5818,2,echonet_dynamic_no_long_axis_v1
0X56099E849EE89786,49,74,1783.716,966.177,0.5417,2,echonet_dynamic_no_long_axis_v1
0X560AC3ED5C9AA949,55,72,2063.387,1544.057,0.7483,2,echonet_dynamic_no_long_axis_v1
0X560DCF7EA12DC533,118,131,1003.484,548.361,0.5465,2,echonet_dynamic_no_long_axis_v1
0X560F4FD09C718326,97,114,1409.403,774.732,0.5497,2,echonet_dynamic_no_long_axis_v1
0X561479A7A64AF873,100,115,1015.704,513.841,0.5059,2,echonet_dynamic_no_long_axis_v1
0X5617906D2ADFA252,2,19,1116.508,760.962,0.6816,2,echonet_dynamic_no_long_axis_v1
0X56196FF1812E8C2,115,138,2009.271,911.109,0.4535,2,echonet_dynamic_no_long_axis_v1
0X561B0F7DC084235B,104,115,1331.461,875.485,0.6575,2,echonet_dynamic_no_long_axis_v1
0X561B176101B8763D,113,126,1826.089,1003.33,0.5494,2,echonet_dynamic_no_long_axis_v1
0X561EA6D2BA7109CC,2,29,1433.143,777.341,0.5424,2,echonet_dynamic_no_long_axis_v1
0X562104499AF7434C,45,63,954.739,650.25,0.6811,2,echonet_dynamic_no_long_axis_v1
0X5623423CD11DB981,38,61,1051.351,679.748,0.6465,2,echonet_dynamic_no_long_axis_v1
0X5628BF37F914D9D3,36,60,2512.206,1491.017,0.5935,2,echonet_dynamic_no_long_axis_v1
0X562D7CFA5BAE1A69,131,146,1254.466,750.785,0.5985,2,echonet_dynamic_no_long_axis_v1
0X562DD4BDA72895C5,2,19,1347.361,765.65,0.5683,2,echonet_dynamic_no_long_axis_v1
0X562F92891AEF1368,38,52,3004.107,1647.429,0.5484,2,echonet_dynamic_no_long_axis_v1
0X5634E7D1A1EF62FE,78,92,1290.352,767.753,0.595,2,echonet_dynamic_no_long_axis_v1
0X5637911EE0FA79F3,51,67,1011.186,571.348,0.565,2,echonet_dynamic_no_long_axis_v1
0X563A4DE533398A77,0,23,2598.741,1370.739,0.5275,2,echonet_dynamic_no_long_axis_v1
0X563EE078BB4DBE66,50,39,905.649,531.111,0.5864,2,echonet_dynamic_no_long_axis_v1
0X56477376D54B5518,67,82,1373.92,758.38,0.552,2,echonet_dynamic_no_long_axis_v1
0X564851F58C08D3CF,230,247,1257.603,712.138,0.5663,2,echonet_dynamic_no_long_axis_v1
0X5648DF28AE0A879F,178,194,722.755,415.929,0.5755,2,echonet_dynamic_no_long_axis_v1
0X56497E5A81DB483A,53,68,1776.74,1076.595,0.6059,2,echonet_dynamic_no_long_axis_v1
0X564B7112D21AC297,49,68,2131.174,1684.339,0.7903,2,echonet_dynamic_no_long_axis_v1
0X564D07499141655,49,67,1491.649,917.365,0.615,2,echonet_dynamic_no_long_axis_v1
0X564F15765F05A7ED,32,45,1461.596,1209.133,0.8273,2,echonet_dynamic_no_long_axis_v1
0X565CB99FA2247353,91,110,1332.185,778.022,0.584,2,echonet_dynamic_no_long_axis_v1
0X566073CD81D42C71,91,105,1280.821,891.262,0.6959,2,echonet_dynamic_no_long_axis_v1
0X566816B89E817417,76,94,2001.837,1068.14,0.5336,2,echonet_dynamic_no_long_axis_v1
0X566B56DBD9C76630,51,75,1727.972,1097.452,0.6351,2,echonet_dynamic_no_long_axis_v1
0X566BCD122F004DBB,98,117,838.7,439.312,0.5238,2,echonet_dynamic_no_long_axis_v1
0X56708560343E424C,2,18,1328.159,716.839,0.5397,2,echonet_dynamic_no_long_axis_v1
0X56744939961E376C,5,22,881.247,513.092,0.5822,2,echonet_dynamic_no_long_axis_v1
0X56772AFC64BB2E21,33,47,2290.404,2155.609,0.9411,2,echonet_dynamic_no_long_axis_v1
0X5678F14272EC915,72,86,1394.85,1173.252,0.8411,2,echonet_dynamic_no_long_axis_v1
0X56797D174D34659A,113,140,1846.905,1465.361,0.7934,2,echonet_dynamic_no_long_axis_v1
0X567AE5FEFC5CE4C6,113,128,2116.447,1234.581,0.5833,2,echonet_dynamic_no_long_axis_v1
0X567C02D701B3C187,94,108,2545.064,1243.264,0.4885,2,echonet_dynamic_no_long_axis_v1
0X568003EF393E748E,125,146,961.493,457.862,0.4762,2,echonet_dynamic_no_long_axis_v1
0X5680EEA4E51CBF5E,4,19,1015.254,632.028,0.6225,2,echonet_dynamic_no_long_axis_v1
0X568183EB03D60A5E,70,86,1657.022,1023.475,0.6177,2,echonet_dynamic_no_long_axis_v1
0X5681A0EC29CEDAFB,104,118,2046.346,1177.397,0.5754,2,echonet_dynamic_no_long_axis_v1
0X5682461951253D12,88,107,1212.317,659.301,0.5438,2,echonet_dynamic_no_long_axis_v1
0X56832722695AD390,103,118,1508.054,749.67,0.4971,2,echonet_dynamic_no_long_axis_v1
0X56874CBB4CCD7382,119,137,1905.35,1132.963,0.5946,2,echonet_dynamic_no_long_axis_v1
0X568C885819B16C0A,211,231,1822.661,1479.754,0.8119,2,echonet_dynamic_no_long_axis_v1
0X568CB22448662BDC,2,19,1227.284,738.512,0.6017,2,echonet_dynamic_no_long_axis_v1
0X569083868ADC8519,95,110,1492.447,744.82,0.4991,2,echonet_dynamic_no_long_axis_v1
0X5694870433CABB5,1,16,1557.684,790.564,0.5075,2,echonet_dynamic_no_long_axis_v1
0X5699359D37175033,40,54,1158.596,725.508,0.6262,2,echonet_dynamic_no_long_axis_v1
0X569C32CA446F75CB,54,76,1697.541,923.406,0.544,2,echonet_dynamic_no_long_axis_v1
0X569DEFF95A8A059F,43,60,1164.137,581.659,0.4996,2,echonet_dynamic_no_long_axis_v1
0X56A3F4651716DAFF,38,52,1238.889,815.609,0.6583,2,echonet_dynamic_no_long_axis_v1
0X56AA2BDAB8C1F14F,45,56,741.975,435.537,0.587,2,echonet_dynamic_no_long_axis_v1
0X56AEDD98E8E5A043,126,141,884.477,471.558,0.5331,2,echonet_dynamic_no_long_axis_v1
0X56AF18E9AFAC458,67,80,961.261,667.013,0.6939,2,echonet_dynamic_no_long_axis_v1
0X56B33CBB233A00B9,48,66,1291.345,710.492,0.5502,2,echonet_dynamic_no_long_axis_v1
0X56B7224CF1210326,77,88,808.851,458.013,0.5663,2,echonet_dynamic_no_long_axis_v1
0X56B7729C43515690,61,76,975.465,541.273,0.5549,2,echonet_dynamic_no_long_axis_v1
0X56B7B0747C33B23A,97,118,891.019,528.548,0.5932,2,echonet_dynamic_no_long_axis_v1
0X56B9E97A265B9F6C,51,69,1481.316,852.362,0.5754,2,echonet_dynamic_no_long_axis_v1
0X56BAEFC36506EC74,84,99,1011.153,703.938,0.6962,2,echonet_dynamic_no_long_axis_v1
0X56BDAF0A20E92CF1,2,21,1561.055,810.762,0.5194,2,echonet_dynamic_no_long_axis_v1
0X56C0487D888C3C2E,39,55,1483.171,951.899,0.6418,2,echonet_dynamic_no_long_axis_v1
0X56C28776175F8548,156,173,1942.78,964.959,0.4967,2,echonet_dynamic_no_long_axis_v1
0X56C97E9D6660C8B7,88,106,1028.825,433.181,0.421,2,echonet_dynamic_no_long_axis_v1
0X56D0F1AB970BFE4D,35,48,1490.732,821.841,0.5513,2,echonet_dynamic_no_long_axis_v1
0X56D7623C833287F2,95,119,1105.354,787.217,0.7122,2,echonet_dynamic_no_long_axis_v1
0X56D95E6BBB21D5B4,3,21,725.28,370.83,0.5113,2,echonet_dynamic_no_long_axis_v1
0X56E3DF133F5CF751,3,20,874.359,514.796,0.5888,2,echonet_dynamic_no_long_axis_v1
0X56E7A49CF36EA5F9,114,127,1450.807,925.919,0.6382,2,echonet_dynamic_no_long_axis_v1
0X56ECC2667F530B1,115,135,975.623,585.043,0.5997,2,echonet_dynamic_no_long_axis_v1
0X56F50AAB96844031,30,42,1295.505,966.256,0.7459,2,echonet_dynamic_no_long_axis_v1
0X56F9344331EA3B8,68,81,1109.48,629.125,0.567,2,echonet_dynamic_no_long_axis_v1
0X56FC2793F196F52C,74,89,795.974,470.675,0.5913,2,echonet_dynamic_no_long_axis_v1
0X56FC615935BD61AD,45,58,1365.937,762.164,0.558,2,echonet_dynamic_no_long_axis_v1
0X56FD0409BFA202DF,45,64,2972.445,1849.851,0.6223,2,echonet_dynamic_no_long_axis_v1
0X570169A62E38E453,36,48,707.076,619.796,0.8766,2,echonet_dynamic_no_long_axis_v1
0X57049D79D2223947,70,88,2477.421,1962.033,0.792,2,echonet_dynamic_no_long_axis_v1
0X57068FCB2941B2B0,48,59,1233.603,655.503,0.5314,2,echonet_dynamic_no_long_axis_v1
0X5709B89606570BB5,75,92,1048.613,537.621,0.5127,2,echonet_dynamic_no_long_axis_v1
0X570CF669C75084DE,49,63,933.99,462.903,0.4956,2,echonet_dynamic_no_long_axis_v1
0X57115FCDFC17AD13,69,88,1381.476,783.2,0.5669,2,echonet_dynamic_no_long_axis_v1
0X5711E76EE9E6D05C,92,108,1613.435,1066.944,0.6613,2,echonet_dynamic_no_long_axis_v1
0X571A188810080076,66,80,1910.4,1510.286,0.7906,2,echonet_dynamic_no_long_axis_v1
0X571FD5A3DF89F23E,41,58,2259.732,1246.776,0.5517,2,echonet_dynamic_no_long_axis_v1
0X572499FB5E263E98,145,164,2707.706,2147.391,0.7931,2,echonet_dynamic_no_long_axis_v1
0X57294851359B9F2C,94,118,1221.4,821.666,0.6727,2,echonet_dynamic_no_long_axis_v1
0X572AEF5D9FB71D5E,91,105,1584.47,793.695,0.5009,2,echonet_dynamic_no_long_axis_v1
0X5732F683C370572F,42,58,1349.459,708.046,0.5247,2,echonet_dynamic_no_long_axis_v1
0X5737214D87C3C6A2,42,58,1040.39,511.358,0.4915,2,echonet_dynamic_no_long_axis_v1
0X5737FD30335E04B2,65,76,573.084,322.016,0.5619,2,echonet_dynamic_no_long_axis_v1
0X5739E698E8CF82B8,32,15,1833.657,1224.542,0.6678,2,echonet_dynamic_no_long_axis_v1
0X573ACEFCBEEEBDB1,90,105,1424.962,756.847,0.5311,2,echonet_dynamic_no_long_axis_v1
0X5740370BFDBCB8C0,83,95,1301.507,691.132,0.531,2,echonet_dynamic_no_long_axis_v1
0X57418E2E81370788,89,108,932.893,584.516,0.6266,2,echonet_dynamic_no_long_axis_v1
0X5746FD1045390A93,69,82,1625.618,946.733,0.5824,2,echonet_dynamic_no_long_axis_v1
0X5747C22B0A383B17,71,90,1382.915,790.403,0.5715,2,echonet_dynamic_no_long_axis_v1
0X574915FE8F47DA9D,30,44,1107.755,945.101,0.8532,2,echonet_dynamic_no_long_axis_v1
0X57496C7B6FB532F3,94,110,1267.29,722.25,0.5699,2,echonet_dynamic_no_long_axis_v1
0X575385417D2251F3,92,109,1032.093,571.0,0.5532,2,echonet_dynamic_no_long_axis_v1
0X575A1E4C8C441849,71,87,1073.979,794.053,0.7394,2,echonet_dynamic_no_long_axis_v1
0X57614735C29E7850,48,57,1333.761,649.867,0.4872,2,echonet_dynamic_no_long_axis_v1
0X57638EDBA6862410,131,148,1792.379,1092.196,0.6094,2,echonet_dynamic_no_long_axis_v1
0X5763B13F5E834682,90,103,2247.327,1341.238,0.5968,2,echonet_dynamic_no_long_axis_v1
0X576CE75DB92A2833,47,75,3219.513,2656.091,0.825,2,echonet_dynamic_no_long_axis_v1
0X5770BC86E23F64A1,129,151,2301.517,1238.391,0.5381,2,echonet_dynamic_no_long_axis_v1
0X577895B05C084B1C,60,72,1178.463,486.524,0.4128,2,echonet_dynamic_no_long_axis_v1
0X5782DC934099FAF7,45,67,741.595,410.243,0.5532,2,echonet_dynamic_no_long_axis_v1
0X5789708D8B711CE9,60,136,4240.082,2147.926,0.5066,2,echonet_dynamic_no_long_axis_v1
0X5789D0955145506E,4,13,795.775,468.617,0.5889,2,echonet_dynamic_no_long_axis_v1
0X578A64C447B18198,29,46,1431.46,1137.999,0.795,2,echonet_dynamic_no_long_axis_v1
0X578CD55FD7FA1FBC,69,86,999.773,587.679,0.5878,2,echonet_dynamic_no_long_axis_v1
0X579545295C91E0C9,84,105,914.186,433.219,0.4739,2,echonet_dynamic_no_long_axis_v1
0X57967E99CD78E8DD,42,67,1805.079,1207.693,0.6691,2,echonet_dynamic_no_long_axis_v1
0X57998A179A216872,124,139,1452.552,844.464,0.5814,2,echonet_dynamic_no_long_axis_v1
0X579AA4481F4C4811,48,68,2172.606,1238.231,0.5699,2,echonet_dynamic_no_long_axis_v1
0X57A074E488CFB7AC,124,146,1589.478,1049.408,0.6602,2,echonet_dynamic_no_long_axis_v1
0X57AD6F3761E27928,55,72,800.252,397.365,0.4965,2,echonet_dynamic_no_long_axis_v1
0X57ADA497F0EBEDF1,51,67,1359.966,1088.742,0.8006,2,echonet_dynamic_no_long_axis_v1
0X57AF243EC526F96B,128,142,1875.046,1258.77,0.6713,2,echonet_dynamic_no_long_axis_v1
0X57AF4D24B154C573,1,15,2313.922,160.861,0.0695,2,echonet_dynamic_no_long_axis_v1
0X57B106FE43F61E7F,126,142,1000.992,556.124,0.5556,2,echonet_dynamic_no_long_axis_v1
0X57B2E99ECD4B98E1,71,86,1020.389,563.345,0.5521,2,echonet_dynamic_no_long_axis_v1
0X57B3CE32DFE7E331,173,195,981.113,659.968,0.6727,2,echonet_dynamic_no_long_axis_v1
0X57B578504088002B,57,72,1489.008,754.833,0.5069,2,echonet_dynamic_no_long_axis_v1
0X57BBFCDCFCC7C65B,42,60,923.018,436.696,0.4731,2,echonet_dynamic_no_long_axis_v1
0X57C2A3A02FE8B21,44,60,1019.772,506.981,0.4972,2,echonet_dynamic_no_long_axis_v1
0X57C34323F2863D98,48,64,1139.497,571.553,0.5016,2,echonet_dynamic_no_long_axis_v1
0X57C52904B0175D71,111,139,2020.637,1179.351,0.5837,2,echonet_dynamic_no_long_axis_v1
0X57C86935475E8DA1,38,50,1478.383,837.788,0.5667,2,echonet_dynamic_no_long_axis_v1
0X57CAE0E977EF3D47,110,122,674.1,300.276,0.4454,2,echonet_dynamic_no_long_axis_v1
0X57D305C314C9E75B,36,50,958.708,560.813,0.585,2,echonet_dynamic_no_long_axis_v1
0X57D44A1928229F95,54,75,1221.583,699.832,0.5729,2,echonet_dynamic_no_long_axis_v1
0X57D45309B5983032,46,61,1447.799,838.783,0.5794,2,echonet_dynamic_no_long_axis_v1
0X57D463CDA795B9E4,109,120,1061.225,781.08,0.736,2,echonet_dynamic_no_long_axis_v1
0X57DC82A70105D85E,53,71,1600.064,1065.046,0.6656,2,echonet_dynamic_no_long_axis_v1
0X57E2E5B50B2F0E9F,59,75,1420.981,770.454,0.5422,2,echonet_dynamic_no_long_axis_v1
0X57E5F01C8FBC44B2,50,55,1216.911,942.941,0.7749,2,echonet_dynamic_no_long_axis_v1
0X57E623AB38FB2122,25,38,685.664,467.454,0.6818,2,echonet_dynamic_no_long_axis_v1
0X57E6ED6156AD179,52,71,1182.099,644.679,0.5454,2,echonet_dynamic_no_long_axis_v1
0X57EE8E6B8C4E7F5,35,49,1170.138,661.476,0.5653,2,echonet_dynamic_no_long_axis_v1
0X57F0C4F8C24F34EA,0,15,1214.793,707.847,0.5827,2,echonet_dynamic_no_long_axis_v1
0X57FB35BD11EF937D,114,136,1276.187,880.275,0.6898,2,echonet_dynamic_no_long_axis_v1
0X57FE3361D451C871,140,129,1706.494,885.459,0.5189,2,echonet_dynamic_no_long_axis_v1
0X5806E874A6A5F13D,664,686,1188.955,623.58,0.5245,2,echonet_dynamic_no_long_axis_v1
0X5807A3E41076EE92,52,64,1406.017,791.213,0.5627,2,echonet_dynamic_no_long_axis_v1
0X580C785A54010D31,100,113,1157.354,635.552,0.5491,2,echonet_dynamic_no_long_axis_v1
0X580CEE48A5CB3F78,100,114,962.939,508.904,0.5285,2,echonet_dynamic_no_long_axis_v1
0X580E9EB1627EA2EC,78,91,935.126,515.793,0.5516,2,echonet_dynamic_no_long_axis_v1
0X5814C1D501200DBC,44,63,895.706,605.689,0.6762,2,echonet_dynamic_no_long_axis_v1
0X5816941DEDFD5EF8,51,68,2242.665,1491.321,0.665,2,echonet_dynamic_no_long_axis_v1
0X581C466FF21EA655,121,138,953.689,563.713,0.5911,2,echonet_dynamic_no_long_axis_v1
0X58234EC2ACE425BC,26,36,500.838,390.292,0.7793,2,echonet_dynamic_no_long_axis_v1
0X582705BA9DF60331,0,13,1427.904,728.936,0.5105,2,echonet_dynamic_no_long_axis_v1
0X582990A8C81BACB0,0,16,1550.64,769.757,0.4964,2,echonet_dynamic_no_long_axis_v1
0X58328E6D19296808,108,118,1544.489,1266.023,0.8197,2,echonet_dynamic_no_long_axis_v1
0X58338E94EAA6EFCE,67,77,1131.853,663.404,0.5861,2,echonet_dynamic_no_long_axis_v1
0X5834018E4FD4FBEA,56,80,1937.434,1257.431,0.649,2,echonet_dynamic_no_long_axis_v1
0X58344E9C7BAF1EFC,47,60,1112.859,551.219,0.4953,2,echonet_dynamic_no_long_axis_v1
0X58381B534004F33A,40,57,1400.897,823.519,0.5879,2,echonet_dynamic_no_long_axis_v1
0X583C05A8EFEF7992,36,49,1330.726,731.707,0.5499,2,echonet_dynamic_no_long_axis_v1
0X583DA07459933891,125,143,1869.325,1283.025,0.6864,2,echonet_dynamic_no_long_axis_v1
0X5843363A84693349,68,87,993.698,632.379,0.6364,2,echonet_dynamic_no_long_axis_v1
0X584739FD0DD86A50,2,15,1166.652,677.445,0.5807,2,echonet_dynamic_no_long_axis_v1
0X58476FD2C3A6A4D4,99,116,1126.834,576.585,0.5117,2,echonet_dynamic_no_long_axis_v1
0X5849D369214E9D44,40,52,1008.511,578.421,0.5735,2,echonet_dynamic_no_long_axis_v1
0X5862D7393B1702A1,96,113,1004.741,549.79,0.5472,2,echonet_dynamic_no_long_axis_v1
0X5864696B49D8AEFA,70,83,648.963,377.071,0.581,2,echonet_dynamic_no_long_axis_v1
0X5864C38A349E78EB,39,51,2373.704,2142.853,0.9027,2,echonet_dynamic_no_long_axis_v1
0X586512267FF12EFB,54,75,1431.445,799.094,0.5582,2,echonet_dynamic_no_long_axis_v1
0X58689D0656F5952E,89,110,1627.1,948.43,0.5829,2,echonet_dynamic_no_long_axis_v1
0X586F5B8D38894CA9,149,167,1827.516,1509.422,0.8259,2,echonet_dynamic_no_long_axis_v1
0X5870E298D9583F01,43,61,1018.61,577.505,0.567,2,echonet_dynamic_no_long_axis_v1
0X58715681A919A46B,41,56,1512.43,775.713,0.5129,2,echonet_dynamic_no_long_axis_v1
0X5871F4CB38FCA3DD,49,67,1501.201,857.692,0.5713,2,echonet_dynamic_no_long_axis_v1
0X587790E0A7D9D232,47,66,1772.974,1015.903,0.573,2,echonet_dynamic_no_long_axis_v1
0X587BA6A4BB4E5419,51,67,1178.024,733.242,0.6224,2,echonet_dynamic_no_long_axis_v1
0X58839F3785AF3EA5,84,97,1101.165,619.11,0.5622,2,echonet_dynamic_no_long_axis_v1
0X58871E2E411DF847,34,47,1018.915,569.227,0.5587,2,echonet_dynamic_no_long_axis_v1
0X5888A01BFE3480D4,69,84,2990.289,1751.787,0.5858,2,echonet_dynamic_no_long_axis_v1
0X588B2DFAF08B8A55,67,79,1246.977,1025.15,0.8221,2,echonet_dynamic_no_long_axis_v1
0X588C869314F5D067,6,10,2050.194,1057.44,0.5158,2,echonet_dynamic_no_long_axis_v1
0X588E162E5DD9DB03,79,96,992.123,520.594,0.5247,2,echonet_dynamic_no_long_axis_v1
0X588E3EACF2F064F3,62,74,2573.377,1847.905,0.7181,2,echonet_dynamic_no_long_axis_v1
0X588FDBBA1B4732A1,137,148,1537.731,1044.482,0.6792,2,echonet_dynamic_no_long_axis_v1
0X589473980BD8A982,42,57,1145.345,650.731,0.5682,2,echonet_dynamic_no_long_axis_v1
0X5896ABFE924AB523,45,64,1424.264,834.711,0.5861,2,echonet_dynamic_no_long_axis_v1
0X5898C1CFEA50CF3A,94,112,1483.521,660.466,0.4452,2,echonet_dynamic_no_long_axis_v1
0X5899680B2CF3DF20,132,150,1942.281,1022.638,0.5265,2,echonet_dynamic_no_long_axis_v1
0X589E6E8F092EF3D2,82,95,1177.386,536.143,0.4554,2,echonet_dynamic_no_long_axis_v1
0X589ED00FEB9EA2CE,139,156,1730.046,874.247,0.5053,2,echonet_dynamic_no_long_axis_v1
0X58A4A57D6F79861D,84,95,1040.605,579.421,0.5568,2,echonet_dynamic_no_long_axis_v1
0X58A857FB59CA0866,62,78,2579.353,1409.668,0.5465,2,echonet_dynamic_no_long_axis_v1
0X58B0DA957D4BC1EC,120,137,1800.368,892.826,0.4959,2,echonet_dynamic_no_long_axis_v1
0X58B2C807C6950870,64,79,1042.101,802.002,0.7696,2,echonet_dynamic_no_long_axis_v1
0X58B3481E2ED23F3F,91,107,1076.84,668.803,0.6211,2,echonet_dynamic_no_long_axis_v1
0X58B97B8E78F555E5,152,170,2337.416,1893.494,0.8101,2,echonet_dynamic_no_long_axis_v1
0X58C252BAD9120AAA,4,35,1733.639,831.562,0.4797,2,echonet_dynamic_no_long_axis_v1
0X58C8439D9869BF58,51,60,1117.246,621.392,0.5562,2,echonet_dynamic_no_long_axis_v1
0X58C898AC23AFC561,43,57,1165.871,621.028,0.5327,2,echonet_dynamic_no_long_axis_v1
0X58C9A67666B969C2,36,53,2442.573,1411.903,0.578,2,echonet_dynamic_no_long_axis_v1
0X58CB708D5F276CE1,35,53,909.802,476.427,0.5237,2,echonet_dynamic_no_long_axis_v1
0X58CC73CB241426DD,94,110,1599.187,1267.738,0.7927,2,echonet_dynamic_no_long_axis_v1
0X58CC8340AFE517B,91,101,1471.841,931.147,0.6326,2,echonet_dynamic_no_long_axis_v1
0X58CEE9E828EEF7CB,53,74,1678.57,1125.775,0.6707,2,echonet_dynamic_no_long_axis_v1
0X58D04EA94BD2181B,66,82,2068.618,1412.675,0.6829,2,echonet_dynamic_no_long_axis_v1
0X58D3DFC9AE85338E,45,59,1187.194,644.434,0.5428,2,echonet_dynamic_no_long_axis_v1
0X58E0C4426D076B8B,79,94,1312.866,754.315,0.5746,2,echonet_dynamic_no_long_axis_v1
0X58E0D85ABA2FFF6E,28,42,1165.946,1031.538,0.8847,2,echonet_dynamic_no_long_axis_v1
0X58E3A1FBB2C9A8D1,116,149,2134.542,1055.743,0.4946,2,echonet_dynamic_no_long_axis_v1
0X58E68FF5E366ADAD,158,177,1016.396,535.267,0.5266,2,echonet_dynamic_no_long_axis_v1
0X58E8A4A0DB059360,47,60,3125.568,2830.729,0.9057,2,echonet_dynamic_no_long_axis_v1
0X58E9941E544B4437,90,108,1580.628,862.542,0.5457,2,echonet_dynamic_no_long_axis_v1
0X58EA08A90D21496D,68,92,1612.11,812.308,0.5039,2,echonet_dynamic_no_long_axis_v1
0X58EA44DD398ACEDF,116,135,1360.825,1126.056,0.8275,2,echonet_dynamic_no_long_axis_v1
0X58EBB19DD908A04,45,61,1476.779,788.289,0.5338,2,echonet_dynamic_no_long_axis_v1
0X58F1C5FCF1CDAB4D,90,109,1136.033,906.794,0.7982,2,echonet_dynamic_no_long_axis_v1
0X58F7EC389A5FA5AE,48,65,1071.312,568.862,0.531,2,echonet_dynamic_no_long_axis_v1
0X58F81331AC8DFB28,43,61,1075.189,582.648,0.5419,2,echonet_dynamic_no_long_axis_v1
0X58F8B32F2F4BB1FC,66,84,1268.679,680.951,0.5367,2,echonet_dynamic_no_long_axis_v1
0X58FAA29103D77749,48,66,1385.806,721.319,0.5205,2,echonet_dynamic_no_long_axis_v1
0X58FABBD1452885A9,82,101,1278.081,645.022,0.5047,2,echonet_dynamic_no_long_axis_v1
0X58FDB3BA0B623121,49,61,679.33,412.521,0.6072,2,echonet_dynamic_no_long_axis_v1
0X5906DC737114DBF1,34,62,1357.51,798.57,0.5883,2,echonet_dynamic_no_long_axis_v1
0X5909C0C23F72F79F,83,99,2384.326,1266.987,0.5314,2,echonet_dynamic_no_long_axis_v1
0X590E3EC2C55BE57D,49,72,3280.582,2686.953,0.819,2,echonet_dynamic_no_long_axis_v1
0X590E81D4160A19D3,44,56,935.427,652.607,0.6977,2,echonet_dynamic_no_long_axis_v1
0X5910AD8CFCEBCFBE,100,126,1060.962,683.937,0.6446,2,echonet_dynamic_no_long_axis_v1
0X591ECF81428086F5,57,65,1361.782,949.238,0.6971,2,echonet_dynamic_no_long_axis_v1
0X5921D38ED2B4AFD,80,98,1061.901,628.503,0.5919,2,echonet_dynamic_no_long_axis_v1
0X59221E655A0BEB5F,71,86,1674.226,754.834,0.4509,2,echonet_dynamic_no_long_axis_v1
0X5929F010F6E0B599,3,25,2138.702,1516.042,0.7089,2,echonet_dynamic_no_long_axis_v1
0X592B7FFFAB37E75,39,56,1169.871,667.06,0.5702,2,echonet_dynamic_no_long_axis_v1
0X592BC78654B44045,76,96,1813.26,1114.927,0.6149,2,echonet_dynamic_no_long_axis_v1
0X592D63DA4757CEFF,96,113,1087.907,808.99,0.7436,2,echonet_dynamic_no_long_axis_v1
0X592EF931C5408F76,75,92,1855.789,955.651,0.515,2,echonet_dynamic_no_long_axis_v1
0X592F2897A11F51ED,107,120,992.892,474.614,0.478,2,echonet_dynamic_no_long_axis_v1
0X592F522398D46067,102,60,946.071,481.229,0.5087,2,echonet_dynamic_no_long_axis_v1
0X5932549C293D414,36,53,653.468,368.21,0.5635,2,echonet_dynamic_no_long_axis_v1
0X5934A7755DBA992F,101,119,1893.414,1106.787,0.5845,2,echonet_dynamic_no_long_axis_v1
0X59381CEC5E5E999E,33,47,1721.831,1017.701,0.5911,2,echonet_dynamic_no_long_axis_v1
0X593E7BA6491DC8CC,50,70,1000.035,588.772,0.5888,2,echonet_dynamic_no_long_axis_v1
0X5940511FDA9E382A,84,101,2310.076,1564.423,0.6772,2,echonet_dynamic_no_long_axis_v1
0X594171E23BEE91B3,46,65,1561.441,1000.878,0.641,2,echonet_dynamic_no_long_axis_v1
0X5942BAEA791A0AB8,36,51,1152.498,706.043,0.6126,2,echonet_dynamic_no_long_axis_v1
0X5947CC66C2E5AB66,86,113,850.573,466.979,0.549,2,echonet_dynamic_no_long_axis_v1
0X594EE4FCD0F9B2A7,163,176,1689.537,1031.128,0.6103,2,echonet_dynamic_no_long_axis_v1
0X59526B3C70A1B54D,72,87,968.835,642.207,0.6629,2,echonet_dynamic_no_long_axis_v1
0X595745DC191C9400,50,65,1401.01,734.693,0.5244,2,echonet_dynamic_no_long_axis_v1
0X595A8E44AB630A80,59,77,1384.754,787.926,0.569,2,echonet_dynamic_no_long_axis_v1
0X595CF8F19E1EC5C1,3,23,2113.027,1728.741,0.8181,2,echonet_dynamic_no_long_axis_v1
0X595D5EB09B62A91C,114,129,1333.967,635.61,0.4765,2,echonet_dynamic_no_long_axis_v1
0X595ECA5F232566EE,48,62,1004.79,708.437,0.7051,2,echonet_dynamic_no_long_axis_v1
0X595F9CFE560DEF4A,53,68,1279.427,643.367,0.5029,2,echonet_dynamic_no_long_axis_v1
0X59671F285804943A,71,89,1099.435,467.627,0.4253,2,echonet_dynamic_no_long_axis_v1
0X596782EB29F20A7F,43,59,1455.57,859.289,0.5903,2,echonet_dynamic_no_long_axis_v1
0X5969A32C106156ED,36,48,1311.566,779.354,0.5942,2,echonet_dynamic_no_long_axis_v1
0X5969D01C13D8D7A8,99,116,716.296,387.557,0.5411,2,echonet_dynamic_no_long_axis_v1
0X596D82CEC244AD7B,3,14,1146.163,872.756,0.7615,2,echonet_dynamic_no_long_axis_v1
0X596F693EAFBE7717,51,74,1556.866,883.939,0.5678,2,echonet_dynamic_no_long_axis_v1
0X597141ABAB17D04A,43,59,1761.048,1071.236,0.6083,2,echonet_dynamic_no_long_axis_v1
0X597330338F81277E,53,71,2438.392,1546.157,0.6341,2,echonet_dynamic_no_long_axis_v1
0X5977A2AAB900A179,60,75,1166.366,672.61,0.5767,2,echonet_dynamic_no_long_axis_v1
0X5977AE444B36CEBF,32,43,919.557,698.172,0.7592,2,echonet_dynamic_no_long_axis_v1
0X598838470DE81F43,39,54,869.848,381.703,0.4388,2,echonet_dynamic_no_long_axis_v1
0X598C59061017AD74,50,72,913.864,511.783,0.56,2,echonet_dynamic_no_long_axis_v1
0X598CCC65250BED12,105,123,1590.89,895.164,0.5627,2,echonet_dynamic_no_long_axis_v1
0X5999F4973DBFB6D,55,76,1366.761,1009.025,0.7383,2,echonet_dynamic_no_long_axis_v1
0X599C81E46591FA88,101,114,873.619,505.5,0.5786,2,echonet_dynamic_no_long_axis_v1
0X599DDBAEABB5B464,45,62,617.893,272.256,0.4406,2,echonet_dynamic_no_long_axis_v1
0X59A016EB2FC57E32,45,62,1021.847,833.093,0.8153,2,echonet_dynamic_no_long_axis_v1
0X59A388EB10F25B7D,109,127,1423.289,843.921,0.5929,2,echonet_dynamic_no_long_axis_v1
0X59A575CBF3DC8109,98,125,2307.169,1283.627,0.5564,2,echonet_dynamic_no_long_axis_v1
0X59ADE18C22F4FF43,80,97,2476.347,1418.522,0.5728,2,echonet_dynamic_no_long_axis_v1
0X59AFDDD0D3C041FA,65,84,1966.247,1276.902,0.6494,2,echonet_dynamic_no_long_axis_v1
0X59B142CE6B0B50C3,42,57,887.734,504.608,0.5684,2,echonet_dynamic_no_long_axis_v1
0X59B44F5607C628B1,83,98,1368.124,643.096,0.4701,2,echonet_dynamic_no_long_axis_v1
0X59B507E8C14DA46B,54,69,1118.289,1025.222,0.9168,2,echonet_dynamic_no_long_axis_v1
0X59B7069E192FA63B,38,54,1242.623,704.474,0.5669,2,echonet_dynamic_no_long_axis_v1
0X59BA9AE7BA8C825A,4,20,1505.49,892.807,0.593,2,echonet_dynamic_no_long_axis_v1
0X59BB0313F22D6C09,2,24,1250.772,765.599,0.6121,2,echonet_dynamic_no_long_axis_v1
0X59C4CE70C4F55317,76,91,2259.479,1260.669,0.5579,2,echonet_dynamic_no_long_axis_v1
0X59CCE27D1E9CA779,56,73,1877.256,1003.135,0.5344,2,echonet_dynamic_no_long_axis_v1
0X59CF66815205182B,149,171,1379.342,805.101,0.5837,2,echonet_dynamic_no_long_axis_v1
0X59D1140D8320A782,56,73,1988.393,1761.245,0.8858,2,echonet_dynamic_no_long_axis_v1
0X59D547708F149EC7,38,56,1086.715,531.052,0.4887,2,echonet_dynamic_no_long_axis_v1
0X59D5F41F45601E03,17,62,1777.351,897.655,0.5051,2,echonet_dynamic_no_long_axis_v1
0X59D638BE286CF4A9,127,146,1312.727,811.344,0.6181,2,echonet_dynamic_no_long_axis_v1
0X59D7DC35A07FCCA8,2,16,1603.423,972.053,0.6062,2,echonet_dynamic_no_long_axis_v1
0X59D7E398048E854A,0,20,997.543,581.434,0.5829,2,echonet_dynamic_no_long_axis_v1
0X59DBBB5F624D0A21,43,64,3181.234,1844.235,0.5797,2,echonet_dynamic_no_long_axis_v1
0X59E3868FDA8BC941,94,112,1639.688,879.538,0.5364,2,echonet_dynamic_no_long_axis_v1
0X59E39FE1CBF2559F,53,66,1090.491,991.74,0.9094,2,echonet_dynamic_no_long_axis_v1
0X59E764F4C40CE1BC,46,66,1322.41,704.8,0.533,2,echonet_dynamic_no_long_axis_v1
0X59E816BD4AEDF902,2,18,2026.491,1320.704,0.6517,2,echonet_dynamic_no_long_axis_v1
0X59FA68B7EDBFE685,29,44,2982.265,2603.98,0.8732,2,echonet_dynamic_no_long_axis_v1
0X59FB7CD1B07254FB,47,65,1638.613,920.584,0.5618,2,echonet_dynamic_no_long_axis_v1
0X59FBCBE4E44F7F6D,52,68,3923.149,2326.906,0.5931,2,echonet_dynamic_no_long_axis_v1
0X59FD3A9503414674,32,44,883.701,571.968,0.6472,2,echonet_dynamic_no_long_axis_v1
0X59FD42635ECD7331,100,117,1593.242,890.51,0.5589,2,echonet_dynamic_no_long_axis_v1
0X59FFBB1606082730,46,67,1049.859,607.527,0.5787,2,echonet_dynamic_no_long_axis_v1
0X5A0136769BFA8729,80,88,923.419,480.807,0.5207,2,echonet_dynamic_no_long_axis_v1
0X5A02C1075DC56CD1,96,114,1295.566,727.186,0.5613,2,echonet_dynamic_no_long_axis_v1
0X5A043A25D7DE2119,68,83,1900.142,1145.327,0.6028,2,echonet_dynamic_no_long_axis_v1
0X5A0750FDDF8BB7FD,117,137,2130.458,1775.966,0.8336,2,echonet_dynamic_no_long_axis_v1
0X5A09A88B11AC098B,52,70,938.924,555.587,0.5917,2,echonet_dynamic_no_long_axis_v1
0X5A1414E405ADE260,135,147,2036.973,1050.882,0.5159,2,echonet_dynamic_no_long_axis_v1
0X5A25AAA2FE2A0137,72,87,2106.483,1753.941,0.8326,2,echonet_dynamic_no_long_axis_v1
0X5A2A86B8340602FB,78,90,1053.932,540.761,0.5131,2,echonet_dynamic_no_long_axis_v1
0X5A31A52541B52293,1,15,1077.288,603.087,0.5598,2,echonet_dynamic_no_long_axis_v1
0X5A3377D9676EFB25,119,139,1250.294,745.126,0.596,2,echonet_dynamic_no_long_axis_v1
0X5A36F3D64B1C022E,0,20,1009.404,552.171,0.547,2,echonet_dynamic_no_long_axis_v1
0X5A3CE5A17CF0E7F0,91,109,1628.239,1086.201,0.6671,2,echonet_dynamic_no_long_axis_v1
0X5A3D0EB2779B5AE4,119,145,1658.222,911.026,0.5494,2,echonet_dynamic_no_long_axis_v1
0X5A3DD4EB5CEDEBC8,4,13,1669.077,1521.83,0.9118,2,echonet_dynamic_no_long_axis_v1
0X5A3E12648EA593D7,0,20,946.749,635.946,0.6717,2,echonet_dynamic_no_long_axis_v1
0X5A42AF943DBF7D48,126,142,1364.692,762.044,0.5584,2,echonet_dynamic_no_long_axis_v1
0X5A434CCEF78B3DF6,32,47,624.242,305.651,0.4896,2,echonet_dynamic_no_long_axis_v1
0X5A47C55BDD6320C4,73,88,1703.734,898.12,0.5271,2,echonet_dynamic_no_long_axis_v1
0X5A49DD0806A586EC,134,161,1194.647,708.993,0.5935,2,echonet_dynamic_no_long_axis_v1
0X5A4BE58AF293D7E2,98,115,3145.677,1807.915,0.5747,2,echonet_dynamic_no_long_axis_v1
0X5A4E91B49647433,32,48,1434.687,1191.314,0.8304,2,echonet_dynamic_no_long_axis_v1
0X5A4F73031A43B787,96,109,1442.933,673.507,0.4668,2,echonet_dynamic_no_long_axis_v1
0X5A50850240C956F4,102,115,2095.917,1623.143,0.7744,2,echonet_dynamic_no_long_axis_v1
0X5A522E45FA4E6300,35,48,2712.735,1447.247,0.5335,2,echonet_dynamic_no_long_axis_v1
0X5A523C343EA4955C,31,48,1362.62,1156.166,0.8485,2,echonet_dynamic_no_long_axis_v1
0X5A61E466361F893C,3,18,1058.918,662.186,0.6253,2,echonet_dynamic_no_long_axis_v1
0X5A62768CE5183F05,134,158,2150.173,1172.456,0.5453,2,echonet_dynamic_no_long_axis_v1
0X5A63DFB4F51A3EF5,67,81,1394.26,1138.587,0.8166,2,echonet_dynamic_no_long_axis_v1
0X5A71B9B8BA2DEF24,90,105,1206.231,576.104,0.4776,2,echonet_dynamic_no_long_axis_v1
0X5A78C72546FA94FB,133,150,1411.896,784.461,0.5556,2,echonet_dynamic_no_long_axis_v1
0X5A790E6D24C6459C,91,111,1060.624,578.793,0.5457,2,echonet_dynamic_no_long_axis_v1
0X5A79CEB906F6DDC0,87,102,1262.114,699.733,0.5544,2,echonet_dynamic_no_long_axis_v1
0X5A7C0A6808352598,74,96,1070.641,599.303,0.5598,2,echonet_dynamic_no_long_axis_v1
0X5A7DCFE785461CBF,45,65,1706.876,968.201,0.5672,2,echonet_dynamic_no_long_axis_v1
0X5A81E9B6120301C2,125,149,1350.297,751.484,0.5565,2,echonet_dynamic_no_long_axis_v1
0X5A829DEE7FF13297,107,122,1432.268,766.712,0.5353,2,echonet_dynamic_no_long_axis_v1
0X5A862160D0762048,159,190,1704.85,1034.063,0.6065,2,echonet_dynamic_no_long_axis_v1
0X5A87B593E38B6180,41,57,1415.24,899.435,0.6355,2,echonet_dynamic_no_long_axis_v1
0X5A887EDA76C326E9,86,99,2182.584,1590.952,0.7289,2,echonet_dynamic_no_long_axis_v1
0X5A8D9673920F03FE,87,96,1219.025,1031.593,0.8462,2,echonet_dynamic_no_long_axis_v1
0X5A8DC9E4EC4968C4,46,60,1395.971,798.722,0.5722,2,echonet_dynamic_no_long_axis_v1
0X5A8FDE1B4DFD812B,45,65,1595.391,1003.783,0.6292,2,echonet_dynamic_no_long_axis_v1
0X5A93E061159C9378,3,12,1420.01,1012.491,0.713,2,echonet_dynamic_no_long_axis_v1
0X5A950A068EC29DF3,3,15,922.338,558.606,0.6056,2,echonet_dynamic_no_long_axis_v1
0X5A9796CCDA84D81B,172,185,1308.817,807.616,0.6171,2,echonet_dynamic_no_long_axis_v1
0X5A97B991A66ED479,78,94,1885.719,1032.442,0.5475,2,echonet_dynamic_no_long_axis_v1
0X5A98767A8CA9C6E5,48,65,1273.307,713.953,0.5607,2,echonet_dynamic_no_long_axis_v1
0X5A991DDFE6209331,116,130,1148.614,613.101,0.5338,2,echonet_dynamic_no_long_axis_v1
0X5A9D91F5E3591C4,43,59,901.548,498.901,0.5534,2,echonet_dynamic_no_long_axis_v1
0X5A9E8753F82B2C2,157,168,1247.361,742.221,0.595,2,echonet_dynamic_no_long_axis_v1
0X5AA07A9EDFA136A4,41,57,1850.197,945.454,0.511,2,echonet_dynamic_no_long_axis_v1
0X5AA42E877A34343C,3,26,1548.596,838.085,0.5412,2,echonet_dynamic_no_long_axis_v1
0X5AA8BA5FDF19DE00,51,67,2678.064,1322.799,0.4939,2,echonet_dynamic_no_long_axis_v1
0X5AB0A4C9879E8122,128,141,2393.817,2068.722,0.8642,2,echonet_dynamic_no_long_axis_v1
0X5AB4C1E0766C1301,50,67,1385.027,859.735,0.6207,2,echonet_dynamic_no_long_axis_v1
0X5AB4D8B4AAD49E4B,34,59,957.591,556.384,0.581,2,echonet_dynamic_no_long_axis_v1
0X5ABA2E2F22CE770A,43,60,1216.927,858.373,0.7054,2,echonet_dynamic_no_long_axis_v1
0X5ABA71A482529148,57,72,1443.518,1097.473,0.7603,2,echonet_dynamic_no_long_axis_v1
0X5AC51281F3F82853,105,127,1448.038,833.154,0.5754,2,echonet_dynamic_no_long_axis_v1
0X5AC82E1FBDF09C04,139,162,1634.981,1023.357,0.6259,2,echonet_dynamic_no_long_axis_v1
0X5ACD4D6566521DE1,107,125,1514.182,912.932,0.6029,2,echonet_dynamic_no_long_axis_v1
0X5AD891D9DF126FE9,45,62,2597.695,1788.052,0.6883,2,echonet_dynamic_no_long_axis_v1
0X5ADDDD65BF05427C,54,74,1384.086,767.058,0.5542,2,echonet_dynamic_no_long_axis_v1
0X5AE30E7828920A82,64,84,1431.878,1170.501,0.8175,2,echonet_dynamic_no_long_axis_v1
0X5AE4C29227F096C1,60,74,1423.85,965.969,0.6784,2,echonet_dynamic_no_long_axis_v1
0X5AE597D0E98182FD,83,102,1467.745,828.962,0.5648,2,echonet_dynamic_no_long_axis_v1
0X5AEBAD574707A7D8,46,66,1596.173,833.215,0.522,2,echonet_dynamic_no_long_axis_v1
0X5AED88B8F471EBF2,42,59,2128.265,1810.91,0.8509,2,echonet_dynamic_no_long_axis_v1
0X5AF5A14F2D47FB44,42,55,1176.595,721.978,0.6136,2,echonet_dynamic_no_long_axis_v1
0X5AF5F4D6A5009696,85,103,1905.362,1398.765,0.7341,2,echonet_dynamic_no_long_axis_v1
0X5AFC100934885C21,51,76,2029.306,1007.717,0.4966,2,echonet_dynamic_no_long_axis_v1
0X5AFD38843B50FE00,112,128,2059.631,1017.233,0.4939,2,echonet_dynamic_no_long_axis_v1
0X5B01B459045231D8,51,73,1173.666,732.038,0.6237,2,echonet_dynamic_no_long_axis_v1
0X5B0675C0754E2C41,35,50,985.113,389.871,0.3958,2,echonet_dynamic_no_long_axis_v1
0X5B0DAEFE452D4F2E,38,57,1145.178,599.505,0.5235,2,echonet_dynamic_no_long_axis_v1
0X5B0E31F05985CD68,3,29,1756.277,1370.176,0.7802,2,echonet_dynamic_no_long_axis_v1
0X5B0FF6323B769A36,0,19,1187.422,966.971,0.8143,2,echonet_dynamic_no_long_axis_v1
0X5B10B8EF336047D5,48,64,2658.451,2251.926,0.8471,2,echonet_dynamic_no_long_axis_v1
0X5B11C88A9BEA16A1,66,80,2273.838,1212.24,0.5331,2,echonet_dynamic_no_long_axis_v1
0X5B1A54EA0582FEB,111,125,1249.994,615.171,0.4921,2,echonet_dynamic_no_long_axis_v1
0X5B1AF37FB6799661,45,73,1957.294,1085.967,0.5548,2,echonet_dynamic_no_long_axis_v1
0X5B2165383F6FB790,75,90,1345.963,1039.066,0.772,2,echonet_dynamic_no_long_axis_v1
0X5B239BAF568E5D96,93,110,1557.569,950.32,0.6101,2,echonet_dynamic_no_long_axis_v1
0X5B272B9FE759F096,40,59,1338.291,744.695,0.5565,2,echonet_dynamic_no_long_axis_v1
0X5B281D3A9CC32337,55,77,1060.25,598.876,0.5648,2,echonet_dynamic_no_long_axis_v1
0X5B2C3BAF98374B17,110,130,1772.131,1031.769,0.5822,2,echonet_dynamic_no_long_axis_v1
0X5B2ED564F5F520B8,80,94,2308.654,1417.386,0.6139,2,echonet_dynamic_no_long_axis_v1
0X5B437B04F1B9248F,53,66,797.566,378.861,0.475,2,echonet_dynamic_no_long_axis_v1
0X5B486FEDFEF43494,47,66,758.782,408.365,0.5382,2,echonet_dynamic_no_long_axis_v1
0X5B4D0D38F575846D,22,8,1903.602,1429.73,0.7511,2,echonet_dynamic_no_long_axis_v1
0X5B4FC85CF6045C88,103,119,2039.936,1032.95,0.5064,2,echonet_dynamic_no_long_axis_v1
0X5B55C81391366432,147,165,1987.246,1221.82,0.6148,2,echonet_dynamic_no_long_axis_v1
0X5B597AB91860C164,49,62,980.213,518.256,0.5287,2,echonet_dynamic_no_long_axis_v1
0X5B5A271E756F4794,53,74,1309.944,723.394,0.5522,2,echonet_dynamic_no_long_axis_v1
0X5B5C0F6F8005A4BB,126,144,1419.643,821.164,0.5784,2,echonet_dynamic_no_long_axis_v1
0X5B5C6BF6542C213C,53,63,1027.5,493.357,0.4802,2,echonet_dynamic_no_long_axis_v1
0X5B65F2E4BE4274FB,43,62,1467.745,701.098,0.4777,2,echonet_dynamic_no_long_axis_v1
0X5B669448D3486974,52,70,920.455,516.803,0.5615,2,echonet_dynamic_no_long_axis_v1
0X5B6FCBB75BF8FCB7,84,69,200.906,15.935,0.0793,2,echonet_dynamic_no_long_axis_v1
0X5B72422497E29451,1,16,1061.452,579.244,0.5457,2,echonet_dynamic_no_long_axis_v1
0X5B7385C417F7F182,37,52,1603.482,911.798,0.5686,2,echonet_dynamic_no_long_axis_v1
0X5B7855A063C00985,36,53,2138.939,1232.832,0.5764,2,echonet_dynamic_no_long_axis_v1
0X5B787E051A2A714F,90,107,1025.764,533.772,0.5204,2,echonet_dynamic_no_long_axis_v1
0X5B7B5EF7F3E283B2,44,57,1127.13,672.46,0.5966,2,echonet_dynamic_no_long_axis_v1
0X5B7DCEC4D8C1E6BB,43,60,1879.304,1471.088,0.7828,2,echonet_dynamic_no_long_axis_v1
0X5B82F3AB4A965E2B,94,113,1403.153,1132.331,0.807,2,echonet_dynamic_no_long_axis_v1
0X5B8551F76C584EE5,92,111,2363.273,1986.095,0.8404,2,echonet_dynamic_no_long_axis_v1
0X5B88342AB24EEE40,45,61,1706.712,948.547,0.5558,2,echonet_dynamic_no_long_axis_v1
0X5B8C506AC0A3CB4B,2,29,1151.77,625.307,0.5429,2,echonet_dynamic_no_long_axis_v1
0X5B942F1EA8824606,44,18,2106.927,1474.199,0.6997,2,echonet_dynamic_no_long_axis_v1
0X5B9B6E6A33D4BF36,46,74,2313.102,1923.385,0.8315,2,echonet_dynamic_no_long_axis_v1
0X5B9C0EEB93E0BE10,46,66,1407.703,781.576,0.5552,2,echonet_dynamic_no_long_axis_v1
0X5BA0316D390284D6,44,56,1127.92,579.137,0.5135,2,echonet_dynamic_no_long_axis_v1
0X5BA13657704CDD76,44,60,1277.75,621.085,0.4861,2,echonet_dynamic_no_long_axis_v1
0X5BA6C5333369EBF9,0,11,1310.323,716.641,0.5469,2,echonet_dynamic_no_long_axis_v1
0X5BAA2D1ACBA618B9,61,75,2443.115,1940.341,0.7942,2,echonet_dynamic_no_long_axis_v1
0X5BAA60FB400B73A6,41,55,1221.483,640.788,0.5246,2,echonet_dynamic_no_long_axis_v1
0X5BAB6F2DF148AB55,36,50,942.149,869.515,0.9229,2,echonet_dynamic_no_long_axis_v1
0X5BAC4129957FC22A,108,128,2305.095,1580.766,0.6858,2,echonet_dynamic_no_long_axis_v1
0X5BAD1B2D17E1169E,37,61,1418.388,1252.859,0.8833,2,echonet_dynamic_no_long_axis_v1
0X5BB0F7EC8D6E54C0,43,57,1077.096,481.126,0.4467,2,echonet_dynamic_no_long_axis_v1
0X5BB1D4B303FB2548,57,70,1142.815,806.728,0.7059,2,echonet_dynamic_no_long_axis_v1
0X5BB42E2E63912CA9,99,122,1702.696,990.455,0.5817,2,echonet_dynamic_no_long_axis_v1
0X5BB5950E48DCABA2,30,43,822.11,562.681,0.6844,2,echonet_dynamic_no_long_axis_v1
0X5BB7CFFD105A3FAE,56,76,1743.355,959.505,0.5504,2,echonet_dynamic_no_long_axis_v1
0X5BBA205CF1389388,84,114,1304.734,772.929,0.5924,2,echonet_dynamic_no_long_axis_v1
0X5BBB947BE9B5CD3E,27,40,2181.306,1187.594,0.5444,2,echonet_dynamic_no_long_axis_v1
0X5BBDD38A52132F51,61,82,888.858,461.046,0.5187,2,echonet_dynamic_no_long_axis_v1
0X5BC084DE4595DDA9,83,96,1002.75,714.035,0.7121,2,echonet_dynamic_no_long_axis_v1
0X5BC4CD6E32784809,51,69,1523.241,854.051,0.5607,2,echonet_dynamic_no_long_axis_v1
0X5BC7BE982A4B59D0,66,81,1039.472,658.433,0.6334,2,echonet_dynamic_no_long_axis_v1
0X5BCCA6A21A48BA1C,52,69,2022.445,1089.758,0.5388,2,echonet_dynamic_no_long_axis_v1
0X5BCD54C82F8D582D,90,108,1883.465,1171.909,0.6222,2,echonet_dynamic_no_long_axis_v1
0X5BCFC1AB74430ADC,53,67,3056.553,1750.556,0.5727,2,echonet_dynamic_no_long_axis_v1
0X5BD28538796B42E1,42,56,1713.799,906.667,0.529,2,echonet_dynamic_no_long_axis_v1
0X5BDB93DFF509755C,100,114,1327.644,714.116,0.5379,2,echonet_dynamic_no_long_axis_v1
0X5BDE274D50326F51,70,86,765.463,667.89,0.8725,2,echonet_dynamic_no_long_axis_v1
0X5BE1EB81D547BB00,41,56,2282.373,1299.355,0.5693,2,echonet_dynamic_no_long_axis_v1
0X5BE6B8A080E4AAF3,105,121,1348.415,722.444,0.5358,2,echonet_dynamic_no_long_axis_v1
0X5BED87AA6A6DE3C,42,55,1341.92,737.067,0.5493,2,echonet_dynamic_no_long_axis_v1
0X5BEFB1201A511970,31,44,742.954,379.661,0.511,2,echonet_dynamic_no_long_axis_v1
0X5BF53B5D9E37CF85,118,138,1682.113,799.366,0.4752,2,echonet_dynamic_no_long_axis_v1
0X5BFC2EC0D445EA65,57,66,1461.422,1161.921,0.7951,2,echonet_dynamic_no_long_axis_v1
0X5BFC4BEBE8BF82CC,30,42,1093.789,666.708,0.6095,2,echonet_dynamic_no_long_axis_v1
0X5BFDF06DBFF53A0A,71,90,2513.445,1849.805,0.736,2,echonet_dynamic_no_long_axis_v1
0X5C00619340A86EAA,46,67,3336.203,2989.744,0.8962,2,echonet_dynamic_no_long_axis_v1
0X5C006EA7B061D14E,54,74,2007.187,1126.618,0.5613,2,echonet_dynamic_no_long_axis_v1
0X5C04297CE92F9474,32,44,1417.609,1222.618,0.8625,2,echonet_dynamic_no_long_axis_v1
0X5C0458BF2E4CF6C7,3,25,941.09,502.797,0.5343,2,echonet_dynamic_no_long_axis_v1
0X5C05336F5F0ABF6F,87,104,1341.251,811.032,0.6047,2,echonet_dynamic_no_long_axis_v1
0X5C0622310D51F2EA,34,49,1173.524,766.597,0.6532,2,echonet_dynamic_no_long_axis_v1
0X5C07652BAE8C7302,74,85,1157.283,688.861,0.5952,2,echonet_dynamic_no_long_axis_v1
0X5C0BCAA2FB4FF1B4,98,118,845.155,617.459,0.7306,2,echonet_dynamic_no_long_axis_v1
0X5C0D8A8607A0BCD8,64,80,1571.122,877.557,0.5586,2,echonet_dynamic_no_long_axis_v1
0X5C0E4F3C27ED9B85,36,54,1480.294,972.527,0.657,2,echonet_dynamic_no_long_axis_v1
0X5C0FD8B1175151FA,43,59,2143.097,1420.471,0.6628,2,echonet_dynamic_no_long_axis_v1
0X5C103167BD77DE9C,133,152,1120.709,689.146,0.6149,2,echonet_dynamic_no_long_axis_v1
0X5C12941016554219,43,56,988.586,565.815,0.5723,2,echonet_dynamic_no_long_axis_v1
0X5C13832F252936F7,165,203,1915.718,956.512,0.4993,2,echonet_dynamic_no_long_axis_v1
0X5C1E8311A4AA5E96,50,71,2757.409,1786.076,0.6477,2,echonet_dynamic_no_long_axis_v1
0X5C2093C65B92C741,145,164,1055.005,566.302,0.5368,2,echonet_dynamic_no_long_axis_v1
0X5C20947D2D3C0638,85,102,1304.914,764.412,0.5858,2,echonet_dynamic_no_long_axis_v1
0X5C253FDBCD0E300A,82,100,1150.233,610.53,0.5308,2,echonet_dynamic_no_long_axis_v1
0X5C26378213CC3D5E,52,61,1050.552,599.208,0.5704,2,echonet_dynamic_no_long_axis_v1
0X5C27FE43EBDF4484,1,20,1104.675,602.453,0.5454,2,echonet_dynamic_no_long_axis_v1
0X5C2959CAADE171C9,47,66,986.563,564.371,0.5721,2,echonet_dynamic_no_long_axis_v1
0X5C3401A02A219AB6,50,65,1421.75,950.509,0.6685,2,echonet_dynamic_no_long_axis_v1
0X5C363EB9E7B8D2D7,49,66,1194.143,608.511,0.5096,2,echonet_dynamic_no_long_axis_v1
0X5C36C47474E66354,75,84,1246.074,737.098,0.5915,2,echonet_dynamic_no_long_axis_v1
0X5C3B081C1D5BC264,44,59,1047.299,546.959,0.5223,2,echonet_dynamic_no_long_axis_v1
0X5C3E19EC804AB89A,106,122,982.486,488.857,0.4976,2,echonet_dynamic_no_long_axis_v1
0X5C41AF3F25757D5B,32,46,743.172,359.743,0.4841,2,echonet_dynamic_no_long_axis_v1
0X5C433F9E3BA1E2DF,25,36,1216.157,704.342,0.5792,2,echonet_dynamic_no_long_axis_v1
0X5C43DB9C3DA8C861,111,130,2427.686,1367.836,0.5634,2,echonet_dynamic_no_long_axis_v1
0X5C48A57102118A57,38,51,727.865,376.105,0.5167,2,echonet_dynamic_no_long_axis_v1
0X5C4DAA1DF7F8CA25,112,130,1016.01,505.895,0.4979,2,echonet_dynamic_no_long_axis_v1
0X5C53EA56AC3783CF,35,49,1611.958,742.279,0.4605,2,echonet_dynamic_no_long_axis_v1
0X5C55673175514E32,98,115,3483.792,2951.421,0.8472,2,echonet_dynamic_no_long_axis_v1
0X5C565C7D7CF4A489,59,74,1561.959,822.264,0.5264,2,echonet_dynamic_no_long_axis_v1
0X5C58323A222761B2,121,139,1909.896,1292.291,0.6766,2,echonet_dynamic_no_long_axis_v1
0X5C5B9906DC0D9057,98,110,1702.87,986.455,0.5793,2,echonet_dynamic_no_long_axis_v1
0X5C5F3F8BD96C3437,45,59,1200.336,590.339,0.4918,2,echonet_dynamic_no_long_axis_v1
0X5C6E9BA3AC1B4ECB,43,55,1433.235,1036.618,0.7233,2,echonet_dynamic_no_long_axis_v1
0X5C70DA5DA096EBF8,121,140,1310.645,773.025,0.5898,2,echonet_dynamic_no_long_axis_v1
0X5C72AD9624A40A3A,61,83,2280.465,1290.278,0.5658,2,echonet_dynamic_no_long_axis_v1
0X5C732BCF53162A65,66,65,1254.954,601.068,0.479,2,echonet_dynamic_no_long_axis_v1
0X5C753484DB492ACA,112,123,1007.933,533.962,0.5298,2,echonet_dynamic_no_long_axis_v1
0X5C763FA1B573D7A8,94,104,1732.92,1409.283,0.8132,2,echonet_dynamic_no_long_axis_v1
0X5C7B3A4A12245C5E,48,63,1484.166,1164.531,0.7846,2,echonet_dynamic_no_long_axis_v1
0X5C7D9604189AB703,54,72,1074.43,610.829,0.5685,2,echonet_dynamic_no_long_axis_v1
0X5C7F6275DDC3DB94,81,92,994.912,511.29,0.5139,2,echonet_dynamic_no_long_axis_v1
0X5C80C526C8437CF6,59,73,901.331,492.236,0.5461,2,echonet_dynamic_no_long_axis_v1
0X5C814528DCE46509,44,62,2758.244,1671.789,0.6061,2,echonet_dynamic_no_long_axis_v1
0X5C8171EDE5E95BCD,48,61,1232.417,714.959,0.5801,2,echonet_dynamic_no_long_axis_v1
0X5C81C3B8CCCE3B1D,105,121,1315.889,753.896,0.5729,2,echonet_dynamic_no_long_axis_v1
0X5C82DDEEA7B83F66,49,67,1414.022,787.986,0.5573,2,echonet_dynamic_no_long_axis_v1
0X5C85CE60422E8717,4,32,1137.566,635.393,0.5586,2,echonet_dynamic_no_long_axis_v1
0X5C89E0348E49D500,87,105,1722.446,1289.301,0.7485,2,echonet_dynamic_no_long_axis_v1
0X5C8E74E8A72B2CCE,109,126,2116.37,1068.832,0.505,2,echonet_dynamic_no_long_axis_v1
0X5C8FBD78D13B887F,46,63,1476.373,743.511,0.5036,2,echonet_dynamic_no_long_axis_v1
0X5C92D4C03C058F68,52,71,1669.817,881.257,0.5278,2,echonet_dynamic_no_long_axis_v1
0X5C953D8682D4E34B,42,71,522.038,273.428,0.5238,2,echonet_dynamic_no_long_axis_v1
0X5C98E42CEB827219,49,61,1327.367,673.394,0.5073,2,echonet_dynamic_no_long_axis_v1
0X5CA1BF7D104E3F20,86,97,1730.18,814.838,0.471,2,echonet_dynamic_no_long_axis_v1
0X5CA2B7ACC72E7089,114,127,1095.513,532.398,0.486,2,echonet_dynamic_no_long_axis_v1
0X5CA86377C2EDF210,79,99,2278.804,1868.676,0.82,2,echonet_dynamic_no_long_axis_v1
0X5CA9EC597BD1151A,0,13,1409.855,775.7,0.5502,2,echonet_dynamic_no_long_axis_v1
0X5CAA16702850040C,45,67,1504.677,790.307,0.5252,2,echonet_dynamic_no_long_axis_v1
0X5CAF9C965AB286BB,43,59,901.053,682.262,0.7572,2,echonet_dynamic_no_long_axis_v1
0X5CAFBD8F2F8DC00B,51,70,846.708,459.267,0.5424,2,echonet_dynamic_no_long_axis_v1
0X5CB4E030D0C4F388,65,83,1001.298,662.277,0.6614,2,echonet_dynamic_no_long_axis_v1
0X5CB4FCCE5C545733,0,15,1413.936,828.595,0.586,2,echonet_dynamic_no_long_axis_v1
0X5CB575476EC80F28,48,67,1042.377,653.823,0.6272,2,echonet_dynamic_no_long_axis_v1
0X5CB89319A7E13712,63,80,870.075,496.216,0.5703,2,echonet_dynamic_no_long_axis_v1
0X5CB89528DF79490D,39,60,625.76,308.616,0.4932,2,echonet_dynamic_no_long_axis_v1
0X5CBA5F10CE173C78,90,106,2493.104,1421.782,0.5703,2,echonet_dynamic_no_long_axis_v1
0X5CBCDC46C155136,62,77,1968.198,1329.58,0.6755,2,echonet_dynamic_no_long_axis_v1
0X5CBF8B43EFDD7D6E,73,89,1746.874,1540.297,0.8817,2,echonet_dynamic_no_long_axis_v1
0X5CC16B5FA6C18B06,94,105,2741.083,1519.892,0.5545,2,echonet_dynamic_no_long_axis_v1
0X5CC6EB5C62ABD303,101,118,2579.49,1533.438,0.5945,2,echonet_dynamic_no_long_axis_v1
0X5CC9462160833E16,74,103,2868.099,1533.517,0.5347,2,echonet_dynamic_no_long_axis_v1
0X5CCAAAD2D61ACFE9,68,83,1561.104,929.963,0.5957,2,echonet_dynamic_no_long_axis_v1
0X5CCC89BCE8721F66,46,64,1044.82,596.047,0.5705,2,echonet_dynamic_no_long_axis_v1
0X5CCF81D7227F7671,162,152,977.36,750.841,0.7682,2,echonet_dynamic_no_long_axis_v1
0X5CD36D24B82283A8,2,26,1861.356,1025.719,0.5511,2,echonet_dynamic_no_long_axis_v1
0X5CD3BB239816DE46,2,20,1664.292,837.731,0.5034,2,echonet_dynamic_no_long_axis_v1
0X5CD9E4FC7E803411,86,101,1064.466,595.69,0.5596,2,echonet_dynamic_no_long_axis_v1
0X5CDCA095B4FB6100,43,58,791.337,364.972,0.4612,2,echonet_dynamic_no_long_axis_v1
0X5CDFC7FFCE29EC42,45,63,1291.741,930.649,0.7205,2,echonet_dynamic_no_long_axis_v1
0X5CE06D8A08BD9C7,48,63,1350.697,750.94,0.556,2,echonet_dynamic_no_long_axis_v1
0X5CE16B7E824B54DD,39,51,1170.888,665.817,0.5686,2,echonet_dynamic_no_long_axis_v1
0X5CE35FD20E949C11,96,113,2643.264,2064.719,0.7811,2,echonet_dynamic_no_long_axis_v1
0X5CEAF8CCDF0F1DA1,175,191,974.596,767.44,0.7874,2,echonet_dynamic_no_long_axis_v1
0X5CEFEEEA65D39669,90,106,1159.124,729.132,0.629,2,echonet_dynamic_no_long_axis_v1
0X5CF840808AC3A51D,52,70,1690.092,934.73,0.5531,2,echonet_dynamic_no_long_axis_v1
0X5CFB1249B6E7AB45,52,69,1443.607,857.848,0.5942,2,echonet_dynamic_no_long_axis_v1
0X5CFB2DE05E52418E,50,57,832.949,457.887,0.5497,2,echonet_dynamic_no_long_axis_v1
0X5CFD1C355DE93894,67,82,2296.649,1799.52,0.7835,2,echonet_dynamic_no_long_axis_v1
0X5D0DFD26F454D74C,41,59,1291.846,705.461,0.5461,2,echonet_dynamic_no_long_axis_v1
0X5D103E4500F4E03B,119,135,752.316,416.327,0.5534,2,echonet_dynamic_no_long_axis_v1
0X5D13B00A9C834084,39,58,1515.292,870.286,0.5743,2,echonet_dynamic_no_long_axis_v1
0X5D159B26B4AFC43B,33,50,1098.726,686.768,0.6251,2,echonet_dynamic_no_long_axis_v1
0X5D15F6BD0B9D5CE2,96,111,2472.531,1333.947,0.5395,2,echonet_dynamic_no_long_axis_v1
0X5D19F61D8DD2A327,78,95,1293.986,643.685,0.4974,2,echonet_dynamic_no_long_axis_v1
0X5D1C4DB993CBEB5F,31,43,1011.381,462.469,0.4573,2,echonet_dynamic_no_long_axis_v1
0X5D20C54CD929741,0,13,2135.849,1085.537,0.5082,2,echonet_dynamic_no_long_axis_v1
0X5D278EA9617E43F0,40,59,1300.156,751.163,0.5777,2,echonet_dynamic_no_long_axis_v1
0X5D29CF199E85BCE7,96,111,1027.458,531.521,0.5173,2,echonet_dynamic_no_long_axis_v1
0X5D2CD9603F554C22,49,68,882.812,479.267,0.5429,2,echonet_dynamic_no_long_axis_v1
0X5D2DE43B30BAE113,42,66,1984.689,1670.377,0.8416,2,echonet_dynamic_no_long_axis_v1
0X5D2F019F366E4CB0,60,76,1283.641,769.534,0.5995,2,echonet_dynamic_no_long_axis_v1
0X5D2F7405A43DB64D,48,65,1529.435,776.541,0.5077,2,echonet_dynamic_no_long_axis_v1
0X5D38D994C2490EAE,75,90,990.174,986.777,0.9966,2,echonet_dynamic_no_long_axis_v1
0X5D3A01DA317E6D4C,78,95,1128.848,588.908,0.5217,2,echonet_dynamic_no_long_axis_v1
0X5D3A4E695699D345,71,84,1887.047,1442.57,0.7645,2,echonet_dynamic_no_long_axis_v1
0X5D3BE1C6F1BDBF8,100,113,1597.302,1318.169,0.8252,2,echonet_dynamic_no_long_axis_v1
0X5D3D9A1B411AC0B6,147,167,2278.762,1363.463,0.5983,2,echonet_dynamic_no_long_axis_v1
0X5D4384C94F609882,38,55,1154.103,603.623,0.523,2,echonet_dynamic_no_long_axis_v1
0X5D453767BD555153,103,123,845.696,441.767,0.5224,2,echonet_dynamic_no_long_axis_v1
0X5D46AD1CAA0CD528,69,84,897.673,445.493,0.4963,2,echonet_dynamic_no_long_axis_v1
0X5D4CE41A2D8F067B,83,97,1226.929,663.042,0.5404,2,echonet_dynamic_no_long_axis_v1
0X5D4D12B2C125581C,0,12,1428.495,690.348,0.4833,2,echonet_dynamic_no_long_axis_v1
0X5D502551D07D4DA4,92,108,1024.601,811.497,0.792,2,echonet_dynamic_no_long_axis_v1
0X5D50280B44A63430,77,90,671.589,542.972,0.8085,2,echonet_dynamic_no_long_axis_v1
0X5D50BBB7B29F5ED1,23,43,796.778,420.838,0.5282,2,echonet_dynamic_no_long_axis_v1
0X5D52AB9A6C8549D8,47,67,2494.958,1204.058,0.4826,2,echonet_dynamic_no_long_axis_v1
0X5D5897D9D7262386,49,61,1084.497,801.681,0.7392,2,echonet_dynamic_no_long_axis_v1
0X5D5AAA4D4A5C945E,48,66,1279.608,681.447,0.5325,2,echonet_dynamic_no_long_axis_v1
0X5D5EA202B6453DBE,140,155,1908.221,1300.213,0.6814,2,echonet_dynamic_no_long_axis_v1
0X5D653441BD69A02E,33,50,1082.835,537.813,0.4967,2,echonet_dynamic_no_long_axis_v1
0X5D6A1608E132B62A,53,67,1290.648,794.718,0.6158,2,echonet_dynamic_no_long_axis_v1
0X5D6C0055AEA9214F,41,60,1095.936,907.811,0.8283,2,echonet_dynamic_no_long_axis_v1
0X5D78417E9211CC18,46,65,2017.042,1459.689,0.7237,2,echonet_dynamic_no_long_axis_v1
0X5D7A013C97D80D53,81,95,1156.816,702.608,0.6074,2,echonet_dynamic_no_long_axis_v1
0X5D7B0639FC5F0680,100,119,1880.006,1091.577,0.5806,2,echonet_dynamic_no_long_axis_v1
0X5D7CE3C255D509DE,111,121,1183.073,767.306,0.6486,2,echonet_dynamic_no_long_axis_v1
0X5D7DED9EE53AFE49,56,76,3580.948,2131.096,0.5951,2,echonet_dynamic_no_long_axis_v1
0X5D7FCA50F8853C9,45,59,1517.422,812.528,0.5355,2,echonet_dynamic_no_long_axis_v1
0X5D803519EA68C681,37,53,1008.66,587.875,0.5828,2,echonet_dynamic_no_long_axis_v1
0X5D81397DB541670A,40,57,1439.579,1301.511,0.9041,2,echonet_dynamic_no_long_axis_v1
0X5D8CC617E26B46EC,1,17,1158.937,674.612,0.5821,2,echonet_dynamic_no_long_axis_v1
0X5D8E881ECEE5F36,55,70,1473.232,845.038,0.5736,2,echonet_dynamic_no_long_axis_v1
0X5D923AF380EB455C,65,83,1052.109,626.454,0.5954,2,echonet_dynamic_no_long_axis_v1
0X5D96B22626F0D2AA,150,170,1898.567,1121.363,0.5906,2,echonet_dynamic_no_long_axis_v1
0X5D989C293C8C2CE4,103,68,2791.313,1679.376,0.6016,2,echonet_dynamic_no_long_axis_v1
0X5D98E2C64E1625FB,69,84,930.169,766.614,0.8242,2,echonet_dynamic_no_long_axis_v1
0X5DA482A6C4BDC535,100,115,1036.753,509.31,0.4913,2,echonet_dynamic_no_long_axis_v1
0X5DA69748408F8E20,38,54,912.884,522.342,0.5722,2,echonet_dynamic_no_long_axis_v1
0X5DA9D6661907E7F0,60,67,1189.982,639.152,0.5371,2,echonet_dynamic_no_long_axis_v1
0X5DAB2DA5F776DE78,55,84,1781.663,1029.734,0.578,2,echonet_dynamic_no_long_axis_v1
0X5DAB9FDE7CC700DE,56,70,2092.829,1642.582,0.7849,2,echonet_dynamic_no_long_axis_v1
0X5DAE4DC1DC55BB33,46,60,1889.046,1134.056,0.6003,2,echonet_dynamic_no_long_axis_v1
0X5DAF04808611BAAB,78,95,1128.955,590.813,0.5233,2,echonet_dynamic_no_long_axis_v1
0X5DAFCBD9AF45FE1D,54,69,1039.226,551.118,0.5303,2,echonet_dynamic_no_long_axis_v1
0X5DB386B94F7C4BC3,42,56,1120.894,556.294,0.4963,2,echonet_dynamic_no_long_axis_v1
0X5DB7742B2778FD6B,2,18,1279.215,760.787,0.5947,2,echonet_dynamic_no_long_axis_v1
0X5DB7FAB9B9BE5D9,47,54,1496.773,797.298,0.5327,2,echonet_dynamic_no_long_axis_v1
0X5DB9102BCAA695A1,79,92,1079.75,514.889,0.4769,2,echonet_dynamic_no_long_axis_v1
0X5DB9401060BD9D0F,39,53,1187.571,681.337,0.5737,2,echonet_dynamic_no_long_axis_v1
0X5DB9B61F813D5FF1,81,102,819.606,501.9,0.6124,2,echonet_dynamic_no_long_axis_v1
0X5DC35F53CE78C741,19,37,1255.128,794.394,0.6329,2,echonet_dynamic_no_long_axis_v1
0X5DC400C55208AB98,59,79,1287.318,669.904,0.5204,2,echonet_dynamic_no_long_axis_v1
0X5DC558E6A9C2553D,66,84,912.125,437.847,0.48,2,echonet_dynamic_no_long_axis_v1
0X5DC624BE02E6CDD,54,73,2127.745,1208.871,0.5681,2,echonet_dynamic_no_long_axis_v1
0X5DC8E85D737912F,34,45,1556.22,929.926,0.5976,2,echonet_dynamic_no_long_axis_v1
0X5DCB0201908CB27F,30,46,1944.55,1709.384,0.8791,2,echonet_dynamic_no_long_axis_v1
0X5DCD1D381ED8E90A,72,88,1423.785,740.824,0.5203,2,echonet_dynamic_no_long_axis_v1
0X5DCD6E7750BE586B,103,120,1633.137,1384.461,0.8477,2,echonet_dynamic_no_long_axis_v1
0X5DCF5EFD375418D2,31,42,957.408,596.278,0.6228,2,echonet_dynamic_no_long_axis_v1
0X5DD48C49365DBB71,43,66,1205.956,691.401,0.5733,2,echonet_dynamic_no_long_axis_v1
0X5DD9F952024DE8FC,3,16,1616.794,1064.175,0.6582,2,echonet_dynamic_no_long_axis_v1
0X5DDDBEF2B4D91CD,49,68,2238.868,1045.81,0.4671,2,echonet_dynamic_no_long_axis_v1
0X5DDE9E68BB099303,72,84,969.127,565.454,0.5835,2,echonet_dynamic_no_long_axis_v1
0X5DDF6E147ADCC6B9,39,60,1566.51,1330.889,0.8496,2,echonet_dynamic_no_long_axis_v1
0X5DDFEF522CF8131D,131,143,1170.444,605.853,0.5176,2,echonet_dynamic_no_long_axis_v1
0X5DE1109B617C307E,66,82,1023.648,639.746,0.625,2,echonet_dynamic_no_long_axis_v1
0X5DE49DD1812E0E53,47,64,3091.899,1615.254,0.5224,2,echonet_dynamic_no_long_axis_v1
0X5DE6B657F04A3198,45,60,1509.842,867.111,0.5743,2,echonet_dynamic_no_long_axis_v1
0X5DEFDC9DAEB29CB,43,61,867.679,536.326,0.6181,2,echonet_dynamic_no_long_axis_v1
0X5DEFFABA480E1940,95,109,2050.245,1255.902,0.6126,2,echonet_dynamic_no_long_axis_v1
0X5DF0F473022D31E2,141,170,2510.195,2207.057,0.8792,2,echonet_dynamic_no_long_axis_v1
0X5DF2E3C335BD20EF,54,66,1071.951,567.685,0.5296,2,echonet_dynamic_no_long_axis_v1
0X5DFC0C66C150F577,87,104,2195.84,1423.542,0.6483,2,echonet_dynamic_no_long_axis_v1
0X5E002446A11D8489,53,71,3900.778,3631.728,0.931,2,echonet_dynamic_no_long_axis_v1
0X5E02AABEBE0408C5,40,56,887.935,427.0,0.4809,2,echonet_dynamic_no_long_axis_v1
0X5E0B75A0ABEBCB7E,2,25,1642.802,835.044,0.5083,2,echonet_dynamic_no_long_axis_v1
0X5E0D3394311A3DB0,44,60,1057.773,604.033,0.571,2,echonet_dynamic_no_long_axis_v1
0X5E112030E47CF091,64,81,996.149,600.389,0.6027,2,echonet_dynamic_no_long_axis_v1
0X5E12E1A64B74534D,103,118,2082.831,1198.283,0.5753,2,echonet_dynamic_no_long_axis_v1
0X5E153A9644D6CB3E,94,108,999.006,544.463,0.545,2,echonet_dynamic_no_long_axis_v1
0X5E184CFF23C01654,85,102,3475.562,2051.601,0.5903,2,echonet_dynamic_no_long_axis_v1
0X5E1A399B461F9D65,102,120,1358.78,842.432,0.62,2,echonet_dynamic_no_long_axis_v1
0X5E1F93C96092699,55,75,985.855,571.347,0.5795,2,echonet_dynamic_no_long_axis_v1
0X5E212B2953D6257B,37,52,1431.41,896.837,0.6265,2,echonet_dynamic_no_long_axis_v1
0X5E225B4AE218833F,34,44,1262.076,1005.188,0.7965,2,echonet_dynamic_no_long_axis_v1
0X5E22DFA2350C4782,85,100,2432.297,2123.188,0.8729,2,echonet_dynamic_no_long_axis_v1
0X5E2543F97CDE7232,62,78,1413.172,955.243,0.676,2,echonet_dynamic_no_long_axis_v1
0X5E27995327EB7725,62,78,1222.082,624.098,0.5107,2,echonet_dynamic_no_long_axis_v1
0X5E287E9190871DF2,44,57,862.034,457.548,0.5308,2,echonet_dynamic_no_long_axis_v1
0X5E3007301B69283C,102,125,1077.75,577.417,0.5358,2,echonet_dynamic_no_long_axis_v1
0X5E32371377E0CF89,72,86,968.046,578.896,0.598,2,echonet_dynamic_no_long_axis_v1
0X5E35565A56DAF332,46,66,1101.498,703.035,0.6383,2,echonet_dynamic_no_long_axis_v1
0X5E356E0DF8F55453,96,112,1268.075,811.309,0.6398,2,echonet_dynamic_no_long_axis_v1
0X5E3788FE379B291B,123,142,817.806,461.396,0.5642,2,echonet_dynamic_no_long_axis_v1
0X5E3A1E160562B7E7,40,58,1029.955,522.48,0.5073,2,echonet_dynamic_no_long_axis_v1
0X5E3F73AAD75ED4BD,102,119,1793.674,1021.045,0.5692,2,echonet_dynamic_no_long_axis_v1
0X5E41CFB1FB15279D,35,47,1361.478,653.724,0.4802,2,echonet_dynamic_no_long_axis_v1
0X5E45BACF9768908A,65,85,1189.066,725.769,0.6104,2,echonet_dynamic_no_long_axis_v1
0X5E46D41281E1995A,2,20,798.026,521.461,0.6534,2,echonet_dynamic_no_long_axis_v1
0X5E48A21DE491A78F,40,56,1510.193,1127.449,0.7466,2,echonet_dynamic_no_long_axis_v1
0X5E5177D22560685E,48,64,1116.723,678.669,0.6077,2,echonet_dynamic_no_long_axis_v1
0X5E5373431FA7A041,0,16,1143.356,642.327,0.5618,2,echonet_dynamic_no_long_axis_v1
0X5E53F477513487D6,40,53,932.138,510.998,0.5482,2,echonet_dynamic_no_long_axis_v1
0X5E546A0DDFF0EDA9,64,82,1121.965,670.17,0.5973,2,echonet_dynamic_no_long_axis_v1
0X5E5C9EB6814282D7,43,60,1522.995,783.245,0.5143,2,echonet_dynamic_no_long_axis_v1
0X5E606BF217DA216C,37,52,1335.02,768.229,0.5754,2,echonet_dynamic_no_long_axis_v1
0X5E641D68EBD62FAC,53,62,1006.612,503.234,0.4999,2,echonet_dynamic_no_long_axis_v1
0X5E64AA2424074480,51,63,874.74,519.993,0.5945,2,echonet_dynamic_no_long_axis_v1
0X5E671D0F5230CA9D,31,47,2791.458,1742.196,0.6241,2,echonet_dynamic_no_long_axis_v1
0X5E6CB8D263F993B7,49,69,1510.832,857.169,0.5673,2,echonet_dynamic_no_long_axis_v1
0X5E6F87BD8985C7ED,76,87,1039.565,587.035,0.5647,2,echonet_dynamic_no_long_axis_v1
0X5E712CB224C8FDD7,51,62,1726.341,1010.626,0.5854,2,echonet_dynamic_no_long_axis_v1
0X5E741B2B92850F19,76,95,1126.148,695.367,0.6175,2,echonet_dynamic_no_long_axis_v1
0X5E76ADAC714DF9D7,47,64,1277.113,711.17,0.5569,2,echonet_dynamic_no_long_axis_v1
0X5E77118AF4084B39,101,120,1135.604,700.851,0.6172,2,echonet_dynamic_no_long_axis_v1
0X5E7924276F62CCE6,57,77,1158.628,610.641,0.527,2,echonet_dynamic_no_long_axis_v1
0X5E7A214EF0BCDF91,56,76,1367.054,853.935,0.6247,2,echonet_dynamic_no_long_axis_v1
0X5E7E76986E672026,127,137,850.939,572.763,0.6731,2,echonet_dynamic_no_long_axis_v1
0X5E82DDFBC25E755A,45,63,887.011,509.739,0.5747,2,echonet_dynamic_no_long_axis_v1
0X5E857A59AF8D3FC7,48,65,1102.92,644.73,0.5846,2,echonet_dynamic_no_long_axis_v1
0X5E8AB2A9ABFE32DE,54,66,848.698,676.167,0.7967,2,echonet_dynamic_no_long_axis_v1
0X5E9020A8FCA5DD1D,0,19,2180.937,1118.889,0.513,2,echonet_dynamic_no_long_axis_v1
0X5E9392E23CEAD967,106,114,1346.506,665.298,0.4941,2,echonet_dynamic_no_long_axis_v1
0X5E94B6F10B6B4BAF,64,81,1581.233,900.159,0.5693,2,echonet_dynamic_no_long_axis_v1
0X5E9623EDC1B57949,36,61,1110.67,631.816,0.5689,2,echonet_dynamic_no_long_axis_v1
0X5E98971829C12431,2,19,1448.039,838.802,0.5793,2,echonet_dynamic_no_long_axis_v1
0X5E9AEFC0BAF4C623,38,53,962.077,510.229,0.5303,2,echonet_dynamic_no_long_axis_v1
0X5E9CA0D95225A239,46,66,1685.839,1143.989,0.6786,2,echonet_dynamic_no_long_axis_v1
0X5E9CCD59BD6EDE82,93,116,1702.718,973.913,0.572,2,echonet_dynamic_no_long_axis_v1
0X5E9D8DC455446AF2,79,97,1283.987,674.073,0.525,2,echonet_dynamic_no_long_axis_v1
0X5E9DE6D454196225,51,68,858.56,411.149,0.4789,2,echonet_dynamic_no_long_axis_v1
0X5E9E8AD35D333062,32,47,1061.603,668.991,0.6302,2,echonet_dynamic_no_long_axis_v1
0X5EA17A007042B63C,25,45,1210.498,781.265,0.6454,2,echonet_dynamic_no_long_axis_v1
0X5EA2B15862C3C731,80,92,1851.759,938.603,0.5069,2,echonet_dynamic_no_long_axis_v1
0X5EA9017E606880F2,39,54,1601.422,983.557,0.6142,2,echonet_dynamic_no_long_axis_v1
0X5EABE6E6129D65D6,33,48,1344.649,710.768,0.5286,2,echonet_dynamic_no_long_axis_v1
0X5EAEC188BED7D1C4,83,96,1214.329,708.886,0.5838,2,echonet_dynamic_no_long_axis_v1
0X5EB091B7ACE3715E,34,52,1442.134,1194.017,0.828,2,echonet_dynamic_no_long_axis_v1
0X5EB1538110DC1DD1,46,66,2113.341,1106.887,0.5238,2,echonet_dynamic_no_long_axis_v1
0X5EB2063FDB36FFEA,44,63,2463.528,1419.692,0.5763,2,echonet_dynamic_no_long_axis_v1
0X5EB9A4515645E82F,104,122,1507.488,762.173,0.5056,2,echonet_dynamic_no_long_axis_v1
0X5EBAF494862BBD3A,99,111,896.431,518.43,0.5783,2,echonet_dynamic_no_long_axis_v1
0X5EBEECA55C0C6874,83,93,940.458,489.585,0.5206,2,echonet_dynamic_no_long_axis_v1
0X5EBF4BEB0CB630A3,31,44,1325.937,709.152,0.5348,2,echonet_dynamic_no_long_axis_v1
0X5EC277F47019A41,49,68,1040.008,665.469,0.6399,2,echonet_dynamic_no_long_axis_v1
0X5EC2E237164BE880,53,65,1075.907,688.839,0.6402,2,echonet_dynamic_no_long_axis_v1
0X5EC4ED845000D86B,2,19,2182.3,1418.035,0.6498,2,echonet_dynamic_no_long_axis_v1
0X5EC7168075AF1BA4,77,94,1621.837,1127.614,0.6953,2,echonet_dynamic_no_long_axis_v1
0X5EC8EAD631405070,35,52,782.938,437.135,0.5583,2,echonet_dynamic_no_long_axis_v1
0X5ECD55B830580E47,95,111,1054.212,526.202,0.4991,2,echonet_dynamic_no_long_axis_v1
0X5ECF73A4906CB2BB,65,80,798.455,408.466,0.5116,2,echonet_dynamic_no_long_axis_v1
0X5ED20CE22B61EEB,0,16,3291.517,2881.788,0.8755,2,echonet_dynamic_no_long_axis_v1
0X5ED542F7582888B9,33,45,1681.297,731.702,0.4352,2,echonet_dynamic_no_long_axis_v1
0X5ED71DED6F063F9D,28,37,1465.332,1058.193,0.7222,2,echonet_dynamic_no_long_axis_v1
0X5ED7410527085C8A,29,42,1342.055,789.675,0.5884,2,echonet_dynamic_no_long_axis_v1
0X5ED7D8B4C5E04559,0,20,1296.27,681.944,0.5261,2,echonet_dynamic_no_long_axis_v1
0X5EDDEA1B2AB83813,47,63,657.319,367.496,0.5591,2,echonet_dynamic_no_long_axis_v1
0X5EDF35043B9394FB,36,50,1588.045,919.075,0.5787,2,echonet_dynamic_no_long_axis_v1
0X5EE2390AFEA958E7,86,113,1875.428,1129.271,0.6021,2,echonet_dynamic_no_long_axis_v1
0X5EE2857858E0E31E,36,54,1405.959,765.128,0.5442,2,echonet_dynamic_no_long_axis_v1
0X5EE96AA34060E43F,154,171,1775.207,1478.072,0.8326,2,echonet_dynamic_no_long_axis_v1
0X5EED7E17AC927985,111,127,1875.71,1349.89,0.7197,2,echonet_dynamic_no_long_axis_v1
0X5EF3AA26F477E5F0,68,84,1160.03,603.017,0.5198,2,echonet_dynamic_no_long_axis_v1
0X5EF5ECDC62D658E3,167,184,1901.158,1075.411,0.5657,2,echonet_dynamic_no_long_axis_v1
0X5F0602402478B90A,103,118,1559.741,1074.756,0.6891,2,echonet_dynamic_no_long_axis_v1
0X5F079E27A83C0B8,41,58,1807.361,1188.505,0.6576,2,echonet_dynamic_no_long_axis_v1
0X5F0D24B258388D8A,1,16,1471.781,741.867,0.5041,2,echonet_dynamic_no_long_axis_v1
0X5F0E22A55AB2E76A,35,46,2026.188,1278.681,0.6311,2,echonet_dynamic_no_long_axis_v1
0X5F1003C57B850AB3,87,101,1451.579,871.576,0.6004,2,echonet_dynamic_no_long_axis_v1
0X5F12F829DE9997AD,4,16,1057.789,637.287,0.6025,2,echonet_dynamic_no_long_axis_v1
0X5F1EC9AD081BBF4B,45,62,1135.301,640.506,0.5642,2,echonet_dynamic_no_long_axis_v1
0X5F1F624CC0B3FE23,44,64,1455.598,843.022,0.5792,2,echonet_dynamic_no_long_axis_v1
0X5F20AE1435A6B695,2,13,1214.276,639.681,0.5268,2,echonet_dynamic_no_long_axis_v1
0X5F2D3F92EECFA8D5,55,71,1061.366,574.898,0.5417,2,echonet_dynamic_no_long_axis_v1
0X5F2E4B2D0CB4142D,43,58,826.996,449.698,0.5438,2,echonet_dynamic_no_long_axis_v1
0X5F2ECBF007EA81FC,41,61,1387.019,920.134,0.6634,2,echonet_dynamic_no_long_axis_v1
0X5F32DC0F9F9F9792,73,93,1867.726,1118.308,0.5988,2,echonet_dynamic_no_long_axis_v1
0X5F34377891ED32EA,71,83,1726.733,1062.731,0.6155,2,echonet_dynamic_no_long_axis_v1
0X5F353F8436745263,58,79,1444.832,787.763,0.5452,2,echonet_dynamic_no_long_axis_v1
0X5F39CB85ADCAA00A,93,111,838.213,459.975,0.5488,2,echonet_dynamic_no_long_axis_v1
0X5F39D3F256239FE7,69,86,1333.767,777.423,0.5829,2,echonet_dynamic_no_long_axis_v1
0X5F39F03B6B113B95,88,106,1345.861,712.753,0.5296,2,echonet_dynamic_no_long_axis_v1
0X5F3B72BA85B714EA,159,181,1404.721,749.474,0.5335,2,echonet_dynamic_no_long_axis_v1
0X5F3D04F591FED07C,44,61,1243.441,699.076,0.5622,2,echonet_dynamic_no_long_axis_v1
0X5F3F5EAB6FBC7672,61,80,2085.54,1231.402,0.5904,2,echonet_dynamic_no_long_axis_v1
0X5F40FC2C2367EA92,0,19,2302.614,1322.96,0.5745,2,echonet_dynamic_no_long_axis_v1
0X5F4167C2888CCA6E,44,59,1717.758,1196.182,0.6964,2,echonet_dynamic_no_long_axis_v1
0X5F41E6D608B38A9,35,49,1209.807,572.555,0.4733,2,echonet_dynamic_no_long_axis_v1
0X5F42C272ABD66AE4,86,106,1506.705,1016.214,0.6745,2,echonet_dynamic_no_long_axis_v1
0X5F4816B7130382CE,127,145,1982.926,1107.382,0.5585,2,echonet_dynamic_no_long_axis_v1
0X5F48AC99F9E2CD25,39,53,1154.124,598.187,0.5183,2,echonet_dynamic_no_long_axis_v1
0X5F4A6C5D0B52CB1D,32,48,967.82,678.199,0.7007,2,echonet_dynamic_no_long_axis_v1
0X5F4B5FB16CE96C06,90,99,1893.9,1045.817,0.5522,2,echonet_dynamic_no_long_axis_v1
0X5F4C295A8969E33F,0,18,1282.463,847.516,0.6609,2,echonet_dynamic_no_long_axis_v1
0X5F531849D180DED2,77,93,1416.978,736.911,0.5201,2,echonet_dynamic_no_long_axis_v1
0X5F5640713F873F54,39,55,1150.284,594.012,0.5164,2,echonet_dynamic_no_long_axis_v1
0X5F5765C5B693F91D,35,49,1336.207,714.913,0.535,2,echonet_dynamic_no_long_axis_v1
0X5F590C7F893948D1,110,124,1420.256,825.087,0.5809,2,echonet_dynamic_no_long_axis_v1
0X5F592AA5BA91F733,51,65,2008.338,1056.455,0.526,2,echonet_dynamic_no_long_axis_v1
0X5F599F607D804C81,81,98,1748.888,1015.649,0.5807,2,echonet_dynamic_no_long_axis_v1
0X5F5B9F5A80414884,42,57,2534.436,1600.852,0.6316,2,echonet_dynamic_no_long_axis_v1
0X5F5C118F20590038,0,27,1557.74,781.79,0.5019,2,echonet_dynamic_no_long_axis_v1
0X5F5C26021613D05C,81,99,1792.354,991.413,0.5531,2,echonet_dynamic_no_long_axis_v1
0X5F5E8594B9028EFE,59,79,1283.932,649.472,0.5058,2,echonet_dynamic_no_long_axis_v1
0X5F60579417AF2B21,69,79,1373.627,1196.111,0.8708,2,echonet_dynamic_no_long_axis_v1
0X5F6521B0A37F45B0,76,92,2003.108,1066.444,0.5324,2,echonet_dynamic_no_long_axis_v1
0X5F69BF2FA33746C8,50,67,826.641,448.728,0.5428,2,echonet_dynamic_no_long_axis_v1
0X5F6DFF1FFF8D2BFE,32,51,980.608,501.269,0.5112,2,echonet_dynamic_no_long_axis_v1
0X5F6F8D308353F7CE,60,78,1341.778,847.85,0.6319,2,echonet_dynamic_no_long_axis_v1
0X5F72A5975CB4B31E,73,93,1536.585,764.545,0.4976,2,echonet_dynamic_no_long_axis_v1
0X5F79069BED47E4C6,119,134,1099.579,720.73,0.6555,2,echonet_dynamic_no_long_axis_v1
0X5F7A3F7ECEF71001,52,68,1423.319,1006.831,0.7074,2,echonet_dynamic_no_long_axis_v1
0X5F7AB9B7BAD4A939,45,60,893.373,470.938,0.5271,2,echonet_dynamic_no_long_axis_v1
0X5F7F7043D608F24B,81,97,1993.494,1212.648,0.6083,2,echonet_dynamic_no_long_axis_v1
0X5F82B5955E52718,103,117,1023.999,668.733,0.6531,2,echonet_dynamic_no_long_axis_v1
0X5F8388DE6166AD27,1,26,1224.97,678.801,0.5541,2,echonet_dynamic_no_long_axis_v1
0X5F8AF2961E9475B3,36,53,1100.131,634.452,0.5767,2,echonet_dynamic_no_long_axis_v1
0X5F8C726D21FDA787,39,59,1530.538,790.03,0.5162,2,echonet_dynamic_no_long_axis_v1
0X5F8FAC42E57B94CD,74,94,726.892,382.633,0.5264,2,echonet_dynamic_no_long_axis_v1
0X5F904F6B8EF34899,48,63,1028.374,753.336,0.7326,2,echonet_dynamic_no_long_axis_v1
0X5F905B70EFA3CB8F,82,99,2260.016,1231.431,0.5449,2,echonet_dynamic_no_long_axis_v1
0X5F91AE0375EB306B,48,64,1698.874,877.261,0.5164,2,echonet_dynamic_no_long_axis_v1
0X5F9248C06FAC691F,61,77,1323.635,866.345,0.6545,2,echonet_dynamic_no_long_axis_v1
0X5F92648A23C26089,32,47,1227.625,724.83,0.5904,2,echonet_dynamic_no_long_axis_v1
0X5F92B35F19F2778C,1,21,1528.35,730.178,0.4778,2,echonet_dynamic_no_long_axis_v1
0X5F9A892A7F5222F4,133,148,1012.284,541.148,0.5346,2,echonet_dynamic_no_long_axis_v1
0X5F9B39788332C852,153,160,839.736,454.265,0.541,2,echonet_dynamic_no_long_axis_v1
0X5F9DA73AAF7E7428,37,48,1318.579,1088.332,0.8254,2,echonet_dynamic_no_long_axis_v1
0X5F9E72417A7A94D9,70,93,1420.227,752.053,0.5295,2,echonet_dynamic_no_long_axis_v1
0X5FA0D09981EB84F1,94,110,1748.656,1011.735,0.5786,2,echonet_dynamic_no_long_axis_v1
0X5FA3A479D0505A61,39,55,1174.631,870.991,0.7415,2,echonet_dynamic_no_long_axis_v1
0X5FA790083ACE0F7F,152,171,1110.792,787.917,0.7093,2,echonet_dynamic_no_long_axis_v1
0X5FAFD4377E381228,3,14,962.354,494.793,0.5141,2,echonet_dynamic_no_long_axis_v1
0X5FB48001BCDB3E0,44,60,1136.206,633.131,0.5572,2,echonet_dynamic_no_long_axis_v1
0X5FB52EE24AD4E07C,48,65,2356.491,2043.342,0.8671,2,echonet_dynamic_no_long_axis_v1
0X5FBA39712E8BCEA6,2,16,1650.091,892.961,0.5412,2,echonet_dynamic_no_long_axis_v1
0X5FBBC76F7AD9FB4D,75,92,2039.14,1065.613,0.5226,2,echonet_dynamic_no_long_axis_v1
0X5FBC73FCF4098545,130,148,1440.412,766.498,0.5321,2,echonet_dynamic_no_long_axis_v1
0X5FBE580FA447E32F,50,70,789.629,431.046,0.5459,2,echonet_dynamic_no_long_axis_v1
0X5FBF7F1AFD7D17DE,153,161,1354.15,678.539,0.5011,2,echonet_dynamic_no_long_axis_v1
0X5FC40E07B2195664,2,19,1713.847,1161.737,0.6779,2,echonet_dynamic_no_long_axis_v1
0X5FC7EA9FAD9F2429,72,88,825.693,544.99,0.66,2,echonet_dynamic_no_long_axis_v1
0X5FC9BFA75DBC770F,125,141,2258.369,1545.925,0.6845,2,echonet_dynamic_no_long_axis_v1
0X5FCC240D997BA3BC,58,71,750.623,390.761,0.5206,2,echonet_dynamic_no_long_axis_v1
0X5FCD756AC42FC6,81,104,1572.41,901.491,0.5733,2,echonet_dynamic_no_long_axis_v1
0X5FCE4BD2E5E26851,125,137,1380.737,1235.085,0.8945,2,echonet_dynamic_no_long_axis_v1
0X5FCFF589A81B4B5E,0,18,1713.728,1186.105,0.6921,2,echonet_dynamic_no_long_axis_v1
0X5FD2001CD8BCA24A,93,107,1607.185,917.947,0.5712,2,echonet_dynamic_no_long_axis_v1
0X5FD48AFE4017BCC,35,73,2264.596,1257.392,0.5552,2,echonet_dynamic_no_long_axis_v1
0X5FD68F47AE2AA638,115,134,1478.169,824.686,0.5579,2,echonet_dynamic_no_long_axis_v1
0X5FD81C7210683832,60,73,671.799,400.058,0.5955,2,echonet_dynamic_no_long_axis_v1
0X5FD94B2F57CB25FB,107,125,1397.439,606.789,0.4342,2,echonet_dynamic_no_long_axis_v1
0X5FDA14C54E57DB3E,104,120,1143.082,852.969,0.7462,2,echonet_dynamic_no_long_axis_v1
0X5FDC113292CB6B3C,40,54,863.314,515.461,0.5971,2,echonet_dynamic_no_long_axis_v1
0X5FDCAAC518A41715,47,63,1955.15,1135.147,0.5806,2,echonet_dynamic_no_long_axis_v1
0X5FE2CC293BF88CCD,60,71,1396.671,1054.424,0.755,2,echonet_dynamic_no_long_axis_v1
0X5FE3EB348D80C6BE,72,92,1615.488,918.746,0.5687,2,echonet_dynamic_no_long_axis_v1
0X5FE4D902A22D3041,56,72,2174.117,1063.508,0.4892,2,echonet_dynamic_no_long_axis_v1
0X5FE6439A0CCEF482,3,30,1823.732,1641.763,0.9002,2,echonet_dynamic_no_long_axis_v1
0X5FE8732DE9D96FD5,112,126,2208.639,1544.717,0.6994,2,echonet_dynamic_no_long_axis_v1
0X5FEDCE3F39D06328,101,117,1173.229,666.356,0.568,2,echonet_dynamic_no_long_axis_v1
0X5FF1487741A82553,27,38,1104.246,497.411,0.4505,2,echonet_dynamic_no_long_axis_v1
0X5FF75E97ECDC71E8,64,76,947.668,538.444,0.5682,2,echonet_dynamic_no_long_axis_v1
0X5FF8D238E3A43BA9,84,106,2293.289,2032.298,0.8862,2,echonet_dynamic_no_long_axis_v1
0X5FFEB2AD9B3A5E25,85,100,1139.626,542.323,0.4759,2,echonet_dynamic_no_long_axis_v1
0X6000435AE572F06C,55,71,1354.779,849.94,0.6274,2,echonet_dynamic_no_long_axis_v1
0X60028DC7A7F31CE3,41,56,852.289,458.642,0.5381,2,echonet_dynamic_no_long_axis_v1
0X6004FEA607F2EB9C,135,146,849.226,483.159,0.5689,2,echonet_dynamic_no_long_axis_v1
0X6008D258A5B5E73,55,77,2652.113,1558.699,0.5877,2,echonet_dynamic_no_long_axis_v1
0X600BBB200766F979,50,70,1110.253,644.58,0.5806,2,echonet_dynamic_no_long_axis_v1
0X600FA3ECBB488EAC,43,60,1130.423,648.67,0.5738,2,echonet_dynamic_no_long_axis_v1
0X60121B222FC4B4C4,141,160,1323.846,742.93,0.5612,2,echonet_dynamic_no_long_axis_v1
0X601A0FE2BA2F9F68,45,62,1243.294,966.92,0.7777,2,echonet_dynamic_no_long_axis_v1
0X601B706CC84025BD,68,88,1698.198,1086.619,0.6399,2,echonet_dynamic_no_long_axis_v1
0X602005216EB0FAB3,3,20,1360.92,723.983,0.532,2,echonet_dynamic_no_long_axis_v1
0X6020D0C5C256684D,43,58,1026.82,574.064,0.5591,2,echonet_dynamic_no_long_axis_v1
0X602148BCD6E57281,204,219,1066.855,658.889,0.6176,2,echonet_dynamic_no_long_axis_v1
0X6022F9F42D2E8E06,82,104,1518.237,754.715,0.4971,2,echonet_dynamic_no_long_axis_v1
0X60232C8C3F8E33D5,2,15,2027.794,1033.292,0.5096,2,echonet_dynamic_no_long_axis_v1
0X602624BAE73DF1D0,116,128,1197.575,668.327,0.5581,2,echonet_dynamic_no_long_axis_v1
0X6029ADEDDBD5A8E7,0,12,1080.21,596.522,0.5522,2,echonet_dynamic_no_long_axis_v1
0X602B5FA15C1B1391,68,93,1956.058,1225.955,0.6267,2,echonet_dynamic_no_long_axis_v1
0X602DD210408CBD35,37,54,1041.549,634.969,0.6096,2,echonet_dynamic_no_long_axis_v1
0X60300FD6116E3023,81,98,1000.29,657.054,0.6569,2,echonet_dynamic_no_long_axis_v1
0X603072212882EC57,171,190,1207.98,660.936,0.5471,2,echonet_dynamic_no_long_axis_v1
0X603265F67987D61,37,51,965.72,536.177,0.5552,2,echonet_dynamic_no_long_axis_v1
0X6034BDAD7FE51795,0,22,1150.651,692.622,0.6019,2,echonet_dynamic_no_long_axis_v1
0X60361B7F301DEBB7,48,65,1244.536,630.019,0.5062,2,echonet_dynamic_no_long_axis_v1
0X6037105349598904,15,31,886.135,610.922,0.6894,2,echonet_dynamic_no_long_axis_v1
0X603C4DE06BAD2DE,90,110,1254.4,744.519,0.5935,2,echonet_dynamic_no_long_axis_v1
0X60419B3EB3939EF0,99,122,1630.736,1019.917,0.6254,2,echonet_dynamic_no_long_axis_v1
0X6043DEDF42873A99,83,95,2197.24,1292.412,0.5882,2,echonet_dynamic_no_long_axis_v1
0X604740AA1AC8E769,59,78,1586.279,947.025,0.597,2,echonet_dynamic_no_long_axis_v1
0X6047605B3F7507A9,58,71,1216.73,760.914,0.6254,2,echonet_dynamic_no_long_axis_v1
0X60478355C2E0BB48,45,57,1074.835,614.583,0.5718,2,echonet_dynamic_no_long_axis_v1
0X6047BEFB56F3FBA8,39,56,1143.822,533.137,0.4661,2,echonet_dynamic_no_long_axis_v1
0X604F9762C755B48A,31,47,1421.756,872.75,0.6139,2,echonet_dynamic_no_long_axis_v1
0X6050E603BC35F0D,121,125,882.006,679.949,0.7709,2,echonet_dynamic_no_long_axis_v1
0X6052BE44A33ADDFE,69,86,1388.336,990.82,0.7137,2,echonet_dynamic_no_long_axis_v1
0X605383A20B7C658F,114,128,949.484,599.089,0.631,2,echonet_dynamic_no_long_axis_v1
0X605AAC45ACC879B4,4,17,1126.909,819.498,0.7272,2,echonet_dynamic_no_long_axis_v1
0X60616EC56172D3AE,76,92,1104.049,625.573,0.5666,2,echonet_dynamic_no_long_axis_v1
0X6062D547329B34C8,45,66,1584.425,1076.349,0.6793,2,echonet_dynamic_no_long_axis_v1
0X60649A42C11E721B,88,101,773.783,331.997,0.4291,2,echonet_dynamic_no_long_axis_v1
0X606543C2636A46F9,0,11,770.383,419.191,0.5441,2,echonet_dynamic_no_long_axis_v1
0X6066F7CF79AD6EA2,52,65,1566.152,835.574,0.5335,2,echonet_dynamic_no_long_axis_v1
0X606B12A9CF68A876,62,76,1201.648,632.906,0.5267,2,echonet_dynamic_no_long_axis_v1
0X606B7F30476EEA0C,44,58,1287.352,777.66,0.6041,2,echonet_dynamic_no_long_axis_v1
0X606EAE26DB4E8B0F,49,71,998.612,558.025,0.5588,2,echonet_dynamic_no_long_axis_v1
0X60758344D1A615C7,0,18,970.495,578.323,0.5959,2,echonet_dynamic_no_long_axis_v1
0X6075BCC604236225,130,148,2033.287,1308.582,0.6436,2,echonet_dynamic_no_long_axis_v1
0X607768213ECF3816,283,303,1559.839,1155.549,0.7408,2,echonet_dynamic_no_long_axis_v1
0X6077DDC915D49EF4,88,107,1249.101,772.15,0.6182,2,echonet_dynamic_no_long_axis_v1
0X607994E451ABE328,36,56,1106.643,702.071,0.6344,2,echonet_dynamic_no_long_axis_v1
0X607D6FED035C7266,0,21,2719.963,1697.633,0.6241,2,echonet_dynamic_no_long_axis_v1
0X607D76B3B384B981,91,109,2573.066,1231.225,0.4785,2,echonet_dynamic_no_long_axis_v1
0X607F41470C215868,47,63,1921.107,1255.679,0.6536,2,echonet_dynamic_no_long_axis_v1
0X6081A68BDA364282,38,55,1704.425,907.528,0.5325,2,echonet_dynamic_no_long_axis_v1
0X60824E65E2F8D4E4,47,63,3160.734,2753.719,0.8712,2,echonet_dynamic_no_long_axis_v1
0X60879BF7C40D3E7F,47,67,1668.537,978.907,0.5867,2,echonet_dynamic_no_long_axis_v1
0X6089507F265F3867,36,49,1357.456,756.754,0.5575,2,echonet_dynamic_no_long_axis_v1
0X608CC80E40F3C7C7,30,36,1410.063,802.2,0.5689,2,echonet_dynamic_no_long_axis_v1
0X608CDE34163C8C6E,136,152,2408.667,1592.721,0.6612,2,echonet_dynamic_no_long_axis_v1
0X608ED3201BB2F9A,91,106,1798.506,1109.559,0.6169,2,echonet_dynamic_no_long_axis_v1
0X6093A86B26D1D702,18,26,794.459,517.0,0.6508,2,echonet_dynamic_no_long_axis_v1
0X60951C0848721E82,76,94,2021.417,1100.835,0.5446,2,echonet_dynamic_no_long_axis_v1
0X609BFE0CDDFB9E,107,123,1243.479,742.88,0.5974,2,echonet_dynamic_no_long_axis_v1
0X609D602D6AA2CE06,52,68,904.195,500.349,0.5534,2,echonet_dynamic_no_long_axis_v1
0X60A115AC08C5AA98,24,38,1242.284,730.28,0.5879,2,echonet_dynamic_no_long_axis_v1
0X60A1CB79D9C78AC4,66,81,1293.446,676.823,0.5233,2,echonet_dynamic_no_long_axis_v1
0X60A29B95CB50D7C8,108,131,2021.677,1734.871,0.8581,2,echonet_dynamic_no_long_axis_v1
0X60A3D09BF576C9E0,42,57,1045.097,594.118,0.5685,2,echonet_dynamic_no_long_axis_v1
0X60A3DA455577B5DD,64,82,887.426,499.354,0.5627,2,echonet_dynamic_no_long_axis_v1
0X60AC03ACF886B39,56,72,1598.249,847.315,0.5302,2,echonet_dynamic_no_long_axis_v1
0X60AC441DE6762A5C,127,98,960.574,668.205,0.6956,2,echonet_dynamic_no_long_axis_v1
0X60B9AED929D32AE2,27,35,1671.583,1424.46,0.8522,2,echonet_dynamic_no_long_axis_v1
0X60BD2CFEF17230C5,43,60,1280.673,732.741,0.5722,2,echonet_dynamic_no_long_axis_v1
0X60C1562BC81D2CFD,102,118,1107.148,968.298,0.8746,2,echonet_dynamic_no_long_axis_v1
0X60C2CB2D74D114DB,41,78,2170.979,1206.859,0.5559,2,echonet_dynamic_no_long_axis_v1
0X60C2DAE488E24E8C,93,111,1713.939,1323.445,0.7722,2,echonet_dynamic_no_long_axis_v1
0X60CA87B38DB62D25,0,16,1034.717,555.915,0.5373,2,echonet_dynamic_no_long_axis_v1
0X60CB0FCDB867416E,59,86,1169.231,682.099,0.5834,2,echonet_dynamic_no_long_axis_v1
0X60CBB487D539A682,63,82,1184.322,603.004,0.5092,2,echonet_dynamic_no_long_axis_v1
0X60D12EB75747418E,30,41,569.968,301.269,0.5286,2,echonet_dynamic_no_long_axis_v1
0X60D399F5596817FD,85,99,1945.771,1518.873,0.7806,2,echonet_dynamic_no_long_axis_v1
0X60D4CF900E8AB3F1,79,92,1177.602,567.036,0.4815,2,echonet_dynamic_no_long_axis_v1
0X60D51EC3F6430CD,48,69,1649.98,1123.281,0.6808,2,echonet_dynamic_no_long_axis_v1
0X60DA39A95735153C,47,66,1920.02,1395.912,0.727,2,echonet_dynamic_no_long_axis_v1
0X60E2385E5BBB7D56,49,64,912.418,436.034,0.4779,2,echonet_dynamic_no_long_axis_v1
0X60E288E158D9E124,51,69,1204.486,935.992,0.7771,2,echonet_dynamic_no_long_axis_v1
0X60E313E6FCCDA537,51,67,1495.383,839.897,0.5617,2,echonet_dynamic_no_long_axis_v1
0X60E541E360EAC699,108,130,1024.14,565.888,0.5525,2,echonet_dynamic_no_long_axis_v1
0X60E7BC3E1AEE124D,51,72,512.845,286.487,0.5586,2,echonet_dynamic_no_long_axis_v1
0X60E8EFD910ABD27C,52,63,710.054,341.31,0.4807,2,echonet_dynamic_no_long_axis_v1
0X60EAA5FCA47FB694,34,44,1193.321,671.366,0.5626,2,echonet_dynamic_no_long_axis_v1
0X60EB9960DC4D3AAE,88,106,1122.678,784.188,0.6985,2,echonet_dynamic_no_long_axis_v1
0X60EBADBFFED44673,66,84,1373.904,693.75,0.5049,2,echonet_dynamic_no_long_axis_v1
0X60F0EBEA2ECCA7,94,110,1057.974,576.669,0.5451,2,echonet_dynamic_no_long_axis_v1
0X60FA846306768D7A,41,54,925.606,520.722,0.5626,2,echonet_dynamic_no_long_axis_v1
0X60FB3BE1AD72FC10,63,85,1419.897,925.79,0.652,2,echonet_dynamic_no_long_axis_v1
0X610001D2751C532F,58,77,1453.436,843.392,0.5803,2,echonet_dynamic_no_long_axis_v1
0X610039E9EFEE05C1,49,65,1512.049,915.065,0.6052,2,echonet_dynamic_no_long_axis_v1
0X610772D3F421D8D3,50,63,1865.403,1309.089,0.7018,2,echonet_dynamic_no_long_axis_v1
0X610C81B6610DB1C2,64,74,2663.193,1566.453,0.5882,2,echonet_dynamic_no_long_axis_v1
0X61109ADAC48286FB,32,49,1377.996,947.829,0.6878,2,echonet_dynamic_no_long_axis_v1
0X6114052E1AFCB17F,3,15,1074.176,587.9,0.5473,2,echonet_dynamic_no_long_axis_v1
0X6117B0541E9603CF,28,50,1058.681,676.795,0.6393,2,echonet_dynamic_no_long_axis_v1
0X611ECE95FA6631BD,4,18,1079.32,589.8,0.5465,2,echonet_dynamic_no_long_axis_v1
0X61285FAE5B4098E3,58,75,1560.182,822.034,0.5269,2,echonet_dynamic_no_long_axis_v1
0X61290D261B4E1A2A,82,104,1329.971,757.084,0.5692,2,echonet_dynamic_no_long_axis_v1
0X612D302A7898B7B,101,119,1182.637,649.105,0.5489,2,echonet_dynamic_no_long_axis_v1
0X613C65C873F42B48,78,94,1104.327,593.416,0.5374,2,echonet_dynamic_no_long_axis_v1
0X613E15ACF68A8CD4,63,74,780.463,399.38,0.5117,2,echonet_dynamic_no_long_axis_v1
0X613F92D8E9051054,49,66,1431.52,882.684,0.6166,2,echonet_dynamic_no_long_axis_v1
0X6142773DC5AFEEE6,25,30,688.624,414.62,0.6021,2,echonet_dynamic_no_long_axis_v1
0X614667C1081DDA78,44,58,1256.631,640.064,0.5093,2,echonet_dynamic_no_long_axis_v1
0X61486985C6B1E049,102,120,1908.984,990.432,0.5188,2,echonet_dynamic_no_long_axis_v1
0X61490A9A563BA496,45,58,897.151,514.966,0.574,2,echonet_dynamic_no_long_axis_v1
0X614B3F106CA8115E,61,78,1341.363,734.044,0.5472,2,echonet_dynamic_no_long_axis_v1
0X6155412BB652E5B1,47,66,1996.82,933.493,0.4675,2,echonet_dynamic_no_long_axis_v1
0X61587D736C90E3D4,68,85,2115.244,1287.21,0.6085,2,echonet_dynamic_no_long_axis_v1
0X6158BD0A77933B5E,32,50,1311.428,785.961,0.5993,2,echonet_dynamic_no_long_axis_v1
0X615BECB59AC3A22A,58,78,1839.22,1028.724,0.5593,2,echonet_dynamic_no_long_axis_v1
0X615D7146FC5C9460,54,68,1762.835,1087.682,0.617,2,echonet_dynamic_no_long_axis_v1
0X615DAAF2A2E00D4F,104,116,1651.643,779.953,0.4722,2,echonet_dynamic_no_long_axis_v1
0X61606A54D357AD12,113,127,1335.646,730.869,0.5472,2,echonet_dynamic_no_long_axis_v1
0X61621ADA8491FEE2,1,19,2320.349,1708.254,0.7362,2,echonet_dynamic_no_long_axis_v1
0X6163E4FAB71D46F6,36,53,1925.768,891.73,0.4631,2,echonet_dynamic_no_long_axis_v1
0X6164CF5637491D60,52,66,1362.967,733.155,0.5379,2,echonet_dynamic_no_long_axis_v1
0X61667A832FA493EC,38,54,1211.462,673.685,0.5561,2,echonet_dynamic_no_long_axis_v1
0X6166B74ED1E05A2F,112,129,640.464,357.817,0.5587,2,echonet_dynamic_no_long_axis_v1
0X6168F0F0714C1C1C,56,77,1435.701,807.432,0.5624,2,echonet_dynamic_no_long_axis_v1
0X616B4664CD092CC4,140,158,1972.475,1652.866,0.838,2,echonet_dynamic_no_long_axis_v1
0X616F20C3E89D4CC2,139,160,988.556,543.858,0.5502,2,echonet_dynamic_no_long_axis_v1
0X6172BF6CBE1B8C63,49,63,1236.563,721.274,0.5833,2,echonet_dynamic_no_long_axis_v1
0X617470804AED8010,52,69,1468.761,878.229,0.5979,2,echonet_dynamic_no_long_axis_v1
0X6178BEFF04E5441F,40,58,1641.936,929.381,0.566,2,echonet_dynamic_no_long_axis_v1
0X617D5C19D1A8FF89,2,18,1607.546,872.278,0.5426,2,echonet_dynamic_no_long_axis_v1
0X617DAA674148287E,115,132,1526.793,771.348,0.5052,2,echonet_dynamic_no_long_axis_v1
0X6182F7FF4D48777,89,106,732.34,384.697,0.5253,2,echonet_dynamic_no_long_axis_v1
0X618385631E2F91,50,67,977.95,471.543,0.4822,2,echonet_dynamic_no_long_axis_v1
0X6183BA1218A8B1E,65,84,884.81,446.466,0.5046,2,echonet_dynamic_no_long_axis_v1
0X61848F995A02B06C,6,21,1009.204,604.678,0.5992,2,echonet_dynamic_no_long_axis_v1
0X6185F36B24251475,158,175,1552.923,950.296,0.6119,2,echonet_dynamic_no_long_axis_v1
0X618C08CFF808D832,110,125,1561.691,839.766,0.5377,2,echonet_dynamic_no_long_axis_v1
0X619010C76D709BCF,43,60,804.889,445.164,0.5531,2,echonet_dynamic_no_long_axis_v1
0X61970056C330866C,116,134,1390.732,735.246,0.5287,2,echonet_dynamic_no_long_axis_v1
0X6197221CFF744122,96,111,1302.884,792.933,0.6086,2,echonet_dynamic_no_long_axis_v1
0X619AAFC89B03A69F,75,84,1009.916,548.36,0.543,2,echonet_dynamic_no_long_axis_v1
0X619D735DD1D98D84,57,74,1316.164,724.967,0.5508,2,echonet_dynamic_no_long_axis_v1
0X619FFCEFBDF0CCF4,82,95,1064.059,618.449,0.5812,2,echonet_dynamic_no_long_axis_v1
0X61A410BB1F05392A,53,74,1583.537,919.413,0.5806,2,echonet_dynamic_no_long_axis_v1
0X61A5A8A298CBB992,72,90,1016.165,564.072,0.5551,2,echonet_dynamic_no_long_axis_v1
0X61AC0ADC7C9D98E0,175,191,1752.625,943.43,0.5383,2,echonet_dynamic_no_long_axis_v1
0X61AF888022B3E17,41,61,1613.893,948.702,0.5878,2,echonet_dynamic_no_long_axis_v1
0X61AFEA2C1EB13D90,111,129,1444.18,809.377,0.5604,2,echonet_dynamic_no_long_axis_v1
0X61B17DE63E91ABC1,87,98,529.504,337.003,0.6365,2,echonet_dynamic_no_long_axis_v1
0X61B352290CDB2133,69,50,1070.797,642.786,0.6003,2,echonet_dynamic_no_long_axis_v1
0X61B56FE2FAAE1DFE,50,65,1649.902,773.596,0.4689,2,echonet_dynamic_no_long_axis_v1
0X61B69402642621FA,141,167,2433.212,1776.728,0.7302,2,echonet_dynamic_no_long_axis_v1
0X61B6E8FB5F3B7F28,2,20,795.919,431.05,0.5416,2,echonet_dynamic_no_long_axis_v1
0X61B7F331C88097E6,37,50,1210.445,652.222,0.5388,2,echonet_dynamic_no_long_axis_v1
0X61BB4CE860D8FF7C,147,163,1512.493,936.792,0.6194,2,echonet_dynamic_no_long_axis_v1
0X61BCFDD03D7D72CC,61,77,1888.24,1720.452,0.9111,2,echonet_dynamic_no_long_axis_v1
0X61C5D71CDDD1F6FC,38,50,792.028,399.96,0.505,2,echonet_dynamic_no_long_axis_v1
0X61C7B5C2F114DA60,55,70,1021.379,519.404,0.5085,2,echonet_dynamic_no_long_axis_v1
0X61CBB091699F9FAD,32,52,2162.608,1270.858,0.5877,2,echonet_dynamic_no_long_axis_v1
0X61D67DBEE3CA29C,58,78,1815.135,1080.814,0.5954,2,echonet_dynamic_no_long_axis_v1
0X61D81D3A714A2CAE,55,78,2590.679,1489.996,0.5751,2,echonet_dynamic_no_long_axis_v1
0X61DBD51F03B76427,124,141,1797.138,1108.651,0.6169,2,echonet_dynamic_no_long_axis_v1
0X61DD02434C3C63E7,33,46,1929.276,1041.988,0.5401,2,echonet_dynamic_no_long_axis_v1
0X61E16B47E6FD8A4C,46,68,2137.141,1203.877,0.5633,2,echonet_dynamic_no_long_axis_v1
0X61E568C03C41267A,128,141,1099.895,654.016,0.5946,2,echonet_dynamic_no_long_axis_v1
0X61E9FEC719B239A0,57,74,996.971,545.079,0.5467,2,echonet_dynamic_no_long_axis_v1
0X61EA0CBB056791FE,56,78,958.959,698.204,0.7281,2,echonet_dynamic_no_long_axis_v1
0X61EB498F3D0E42F,88,104,1099.363,615.238,0.5596,2,echonet_dynamic_no_long_axis_v1
0X61ED29875A107302,92,112,2598.877,2118.753,0.8153,2,echonet_dynamic_no_long_axis_v1
0X61F021642A416187,34,60,2799.777,1655.253,0.5912,2,echonet_dynamic_no_long_axis_v1
0X61F17BA2035CC3FB,30,39,1481.059,1093.931,0.7386,2,echonet_dynamic_no_long_axis_v1
0X61F438D1BB39E331,124,144,1339.143,880.475,0.6575,2,echonet_dynamic_no_long_axis_v1
0X61FBBED6FD9504DB,58,74,1062.482,614.853,0.5787,2,echonet_dynamic_no_long_axis_v1
0X6200291BC8CEC0A8,0,17,1989.859,1350.81,0.6788,2,echonet_dynamic_no_long_axis_v1
0X6200509F3CB51BF4,82,95,1400.513,1000.519,0.7144,2,echonet_dynamic_no_long_axis_v1
0X62020DF45F8F65CF,33,48,951.719,573.819,0.6029,2,echonet_dynamic_no_long_axis_v1
0X620373BE146E6C3B,125,137,1903.071,1491.356,0.7837,2,echonet_dynamic_no_long_axis_v1
0X620622F3C57A2D34,128,141,1156.033,650.373,0.5626,2,echonet_dynamic_no_long_axis_v1
0X62069BBDFB47067D,122,138,1245.946,661.688,0.5311,2,echonet_dynamic_no_long_axis_v1
0X6210992ADCECE486,47,18,1714.007,1005.54,0.5867,2,echonet_dynamic_no_long_axis_v1
0X62120394E2CFDA1C,123,140,1310.566,671.415,0.5123,2,echonet_dynamic_no_long_axis_v1
0X62120814160BA377,203,166,2038.018,1682.124,0.8254,2,echonet_dynamic_no_long_axis_v1
0X62167C07ED3F8E50,130,149,1604.381,829.22,0.5168,2,echonet_dynamic_no_long_axis_v1
0X6216A1CA7F78D802,57,75,1372.289,866.225,0.6312,2,echonet_dynamic_no_long_axis_v1
0X621A5AF262880B0E,45,59,1145.363,767.95,0.6705,2,echonet_dynamic_no_long_axis_v1
0X621E8EA95716994D,0,17,1621.244,773.418,0.4771,2,echonet_dynamic_no_long_axis_v1
0X62232F7C971D7804,0,22,1152.668,547.534,0.475,2,echonet_dynamic_no_long_axis_v1
0X6223EE23BD172BD8,106,137,2577.175,1091.773,0.4236,2,echonet_dynamic_no_long_axis_v1
0X62281AB3009C0842,112,123,1589.302,817.949,0.5147,2,echonet_dynamic_no_long_axis_v1
0X62288B92A04EB557,75,93,1999.841,962.483,0.4813,2,echonet_dynamic_no_long_axis_v1
0X6229CB36DB9F05A5,113,91,1091.1,563.269,0.5162,2,echonet_dynamic_no_long_axis_v1
0X622CBB289D9ADCB,67,78,2712.35,1603.85,0.5913,2,echonet_dynamic_no_long_axis_v1
0X622E1E920459AF0B,48,62,1551.868,913.677,0.5888,2,echonet_dynamic_no_long_axis_v1
0X6231E19CD6477630,74,88,1035.254,555.077,0.5362,2,echonet_dynamic_no_long_axis_v1
0X623553186A86B3F1,38,52,1957.778,1023.576,0.5228,2,echonet_dynamic_no_long_axis_v1
0X62363A0046BBD232,57,73,2306.433,1811.702,0.7855,2,echonet_dynamic_no_long_axis_v1
0X62370545D10D6B3C,56,69,916.176,520.222,0.5678,2,echonet_dynamic_no_long_axis_v1
0X6237090A1B16DEFA,53,75,1531.287,1003.606,0.6554,2,echonet_dynamic_no_long_axis_v1
0X623A44344DB4C3D9,85,105,1491.383,816.062,0.5472,2,echonet_dynamic_no_long_axis_v1
0X623F4667A42B8338,31,47,953.116,570.679,0.5988,2,echonet_dynamic_no_long_axis_v1
0X6242E545D9E88971,65,81,1182.898,693.868,0.5866,2,echonet_dynamic_no_long_axis_v1
0X62431BB9CF3A33EE,46,59,794.13,468.226,0.5896,2,echonet_dynamic_no_long_axis_v1
0X6243CDE6C761DC2C,1,24,931.379,500.644,0.5375,2,echonet_dynamic_no_long_axis_v1
0X6244378B616F4BF6,6,33,1695.301,930.885,0.5491,2,echonet_dynamic_no_long_axis_v1
0X624452DF15668C3B,96,111,829.807,418.82,0.5047,2,echonet_dynamic_no_long_axis_v1
0X6244974E7C452D0,94,114,2843.355,1950.179,0.6859,2,echonet_dynamic_no_long_axis_v1
0X62473A8FCF726A75,52,71,3343.249,1673.082,0.5004,2,echonet_dynamic_no_long_axis_v1
0X6248A53F54109542,37,54,1067.102,608.805,0.5705,2,echonet_dynamic_no_long_axis_v1
0X6249ED892A1300E0,91,110,1223.583,927.716,0.7582,2,echonet_dynamic_no_long_axis_v1
0X624AF19C96CC325F,42,54,1515.92,860.869,0.5679,2,echonet_dynamic_no_long_axis_v1
0X624B1190D5E5D04D,46,62,850.763,499.43,0.587,2,echonet_dynamic_no_long_axis_v1
0X624C7BEBC641CEDA,102,110,1013.074,508.196,0.5016,2,echonet_dynamic_no_long_axis_v1
0X6252B9DC16FA14BD,106,123,1486.455,861.15,0.5793,2,echonet_dynamic_no_long_axis_v1
0X6254DB24438A055B,55,71,1332.811,723.779,0.543,2,echonet_dynamic_no_long_axis_v1
0X62559BC253A97E51,2,20,2561.131,1390.228,0.5428,2,echonet_dynamic_no_long_axis_v1
0X626B5EC75243A0D3,4,15,1179.427,636.796,0.5399,2,echonet_dynamic_no_long_axis_v1
0X62717DC37FD004CF,38,54,2602.735,1510.487,0.5803,2,echonet_dynamic_no_long_axis_v1
0X6272075AEC0BA960,57,70,1421.919,1097.867,0.7721,2,echonet_dynamic_no_long_axis_v1
0X627232266CC3F5DC,150,167,1234.733,760.228,0.6157,2,echonet_dynamic_no_long_axis_v1
0X62731DCE5C886642,44,56,1698.816,1012.409,0.596,2,echonet_dynamic_no_long_axis_v1
0X62741A42E524CAD7,41,57,1225.427,731.961,0.5973,2,echonet_dynamic_no_long_axis_v1
0X6275BB18E7A8D320,57,71,743.549,438.168,0.5893,2,echonet_dynamic_no_long_axis_v1
0X6277D1C8274F5454,84,99,859.633,425.124,0.4945,2,echonet_dynamic_no_long_axis_v1
0X627A4DFBE5B59E7C,73,88,1400.312,891.649,0.6368,2,echonet_dynamic_no_long_axis_v1
0X627C3A92D257F19E,60,80,2582.964,2034.323,0.7876,2,echonet_dynamic_no_long_axis_v1
0X627F73BBD2A57DEF,49,68,1202.115,694.723,0.5779,2,echonet_dynamic_no_long_axis_v1
0X6282B0330D95ED3F,124,144,1274.533,945.979,0.7422,2,echonet_dynamic_no_long_axis_v1
0X6283969D8953FECF,90,109,932.303,568.646,0.6099,2,echonet_dynamic_no_long_axis_v1
0X6286F6DFC7F835B8,39,53,931.534,673.281,0.7228,2,echonet_dynamic_no_long_axis_v1
0X628BD140F1FC1557,54,74,1782.569,1016.624,0.5703,2,echonet_dynamic_no_long_axis_v1
0X628E52E0848610F5,59,78,954.324,610.443,0.6397,2,echonet_dynamic_no_long_axis_v1
0X6290DAA1DBA189F9,55,86,2310.675,1652.817,0.7153,2,echonet_dynamic_no_long_axis_v1
0X6294FD3F7487AA1D,40,64,1655.597,1405.073,0.8487,2,echonet_dynamic_no_long_axis_v1
0X6296137ED4994429,132,154,1799.36,935.261,0.5198,2,echonet_dynamic_no_long_axis_v1
0X629BAD750FB326D1,2,20,2970.043,1663.516,0.5601,2,echonet_dynamic_no_long_axis_v1
0X629D824243E63810,109,129,1202.543,817.83,0.6801,2,echonet_dynamic_no_long_axis_v1
0X62A25E56B1AEE78B,67,87,1750.075,929.528,0.5311,2,echonet_dynamic_no_long_axis_v1
0X62A2EFEA0863B781,37,54,1255.605,651.141,0.5186,2,echonet_dynamic_no_long_axis_v1
0X62A98C9A5B58A031,59,78,1281.664,770.155,0.6009,2,echonet_dynamic_no_long_axis_v1
0X62AADFDC4467B5EE,46,70,1593.926,833.061,0.5226,2,echonet_dynamic_no_long_axis_v1
0X62ABD820E0F2FBD0,36,54,1465.586,835.516,0.5701,2,echonet_dynamic_no_long_axis_v1
0X62B37D47688D7F3C,43,62,1336.863,1094.419,0.8186,2,echonet_dynamic_no_long_axis_v1
0X62B3D1284E90B92E,41,52,1310.326,730.664,0.5576,2,echonet_dynamic_no_long_axis_v1
0X62B760F36DAD3A27,90,103,1202.007,1061.348,0.883,2,echonet_dynamic_no_long_axis_v1
0X62BAD1AAAE139375,46,60,1546.795,818.386,0.5291,2,echonet_dynamic_no_long_axis_v1
0X62BE5E914D5C6FAE,99,115,1021.589,590.456,0.578,2,echonet_dynamic_no_long_axis_v1
0X62CA2DF80D04673E,35,52,2038.277,1017.562,0.4992,2,echonet_dynamic_no_long_axis_v1
0X62CFD637D29F0AF8,49,69,2713.332,2233.818,0.8233,2,echonet_dynamic_no_long_axis_v1
0X62D0E438B69C344A,118,133,1069.852,574.079,0.5366,2,echonet_dynamic_no_long_axis_v1
0X62D1775AFFC83C5A,59,75,1218.334,678.989,0.5573,2,echonet_dynamic_no_long_axis_v1
0X62D954A4644CE358,71,81,1526.649,985.69,0.6457,2,echonet_dynamic_no_long_axis_v1
0X62D9FBC429BB5C83,91,109,1702.833,1368.057,0.8034,2,echonet_dynamic_no_long_axis_v1
0X62E2F987FDE1D54,91,109,846.511,471.405,0.5569,2,echonet_dynamic_no_long_axis_v1
0X62E6931F0936350D,103,119,1348.43,771.205,0.5719,2,echonet_dynamic_no_long_axis_v1
0X62EA10A73F0557B9,21,35,1812.769,1108.756,0.6116,2,echonet_dynamic_no_long_axis_v1
0X62F8023D8467B4D5,39,54,838.921,564.213,0.6725,2,echonet_dynamic_no_long_axis_v1
0X62FFA6AFAF764AC0,107,123,1481.739,763.66,0.5154,2,echonet_dynamic_no_long_axis_v1
0X6300A58D8CF5363A,60,71,968.437,508.082,0.5246,2,echonet_dynamic_no_long_axis_v1
0X63065D5C24C3DE6D,74,93,832.051,488.002,0.5865,2,echonet_dynamic_no_long_axis_v1
0X630742E78187417,55,73,995.9,526.236,0.5284,2,echonet_dynamic_no_long_axis_v1
0X63088AEC76D7604D,43,68,1043.995,548.924,0.5258,2,echonet_dynamic_no_long_axis_v1
0X630BF397D6215496,55,72,978.697,521.808,0.5332,2,echonet_dynamic_no_long_axis_v1
0X630FC0272AE524D3,3,21,1349.667,899.241,0.6663,2,echonet_dynamic_no_long_axis_v1
0X6311A3EA62D07100,46,67,1119.65,564.04,0.5038,2,echonet_dynamic_no_long_axis_v1
0X63136117F9AD3DBB,72,85,1063.202,829.379,0.7801,2,echonet_dynamic_no_long_axis_v1
0X63155061FC7D2CB3,100,119,1474.775,880.352,0.5969,2,echonet_dynamic_no_long_axis_v1
0X63179AA447034992,55,67,1478.77,869.854,0.5882,2,echonet_dynamic_no_long_axis_v1
0X6317D4F7D0A23188,99,110,1031.271,555.031,0.5382,2,echonet_dynamic_no_long_axis_v1
0X631F8BE60B6A906D,114,133,2304.389,1965.855,0.8531,2,echonet_dynamic_no_long_axis_v1
0X6325022EA6862495,105,115,775.507,538.729,0.6947,2,echonet_dynamic_no_long_axis_v1
0X63252420012C79A2,66,77,912.681,516.532,0.5659,2,echonet_dynamic_no_long_axis_v1
0X6326541E9E879019,72,85,1202.864,951.593,0.7911,2,echonet_dynamic_no_long_axis_v1
0X632854AB56B55732,39,54,1603.903,1454.23,0.9067,2,echonet_dynamic_no_long_axis_v1
0X63290B350833B632,64,74,973.496,473.823,0.4867,2,echonet_dynamic_no_long_axis_v1
0X632AD4E483D87CBD,153,175,1163.954,592.051,0.5087,2,echonet_dynamic_no_long_axis_v1
0X632B8D7EB7551F43,44,60,1402.096,865.413,0.6172,2,echonet_dynamic_no_long_axis_v1
0X632DA7234D99F30B,82,98,1077.943,597.724,0.5545,2,echonet_dynamic_no_long_axis_v1
0X632E6D2931E7704E,97,113,1786.123,826.674,0.4628,2,echonet_dynamic_no_long_axis_v1
0X6332A156BE67C37E,36,52,1322.824,724.733,0.5479,2,echonet_dynamic_no_long_axis_v1
0X6333AD6F4B44CF29,83,98,585.562,294.082,0.5022,2,echonet_dynamic_no_long_axis_v1
0X63350654272A9811,66,75,1677.967,1202.36,0.7166,2,echonet_dynamic_no_long_axis_v1
0X63374545596F960E,58,71,882.243,603.099,0.6836,2,echonet_dynamic_no_long_axis_v1
0X63399D9E4FC71C87,36,47,1284.751,707.019,0.5503,2,echonet_dynamic_no_long_axis_v1
0X633BC22840D1D199,26,43,1328.027,816.476,0.6148,2,echonet_dynamic_no_long_axis_v1
0X633CC4D354E3419,28,43,1873.563,1131.233,0.6038,2,echonet_dynamic_no_long_axis_v1
0X633E0E424144D38F,106,125,1754.009,1024.076,0.5838,2,echonet_dynamic_no_long_axis_v1
0X633F7FD1EA0A3F2C,52,68,2053.732,1667.406,0.8119,2,echonet_dynamic_no_long_axis_v1
0X6344130313AAE198,47,66,1310.935,654.359,0.4992,2,echonet_dynamic_no_long_axis_v1
0X63451086D7DCA911,50,69,1707.579,1017.205,0.5957,2,echonet_dynamic_no_long_axis_v1
0X634BBF686F057DC1,67,86,937.252,751.098,0.8014,2,echonet_dynamic_no_long_axis_v1
0X635245BE8BDD5C3B,30,43,1081.774,859.623,0.7946,2,echonet_dynamic_no_long_axis_v1
0X63599F4698755CC6,106,123,1435.245,1098.899,0.7657,2,echonet_dynamic_no_long_axis_v1
0X635B3A98A1465315,53,75,2549.818,1560.659,0.6121,2,echonet_dynamic_no_long_axis_v1
0X6362AFA11DF8776,106,124,1146.319,569.008,0.4964,2,echonet_dynamic_no_long_axis_v1
0X63669FF28E1B1D95,56,73,1466.237,826.64,0.5638,2,echonet_dynamic_no_long_axis_v1
0X63688D15225DA448,102,122,2085.608,1285.036,0.6161,2,echonet_dynamic_no_long_axis_v1
0X636B7F7511BA829B,61,83,1094.405,659.242,0.6024,2,echonet_dynamic_no_long_axis_v1
0X63753ABBDD15107,45,63,1072.675,587.992,0.5482,2,echonet_dynamic_no_long_axis_v1
0X6378B47399B56C39,3,14,720.629,555.624,0.771,2,echonet_dynamic_no_long_axis_v1
0X6378E7F2202D8664,43,55,824.635,461.625,0.5598,2,echonet_dynamic_no_long_axis_v1
0X637941B5909C74C6,120,138,1244.919,789.276,0.634,2,echonet_dynamic_no_long_axis_v1
0X637ADE9407BD0F0B,59,73,742.412,419.768,0.5654,2,echonet_dynamic_no_long_axis_v1
0X63800FF8C04208F7,54,63,939.523,477.77,0.5085,2,echonet_dynamic_no_long_axis_v1
0X638132579FB600C9,129,142,1554.612,854.694,0.5498,2,echonet_dynamic_no_long_axis_v1
0X6381C1737EEC6177,44,62,1579.43,1023.493,0.648,2,echonet_dynamic_no_long_axis_v1
0X63822A2B901BCE0B,27,39,1152.203,818.829,0.7107,2,echonet_dynamic_no_long_axis_v1
0X6382AE8EB4B73A3D,105,90,1026.336,655.24,0.6384,2,echonet_dynamic_no_long_axis_v1
0X6383E7D4E6CBF731,51,64,988.822,652.658,0.66,2,echonet_dynamic_no_long_axis_v1
0X63847BB266FD181A,50,64,1922.349,1455.637,0.7572,2,echonet_dynamic_no_long_axis_v1
0X6388D094BE0DB303,43,58,1133.15,543.151,0.4793,2,echonet_dynamic_no_long_axis_v1
0X638C6EE2A3F451E2,54,61,840.588,309.394,0.3681,2,echonet_dynamic_no_long_axis_v1
0X63922430844177C0,0,16,1174.67,599.942,0.5107,2,echonet_dynamic_no_long_axis_v1
0X639419C07A6F4E33,140,157,1386.993,760.162,0.5481,2,echonet_dynamic_no_long_axis_v1
0X63A09D1D7547F9F5,47,60,1184.566,1039.05,0.8772,2,echonet_dynamic_no_long_axis_v1
0X63A25BC012687C7B,38,54,1502.78,893.792,0.5948,2,echonet_dynamic_no_long_axis_v1
0X63A2FB5EC2E1389E,30,44,1129.282,645.999,0.572,2,echonet_dynamic_no_long_axis_v1
0X63A4F48C162A36DF,95,109,1530.203,827.218,0.5406,2,echonet_dynamic_no_long_axis_v1
0X63A60FC760B18850,178,217,1127.604,487.829,0.4326,2,echonet_dynamic_no_long_axis_v1
0X63A862F83C131D52,23,44,1443.01,960.115,0.6654,2,echonet_dynamic_no_long_axis_v1
0X63AAC8D84C8943CD,101,119,1100.744,568.852,0.5168,2,echonet_dynamic_no_long_axis_v1
0X63ACB6EE3DB9AEA2,56,73,1010.387,551.622,0.546,2,echonet_dynamic_no_long_axis_v1
0X63AF6B967333B029,2,17,1597.472,877.282,0.5492,2,echonet_dynamic_no_long_axis_v1
0X63B0796D03779A29,50,72,1886.315,1533.627,0.813,2,echonet_dynamic_no_long_axis_v1
0X63B0B34DDE691EE7,83,98,1430.488,1033.459,0.7225,2,echonet_dynamic_no_long_axis_v1
0X63C0C93E76565075,56,72,6121.459,3879.455,0.6337,2,echonet_dynamic_no_long_axis_v1
0X63C523280C2468E5,82,96,1627.462,828.878,0.5093,2,echonet_dynamic_no_long_axis_v1
0X63C937BD4B524E5B,1,19,1315.655,773.619,0.588,2,echonet_dynamic_no_long_axis_v1
0X63CC93D7D9696690,113,131,944.544,523.921,0.5547,2,echonet_dynamic_no_long_axis_v1
0X63CF06323DEE2000,82,102,2118.865,1059.362,0.5,2,echonet_dynamic_no_long_axis_v1
0X63CFB3C6EE79599C,7,18,1015.23,602.265,0.5932,2,echonet_dynamic_no_long_axis_v1
0X63CFF3F10BD4D1E8,53,70,1886.383,1043.919,0.5534,2,echonet_dynamic_no_long_axis_v1
0X63D04F4EEBAEBD3E,106,126,2605.466,1233.762,0.4735,2,echonet_dynamic_no_long_axis_v1
0X63D0E9E163F1A41A,44,56,715.379,389.561,0.5446,2,echonet_dynamic_no_long_axis_v1
0X63D186913EF56E46,44,61,1542.631,900.236,0.5836,2,echonet_dynamic_no_long_axis_v1
0X63D28BAEA7C66804,31,45,1275.439,745.717,0.5847,2,echonet_dynamic_no_long_axis_v1
0X63D855538102DCA1,67,85,915.441,527.789,0.5765,2,echonet_dynamic_no_long_axis_v1
0X63DAA4BAC6177001,67,85,1736.001,842.173,0.4851,2,echonet_dynamic_no_long_axis_v1
0X63E41C64661C0696,140,159,1218.855,575.964,0.4725,2,echonet_dynamic_no_long_axis_v1
0X63E434559D0852DE,64,85,1158.43,781.809,0.6749,2,echonet_dynamic_no_long_axis_v1
0X63E4C2DD767A2E7F,67,86,1170.328,911.544,0.7789,2,echonet_dynamic_no_long_axis_v1
0X63E4EABEC5781C,50,65,1170.616,433.518,0.3703,2,echonet_dynamic_no_long_axis_v1
0X63E53A89D55764E3,34,51,1602.815,1228.514,0.7665,2,echonet_dynamic_no_long_axis_v1
0X63E6231DF8337689,48,62,1201.122,747.344,0.6222,2,echonet_dynamic_no_long_axis_v1
0X63EFA5F7FFFB0014,82,101,2276.753,1475.336,0.648,2,echonet_dynamic_no_long_axis_v1
0X63F67FDA7F9B0C34,95,107,1838.191,1245.902,0.6778,2,echonet_dynamic_no_long_axis_v1
0X63F79AE85D25960E,37,51,1144.708,729.456,0.6372,2,echonet_dynamic_no_long_axis_v1
0X63FD72B89AACC089,75,88,1002.996,634.154,0.6323,2,echonet_dynamic_no_long_axis_v1
0X63FECBA90BA79F81,151,169,2154.223,1145.431,0.5317,2,echonet_dynamic_no_long_axis_v1
0X6400D44A81CDC666,31,41,839.271,360.314,0.4293,2,echonet_dynamic_no_long_axis_v1
0X6406F656D85D613,39,56,1309.568,896.412,0.6845,2,echonet_dynamic_no_long_axis_v1
0X64099CA1B1AE23FD,2,17,999.843,520.7,0.5208,2,echonet_dynamic_no_long_axis_v1
0X640B3C771632C834,184,207,1998.06,1131.306,0.5662,2,echonet_dynamic_no_long_axis_v1
0X640BEAA86E433A60,25,45,831.378,449.177,0.5403,2,echonet_dynamic_no_long_axis_v1
0X640CE139BAA401B2,73,92,2243.01,1171.38,0.5222,2,echonet_dynamic_no_long_axis_v1
0X640DF0986ACFEB8C,46,67,1023.267,563.397,0.5506,2,echonet_dynamic_no_long_axis_v1
0X641187BA5EAA4331,94,111,1521.161,873.897,0.5745,2,echonet_dynamic_no_long_axis_v1
0X64153B07B714C730,34,49,1083.548,571.22,0.5272,2,echonet_dynamic_no_long_axis_v1
0X641675ED5FBFD2FB,47,61,1296.664,669.252,0.5161,2,echonet_dynamic_no_long_axis_v1
0X6418370A8B0A2187,141,167,1734.726,1359.246,0.7836,2,echonet_dynamic_no_long_axis_v1
0X64188A16B85C8527,35,47,2592.21,1267.082,0.4888,2,echonet_dynamic_no_long_axis_v1
0X64196964401D2938,41,56,1203.793,613.254,0.5094,2,echonet_dynamic_no_long_axis_v1
0X641D26A1B0745A7E,156,170,1212.146,694.028,0.5726,2,echonet_dynamic_no_long_axis_v1
0X6423EE8AA54159E9,130,141,1494.632,721.78,0.4829,2,echonet_dynamic_no_long_axis_v1
0X6426324539E692CB,92,110,1704.565,1085.813,0.637,2,echonet_dynamic_no_long_axis_v1
0X642AB0D752EAB589,38,52,1057.865,576.296,0.5448,2,echonet_dynamic_no_long_axis_v1
0X642D54AB691E0FC0,66,87,1406.279,829.04,0.5895,2,echonet_dynamic_no_long_axis_v1
0X642E639A8CDE539B,89,141,1165.935,577.511,0.4953,2,echonet_dynamic_no_long_axis_v1
0X642E683AF1A5244C,47,63,1392.32,741.499,0.5326,2,echonet_dynamic_no_long_axis_v1
0X64342D77565BCE3,103,117,1404.999,743.746,0.5294,2,echonet_dynamic_no_long_axis_v1
0X64346E030157ED80,136,156,1556.809,795.713,0.5111,2,echonet_dynamic_no_long_axis_v1
0X643525F6DB08BF41,34,45,968.384,550.606,0.5686,2,echonet_dynamic_no_long_axis_v1
0X643B9D92868C371B,0,14,1275.866,610.216,0.4783,2,echonet_dynamic_no_long_axis_v1
0X643D753BD3302E6B,92,106,1195.818,592.761,0.4957,2,echonet_dynamic_no_long_axis_v1
0X64402E4398BFCFC2,80,98,642.098,335.632,0.5227,2,echonet_dynamic_no_long_axis_v1
0X6440E65AC7ED5668,0,16,652.862,316.145,0.4842,2,echonet_dynamic_no_long_axis_v1
0X644477CB728755E0,92,109,1170.508,678.016,0.5792,2,echonet_dynamic_no_long_axis_v1
0X64452FF284C03039,1,14,1155.202,652.933,0.5652,2,echonet_dynamic_no_long_axis_v1
0X6446D01F5B6E082,70,84,1791.706,1556.981,0.869,2,echonet_dynamic_no_long_axis_v1
0X6447EF85C60A98FC,161,174,1623.168,827.306,0.5097,2,echonet_dynamic_no_long_axis_v1
0X644EF08C46882EC3,40,57,1500.129,801.126,0.534,2,echonet_dynamic_no_long_axis_v1
0X64567227AC006B23,50,64,644.548,499.68,0.7752,2,echonet_dynamic_no_long_axis_v1
0X6456DAE3F9D1538B,93,106,1567.86,1004.702,0.6408,2,echonet_dynamic_no_long_axis_v1
0X6456F968787519E7,77,98,2420.255,1459.549,0.6031,2,echonet_dynamic_no_long_axis_v1
0X6459870D85C30216,104,120,1284.279,749.945,0.5839,2,echonet_dynamic_no_long_axis_v1
0X645D545CEC6B682,41,62,1382.207,968.236,0.7005,2,echonet_dynamic_no_long_axis_v1
0X645DA49E73828690,66,81,1426.227,762.562,0.5347,2,echonet_dynamic_no_long_axis_v1
0X645F2FD9B7EB9211,66,83,1010.994,505.089,0.4996,2,echonet_dynamic_no_long_axis_v1
0X6460CABD12C329D4,61,78,2654.114,1892.503,0.713,2,echonet_dynamic_no_long_axis_v1
0X6462C027F89C1319,48,65,1823.36,1334.095,0.7317,2,echonet_dynamic_no_long_axis_v1
0X64645749B8E566B9,67,84,1452.014,831.692,0.5728,2,echonet_dynamic_no_long_axis_v1
0X6467B6237F51BCE,43,59,1403.265,872.83,0.622,2,echonet_dynamic_no_long_axis_v1
0X6467DCE2362FB3B3,49,70,2666.512,1496.329,0.5612,2,echonet_dynamic_no_long_axis_v1
0X646CABD4DAB1BF83,78,93,1375.286,815.909,0.5933,2,echonet_dynamic_no_long_axis_v1
0X6471525F25F5395F,82,96,1203.854,590.448,0.4905,2,echonet_dynamic_no_long_axis_v1
0X647499F6DA710D4F,121,140,1209.587,743.452,0.6146,2,echonet_dynamic_no_long_axis_v1
0X6475EE6823D4912D,30,40,999.293,611.372,0.6118,2,echonet_dynamic_no_long_axis_v1
0X647668461C467044,40,54,1487.177,653.035,0.4391,2,echonet_dynamic_no_long_axis_v1
0X6478438459208AD5,33,45,946.277,720.244,0.7611,2,echonet_dynamic_no_long_axis_v1
0X647970156BD4D14A,57,76,1371.853,874.093,0.6372,2,echonet_dynamic_no_long_axis_v1
0X6479BEFEFDB47B80,34,49,1743.641,1045.566,0.5996,2,echonet_dynamic_no_long_axis_v1
0X647C3D4FCD2C623C,54,66,899.294,603.196,0.6707,2,echonet_dynamic_no_long_axis_v1
0X647C40B261C13DD4,44,59,1185.459,624.394,0.5267,2,echonet_dynamic_no_long_axis_v1
0X647CDD011149BFBB,127,144,2139.579,1149.89,0.5374,2,echonet_dynamic_no_long_axis_v1
0X648EBE05D8EF7CFE,104,122,1121.123,843.986,0.7528,2,echonet_dynamic_no_long_axis_v1
0X64901E9D47895B5B,107,123,1014.022,637.745,0.6289,2,echonet_dynamic_no_long_axis_v1
0X6493CA2C0B218D5D,106,133,2922.942,1869.311,0.6395,2,echonet_dynamic_no_long_axis_v1
0X64991BE928F68684,125,146,1388.391,719.347,0.5181,2,echonet_dynamic_no_long_axis_v1
0X64A9B5E4315CE2EE,114,131,2137.36,1293.796,0.6053,2,echonet_dynamic_no_long_axis_v1
0X64AB025500AB6DBC,139,158,982.181,474.755,0.4834,2,echonet_dynamic_no_long_axis_v1
0X64ABDEF4276C88D0,101,116,2286.336,1069.2,0.4676,2,echonet_dynamic_no_long_axis_v1
0X64AD5CE84D6CC19E,47,64,1601.981,959.366,0.5989,2,echonet_dynamic_no_long_axis_v1
0X64B2B77B0C551FE4,37,48,1042.8,731.086,0.7011,2,echonet_dynamic_no_long_axis_v1
0X64B3193E01E9E5BA,89,106,1350.359,1030.699,0.7633,2,echonet_dynamic_no_long_axis_v1
0X64B7294110706DC5,79,94,2509.222,1315.64,0.5243,2,echonet_dynamic_no_long_axis_v1
0X64C7A83C1CB202F2,88,105,1307.937,740.925,0.5665,2,echonet_dynamic_no_long_axis_v1
0X64C7EC2ED7DBD367,39,54,2846.97,1705.948,0.5992,2,echonet_dynamic_no_long_axis_v1
0X64C8728B8D1EC69B,95,110,1106.154,581.15,0.5254,2,echonet_dynamic_no_long_axis_v1
0X64CA842A0F36035,44,64,3859.251,1949.923,0.5053,2,echonet_dynamic_no_long_axis_v1
0X64CAD12B7716CD96,36,52,858.428,460.222,0.5361,2,echonet_dynamic_no_long_axis_v1
0X64CD34F0EAB6D008,67,89,1385.465,719.368,0.5192,2,echonet_dynamic_no_long_axis_v1
0X64CD75A3087F44C,111,135,1123.607,825.457,0.7346,2,echonet_dynamic_no_long_axis_v1
0X64CD8BFE328160BA,4,20,968.474,564.988,0.5834,2,echonet_dynamic_no_long_axis_v1
0X64D192FDC5030E7E,104,122,1033.123,665.511,0.6442,2,echonet_dynamic_no_long_axis_v1
0X64D1B760B0B33F99,39,52,1523.423,901.153,0.5915,2,echonet_dynamic_no_long_axis_v1
0X64D572D8F917F0FE,43,59,1345.452,932.32,0.6929,2,echonet_dynamic_no_long_axis_v1
0X64D5C407FA568640,95,109,1798.792,907.883,0.5047,2,echonet_dynamic_no_long_axis_v1
0X64D5CA3CF6F65F27,50,68,1640.73,1120.532,0.6829,2,echonet_dynamic_no_long_axis_v1
0X64D81B504D7FF03C,39,56,1422.611,781.859,0.5496,2,echonet_dynamic_no_long_axis_v1
0X64DCDB6CC0B251FA,52,69,968.714,489.708,0.5055,2,echonet_dynamic_no_long_axis_v1
0X64E2FC6E99FAF669,54,74,1597.664,1025.065,0.6416,2,echonet_dynamic_no_long_axis_v1
0X64E3F029012A62AA,134,154,1493.132,1008.644,0.6755,2,echonet_dynamic_no_long_axis_v1
0X64E76A6139910CB9,51,67,655.722,375.073,0.572,2,echonet_dynamic_no_long_axis_v1
0X64EE9FFA5DA69058,68,78,860.08,486.819,0.566,2,echonet_dynamic_no_long_axis_v1
0X64FAE0A9E0740D03,70,84,1154.103,571.151,0.4949,2,echonet_dynamic_no_long_axis_v1
0X65072FB226CAD3B2,53,72,1286.767,702.224,0.5457,2,echonet_dynamic_no_long_axis_v1
0X6507E201943B22B1,55,72,1382.68,731.924,0.5294,2,echonet_dynamic_no_long_axis_v1
0X650881B7ADEF9668,157,179,1183.684,598.558,0.5057,2,echonet_dynamic_no_long_axis_v1
0X6508990DC3493349,45,60,1553.534,839.913,0.5406,2,echonet_dynamic_no_long_axis_v1
0X650A05F9B5D9F425,134,147,1304.165,717.708,0.5503,2,echonet_dynamic_no_long_axis_v1
0X650C78FAA0312711,1,14,1243.111,675.586,0.5435,2,echonet_dynamic_no_long_axis_v1
0X65115C498B497C14,96,118,1265.41,760.446,0.6009,2,echonet_dynamic_no_long_axis_v1
0X6517121A1CC175DC,0,22,1265.869,700.331,0.5532,2,echonet_dynamic_no_long_axis_v1
0X6518D5BFE63259EF,51,71,1166.991,607.97,0.521,2,echonet_dynamic_no_long_axis_v1
0X65208512A67B9529,48,64,1332.518,714.182,0.536,2,echonet_dynamic_no_long_axis_v1
0X652153F7E83F458F,46,60,712.852,433.006,0.6074,2,echonet_dynamic_no_long_axis_v1
0X6524AC0A6E1ABC5C,86,103,1297.698,763.401,0.5883,2,echonet_dynamic_no_long_axis_v1
0X652774B9B23300A4,40,58,1496.044,740.705,0.4951,2,echonet_dynamic_no_long_axis_v1
0X6528D2CD71A27968,37,52,799.195,593.91,0.7431,2,echonet_dynamic_no_long_axis_v1
0X652B75C6FB4BE598,29,47,1175.002,950.683,0.8091,2,echonet_dynamic_no_long_axis_v1
0X652C7A5FA55C5201,148,168,1228.518,727.031,0.5918,2,echonet_dynamic_no_long_axis_v1
0X652ECB6DE3326FE9,133,151,1936.207,1422.555,0.7347,2,echonet_dynamic_no_long_axis_v1
0X65308E5E0624A6C1,44,60,1166.233,887.982,0.7614,2,echonet_dynamic_no_long_axis_v1
0X653188DF2B81C1F9,43,62,2032.793,1398.225,0.6878,2,echonet_dynamic_no_long_axis_v1
0X653267FDDD4EF0E7,109,129,2185.376,1792.239,0.8201,2,echonet_dynamic_no_long_axis_v1
0X6532C54260D0231,130,118,867.107,528.795,0.6098,2,echonet_dynamic_no_long_axis_v1
0X6534AE7ED9A039EE,0,18,1192.653,672.571,0.5639,2,echonet_dynamic_no_long_axis_v1
0X6535F819C7185C51,1,18,1353.669,781.712,0.5775,2,echonet_dynamic_no_long_axis_v1
0X653C793B3F2B3510,47,67,1645.267,1117.032,0.6789,2,echonet_dynamic_no_long_axis_v1
0X653CC913017A8C19,114,134,1587.134,839.813,0.5291,2,echonet_dynamic_no_long_axis_v1
0X6541D7939DEF6989,40,58,848.754,563.865,0.6643,2,echonet_dynamic_no_long_axis_v1
0X6544ED8E3D660B88,77,96,1549.506,1012.898,0.6537,2,echonet_dynamic_no_long_axis_v1
0X6545D8FA38575CBF,38,53,1439.442,721.031,0.5009,2,echonet_dynamic_no_long_axis_v1
0X654B16581A5CE299,46,61,1208.196,673.108,0.5571,2,echonet_dynamic_no_long_axis_v1
0X654CBBC325689148,55,71,1468.096,741.117,0.5048,2,echonet_dynamic_no_long_axis_v1
0X655147B40196C1D3,71,95,905.507,520.963,0.5753,2,echonet_dynamic_no_long_axis_v1
0X65516451A2E52F44,74,88,1586.989,915.122,0.5766,2,echonet_dynamic_no_long_axis_v1
0X655399113DAA4ECC,0,16,1358.787,896.011,0.6594,2,echonet_dynamic_no_long_axis_v1
0X65552642DAE0A494,41,54,1456.946,982.27,0.6742,2,echonet_dynamic_no_long_axis_v1
0X65566D21DE3607C0,63,82,1208.763,581.058,0.4807,2,echonet_dynamic_no_long_axis_v1
0X6560CC6E271F6D21,51,67,2904.278,1617.465,0.5569,2,echonet_dynamic_no_long_axis_v1
0X656705047098A5FC,49,70,2263.977,1133.866,0.5008,2,echonet_dynamic_no_long_axis_v1
0X656969EB60FFF3D0,35,51,989.718,578.716,0.5847,2,echonet_dynamic_no_long_axis_v1
0X65701772634F735F,53,67,2862.128,2178.215,0.761,2,echonet_dynamic_no_long_axis_v1
0X6570BEE903D51DFE,40,54,955.68,574.377,0.601,2,echonet_dynamic_no_long_axis_v1
0X6570FEF9FC36D7C2,110,127,1333.329,690.464,0.5178,2,echonet_dynamic_no_long_axis_v1
0X657253CA562EF468,91,108,994.201,659.77,0.6636,2,echonet_dynamic_no_long_axis_v1
0X65753CA4ABFD5B4D,90,107,745.003,374.284,0.5024,2,echonet_dynamic_no_long_axis_v1
0X6575ED8B607878CF,99,117,2426.654,1975.266,0.814,2,echonet_dynamic_no_long_axis_v1
0X6575EF6E0F584F4F,105,122,2068.304,1872.512,0.9053,2,echonet_dynamic_no_long_axis_v1
0X657773E06E5DC8CF,40,57,2366.212,1309.017,0.5532,2,echonet_dynamic_no_long_axis_v1
0X657AF47EF22C6290,82,100,1372.067,833.807,0.6077,2,echonet_dynamic_no_long_axis_v1
0X657F7B916C0A37BF,92,105,1236.976,662.622,0.5357,2,echonet_dynamic_no_long_axis_v1
0X65834A48C2AB3649,100,118,2103.953,1093.084,0.5195,2,echonet_dynamic_no_long_axis_v1
0X6586C3F1D344FDFB,39,57,1050.377,713.608,0.6794,2,echonet_dynamic_no_long_axis_v1
0X65880EF54397293E,46,62,1392.87,947.925,0.6806,2,echonet_dynamic_no_long_axis_v1
0X658AC1BA93532526,100,118,1609.916,851.054,0.5286,2,echonet_dynamic_no_long_axis_v1
0X658AEA4B6FB6C69C,75,93,1464.603,1208.107,0.8249,2,echonet_dynamic_no_long_axis_v1
0X658BF7B9A9C6B4DD,49,64,1111.684,633.381,0.5697,2,echonet_dynamic_no_long_axis_v1
0X65903F79E0D91D80,64,79,1327.905,947.025,0.7132,2,echonet_dynamic_no_long_axis_v1
0X659315B077CFCAE2,33,47,1541.782,840.437,0.5451,2,echonet_dynamic_no_long_axis_v1
0X6595CCE63E8A9FB1,132,150,1487.271,811.577,0.5457,2,echonet_dynamic_no_long_axis_v1
0X6596000F8A23ADA8,53,73,4792.964,3731.777,0.7786,2,echonet_dynamic_no_long_axis_v1
0X6596D8BF8019271F,47,62,1629.266,926.187,0.5685,2,echonet_dynamic_no_long_axis_v1
0X659B94C54FB2A424,55,75,1603.857,739.073,0.4608,2,echonet_dynamic_no_long_axis_v1
0X659BBAF883211018,99,113,1101.839,537.928,0.4882,2,echonet_dynamic_no_long_axis_v1
0X659D7C2040A17F30,99,121,1573.688,840.538,0.5341,2,echonet_dynamic_no_long_axis_v1
0X659F28A1D4054453,38,52,1137.791,587.163,0.5161,2,echonet_dynamic_no_long_axis_v1
0X65A2ADCC7A35528F,79,93,997.512,547.215,0.5486,2,echonet_dynamic_no_long_axis_v1
0X65A4CFF0CDED342B,50,66,1057.425,565.804,0.5351,2,echonet_dynamic_no_long_axis_v1
0X65A7AF6CE6C51FA4,42,57,1178.279,603.888,0.5125,2,echonet_dynamic_no_long_axis_v1
0X65A93402E4FD359D,77,93,980.67,508.993,0.519,2,echonet_dynamic_no_long_axis_v1
0X65A9AD514CAB60F6,44,60,1139.016,575.121,0.5049,2,echonet_dynamic_no_long_axis_v1
0X65AA294CD0269E6,97,114,1776.949,921.137,0.5184,2,echonet_dynamic_no_long_axis_v1
0X65ACA3F8B770AAD7,130,148,1052.723,710.439,0.6749,2,echonet_dynamic_no_long_axis_v1
0X65ACFF71F3288CEB,97,105,2339.942,1441.844,0.6162,2,echonet_dynamic_no_long_axis_v1
0X65AFBE7F72F33F56,114,129,876.602,450.433,0.5138,2,echonet_dynamic_no_long_axis_v1
0X65B1A716EEA8A06F,101,117,1369.647,723.784,0.5284,2,echonet_dynamic_no_long_axis_v1
0X65B23F659EFEE4B5,128,143,1634.322,927.405,0.5675,2,echonet_dynamic_no_long_axis_v1
0X65B2EFC3B8EFD35D,142,161,1706.642,882.048,0.5168,2,echonet_dynamic_no_long_axis_v1
0X65B33C7D1BA2303C,54,69,1088.827,604.542,0.5552,2,echonet_dynamic_no_long_axis_v1
0X65B6646A8864CFF2,41,59,1157.98,718.99,0.6209,2,echonet_dynamic_no_long_axis_v1
0X65B7FD443008A7FE,148,162,1148.976,740.691,0.6447,2,echonet_dynamic_no_long_axis_v1
0X65BAA5953F13E76F,51,67,818.565,444.989,0.5436,2,echonet_dynamic_no_long_axis_v1
0X65BE4D7A748C3A2E,81,102,1316.169,813.558,0.6181,2,echonet_dynamic_no_long_axis_v1
0X65BFE57982B5CE91,56,72,1025.339,600.859,0.586,2,echonet_dynamic_no_long_axis_v1
0X65C05D708C373803,75,86,1050.697,546.553,0.5202,2,echonet_dynamic_no_long_axis_v1
0X65C0691EFC9931F6,100,121,1348.524,843.831,0.6257,2,echonet_dynamic_no_long_axis_v1
0X65C488B49774AE48,103,119,1217.416,672.391,0.5523,2,echonet_dynamic_no_long_axis_v1
0X65D15BBB6891406A,40,54,976.94,503.891,0.5158,2,echonet_dynamic_no_long_axis_v1
0X65D85BE69D1D8F64,75,90,1183.341,701.856,0.5931,2,echonet_dynamic_no_long_axis_v1
0X65E1A5AE0862B8B6,54,66,1177.828,640.487,0.5438,2,echonet_dynamic_no_long_axis_v1
0X65E2A0A6C4CDBC1,47,67,770.519,458.55,0.5951,2,echonet_dynamic_no_long_axis_v1
0X65E605F203321860,53,32,1403.138,25.83,0.0184,2,echonet_dynamic_no_long_axis_v1
0X65E85D2F82BA872E,107,126,939.856,521.509,0.5549,2,echonet_dynamic_no_long_axis_v1
0X65E89AC890F1DC3F,120,133,1198.193,660.006,0.5508,2,echonet_dynamic_no_long_axis_v1
0X65EDD2669C886790,98,115,1354.973,796.236,0.5876,2,echonet_dynamic_no_long_axis_v1
0X65EFA6DFA62351C9,59,73,1345.206,650.125,0.4833,2,echonet_dynamic_no_long_axis_v1
0X65F1640C91221F37,55,74,1589.861,966.969,0.6082,2,echonet_dynamic_no_long_axis_v1
0X65F84656B24B5511,82,96,2545.761,1883.862,0.74,2,echonet_dynamic_no_long_axis_v1
0X65FAC9441FA92B93,108,127,1658.817,980.772,0.5912,2,echonet_dynamic_no_long_axis_v1
0X65FB2AC7E0207522,46,58,994.438,540.879,0.5439,2,echonet_dynamic_no_long_axis_v1
0X65FCF0CE7A00FB1C,35,48,1070.228,635.206,0.5935,2,echonet_dynamic_no_long_axis_v1
0X65FE895469EFDA8B,51,70,1378.852,656.361,0.476,2,echonet_dynamic_no_long_axis_v1
0X65FF0A025B2C71EA,52,71,1149.234,635.082,0.5526,2,echonet_dynamic_no_long_axis_v1
0X660104EE65A0D28E,1,17,732.425,420.611,0.5743,2,echonet_dynamic_no_long_axis_v1
0X66050153ED5E08EA,81,94,1186.316,636.772,0.5368,2,echonet_dynamic_no_long_axis_v1
0X660577E3B07A47CE,116,133,2183.859,1002.074,0.4589,2,echonet_dynamic_no_long_axis_v1
0X66095387FB014661,50,68,1029.8,562.527,0.5462,2,echonet_dynamic_no_long_axis_v1
0X660DF8CADE3493DB,93,109,1604.43,900.711,0.5614,2,echonet_dynamic_no_long_axis_v1
0X6610463AD711E147,46,61,2057.63,1091.448,0.5304,2,echonet_dynamic_no_long_axis_v1
0X6610FEE0E4DB11B5,46,65,1702.291,877.807,0.5157,2,echonet_dynamic_no_long_axis_v1
0X661442FDB0CA1292,50,68,1571.586,908.768,0.5782,2,echonet_dynamic_no_long_axis_v1
0X66150B1C51FE2973,105,120,1141.194,684.781,0.6001,2,echonet_dynamic_no_long_axis_v1
0X661758A0D4DDE90B,85,102,1192.338,621.819,0.5215,2,echonet_dynamic_no_long_axis_v1
0X661BF682DDCABEA3,61,77,1041.264,562.804,0.5405,2,echonet_dynamic_no_long_axis_v1
0X6629C6225F411536,43,68,1359.994,891.5,0.6555,2,echonet_dynamic_no_long_axis_v1
0X662EF84E75806C27,48,60,2244.675,1773.421,0.7901,2,echonet_dynamic_no_long_axis_v1
0X663231D707998E6,130,147,1696.707,946.897,0.5581,2,echonet_dynamic_no_long_axis_v1
0X66323769FB7ECD5D,31,44,1011.787,783.83,0.7747,2,echonet_dynamic_no_long_axis_v1
0X6634179FD03E7894,100,112,1091.683,603.503,0.5528,2,echonet_dynamic_no_long_axis_v1
0X663BC386B0224ABB,1,20,1730.254,948.601,0.5482,2,echonet_dynamic_no_long_axis_v1
0X663D82EB24009DF8,97,118,2540.111,1290.763,0.5082,2,echonet_dynamic_no_long_axis_v1
0X663EF0126EB679DB,98,115,1469.851,806.731,0.5489,2,echonet_dynamic_no_long_axis_v1
0X66485513B1CFC9AE,53,71,1379.827,770.429,0.5584,2,echonet_dynamic_no_long_axis_v1
0X66498ED03F00B58,108,123,773.539,449.083,0.5806,2,echonet_dynamic_no_long_axis_v1
0X66513C273628711D,55,72,1965.1,1025.156,0.5217,2,echonet_dynamic_no_long_axis_v1
0X66589A55D172C35C,45,62,1254.988,914.4,0.7286,2,echonet_dynamic_no_long_axis_v1
0X665A80CE550ADFA,62,86,2226.255,1430.799,0.6427,2,echonet_dynamic_no_long_axis_v1
0X665B15BB5ABDCCFF,52,70,1261.72,723.941,0.5738,2,echonet_dynamic_no_long_axis_v1
0X665E43AF6FE1563D,39,54,955.608,517.71,0.5418,2,echonet_dynamic_no_long_axis_v1
0X666344D2DD9224DE,120,142,1305.825,784.72,0.6009,2,echonet_dynamic_no_long_axis_v1
0X666349AB95E1677,70,101,814.091,654.943,0.8045,2,echonet_dynamic_no_long_axis_v1
0X6664870503647CFB,42,59,1690.259,1296.83,0.7672,2,echonet_dynamic_no_long_axis_v1
0X666873505855894,4,19,1365.009,959.047,0.7026,2,echonet_dynamic_no_long_axis_v1
0X6668ACFCA23901D4,36,47,1911.987,1626.615,0.8507,2,echonet_dynamic_no_long_axis_v1
0X66740E6F2A2F90A6,68,82,1081.897,670.113,0.6194,2,echonet_dynamic_no_long_axis_v1
0X6675FE3D0AFC31BD,41,58,1247.595,751.708,0.6025,2,echonet_dynamic_no_long_axis_v1
0X66767284B72B3E78,122,144,848.89,510.307,0.6011,2,echonet_dynamic_no_long_axis_v1
0X667955B6FC13C36,24,38,1131.915,677.968,0.599,2,echonet_dynamic_no_long_axis_v1
0X667B0BEE8F4F8F2D,116,131,1138.421,684.679,0.6014,2,echonet_dynamic_no_long_axis_v1
0X667B5B4810379555,36,54,1241.837,903.266,0.7274,2,echonet_dynamic_no_long_axis_v1
0X667FD7179D55F5AF,126,145,1007.564,531.136,0.5271,2,echonet_dynamic_no_long_axis_v1
0X66823EEDB9A8D930,110,122,980.416,669.646,0.683,2,echonet_dynamic_no_long_axis_v1
0X6684E4B16D37E14,47,66,1141.741,664.687,0.5822,2,echonet_dynamic_no_long_axis_v1
0X668A7CAD095C1D4C,61,76,839.416,644.008,0.7672,2,echonet_dynamic_no_long_axis_v1
0X668B799502EF644B,32,44,1132.728,671.706,0.593,2,echonet_dynamic_no_long_axis_v1
0X669090C0E856365E,58,74,858.011,450.328,0.5249,2,echonet_dynamic_no_long_axis_v1
0X6691FC17FF306EA5,79,94,2793.297,2173.848,0.7782,2,echonet_dynamic_no_long_axis_v1
0X6692B6CEE5DCCFC0,0,17,1496.4,1074.973,0.7184,2,echonet_dynamic_no_long_axis_v1
0X66943CAFDC2AC478,85,100,1380.355,786.425,0.5697,2,echonet_dynamic_no_long_axis_v1
0X669833DEC464DE58,151,166,3103.799,1599.143,0.5152,2,echonet_dynamic_no_long_axis_v1
0X669B1F6BD601634,43,61,1580.862,874.52,0.5532,2,echonet_dynamic_no_long_axis_v1
0X669C85F4369B9F8F,64,82,1274.234,623.607,0.4894,2,echonet_dynamic_no_long_axis_v1
0X669DE1EFA9B175D9,0,15,1164.697,643.285,0.5523,2,echonet_dynamic_no_long_axis_v1
0X669DF94C3BCCDE7B,46,56,1075.175,677.174,0.6298,2,echonet_dynamic_no_long_axis_v1
0X669FE870F1ACFC73,52,67,915.243,388.316,0.4243,2,echonet_dynamic_no_long_axis_v1
0X66A0A7C2D3B4B0A7,135,142,884.783,455.069,0.5143,2,echonet_dynamic_no_long_axis_v1
0X66A167447E7F1770,42,58,962.468,656.0,0.6816,2,echonet_dynamic_no_long_axis_v1
0X66AB95639ED874F,74,89,1568.041,1213.799,0.7741,2,echonet_dynamic_no_long_axis_v1
0X66AC005B83155AF3,47,68,1183.005,658.985,0.557,2,echonet_dynamic_no_long_axis_v1
0X66B7661D9ADBD284,30,37,1060.507,679.827,0.641,2,echonet_dynamic_no_long_axis_v1
0X66B9870579E61D28,56,78,1377.2,657.087,0.4771,2,echonet_dynamic_no_long_axis_v1
0X66B9D0727965351A,28,40,1722.039,1109.429,0.6443,2,echonet_dynamic_no_long_axis_v1
0X66BA13935B0B974,67,80,1617.074,776.037,0.4799,2,echonet_dynamic_no_long_axis_v1
0X66C173C78E8F6EDF,63,89,2481.227,1287.249,0.5188,2,echonet_dynamic_no_long_axis_v1
0X66C8E103FFEE45DF,46,57,1230.076,720.6,0.5858,2,echonet_dynamic_no_long_axis_v1
0X66C8EAE88FFB77EE,53,76,1207.902,872.998,0.7227,2,echonet_dynamic_no_long_axis_v1
0X66CBBE76152663AE,52,69,1423.293,766.548,0.5386,2,echonet_dynamic_no_long_axis_v1
0X66CD8A146E264C5C,36,53,1242.992,767.438,0.6174,2,echonet_dynamic_no_long_axis_v1
0X66CD95FB321BF102,55,75,1390.769,912.376,0.656,2,echonet_dynamic_no_long_axis_v1
0X66CE85713FABD830,46,57,1050.806,578.46,0.5505,2,echonet_dynamic_no_long_axis_v1
0X66CF7DDCF1B8920D,3,18,1415.948,1209.13,0.8539,2,echonet_dynamic_no_long_axis_v1
0X66D3177E10B63872,40,56,1005.712,490.161,0.4874,2,echonet_dynamic_no_long_axis_v1
0X66D5B2636F084D50,106,122,2172.351,1321.069,0.6081,2,echonet_dynamic_no_long_axis_v1
0X66D60CC6C281CAA7,100,121,794.022,521.97,0.6574,2,echonet_dynamic_no_long_axis_v1
0X66DAEF49CE746360,37,52,4020.522,3460.571,0.8607,2,echonet_dynamic_no_long_axis_v1
0X66DC4A8DD37055CC,50,66,1538.617,847.45,0.5508,2,echonet_dynamic_no_long_axis_v1
0X66E313EF5B96FD96,59,72,892.926,510.745,0.572,2,echonet_dynamic_no_long_axis_v1
0X66E92E721D27BF17,33,53,646.606,404.624,0.6258,2,echonet_dynamic_no_long_axis_v1
0X66ECE3A29BB030DA,49,67,1755.733,944.529,0.538,2,echonet_dynamic_no_long_axis_v1
0X66F56796903B5D4F,129,145,2027.253,1101.719,0.5435,2,echonet_dynamic_no_long_axis_v1
0X66F67400B4224304,102,118,1747.307,1157.454,0.6624,2,echonet_dynamic_no_long_axis_v1
0X66F7B3D066CDBF3B,49,67,1015.326,749.66,0.7383,2,echonet_dynamic_no_long_axis_v1
0X66FA32EDB231FFC2,93,106,1173.63,784.238,0.6682,2,echonet_dynamic_no_long_axis_v1
0X66FB64B67D109199,60,76,1084.79,573.268,0.5285,2,echonet_dynamic_no_long_axis_v1
0X66FC5D40C9D897B1,94,113,1907.965,1216.866,0.6378,2,echonet_dynamic_no_long_axis_v1
0X66FD6E92F7ABD0CE,73,92,1710.439,1076.133,0.6292,2,echonet_dynamic_no_long_axis_v1
0X66FDF9218D696E41,108,127,892.545,497.324,0.5572,2,echonet_dynamic_no_long_axis_v1
0X6703FCFAD2E7CBCA,46,66,1947.298,1301.163,0.6682,2,echonet_dynamic_no_long_axis_v1
0X67062227EF11E9B7,49,67,986.62,558.225,0.5658,2,echonet_dynamic_no_long_axis_v1
0X670A0F9C14BDD4CE,147,162,1050.684,804.387,0.7656,2,echonet_dynamic_no_long_axis_v1
0X670CDE1D82BD7956,63,82,1240.352,831.307,0.6702,2,echonet_dynamic_no_long_axis_v1
0X6710BA6184204672,90,109,1407.925,962.216,0.6834,2,echonet_dynamic_no_long_axis_v1
0X6715D2C6A51FDC7C,100,113,1234.004,649.904,0.5267,2,echonet_dynamic_no_long_axis_v1
0X671A1682EAD51E03,63,80,2313.158,1534.094,0.6632,2,echonet_dynamic_no_long_axis_v1
0X6720DAE21174550,153,167,1265.801,627.566,0.4958,2,echonet_dynamic_no_long_axis_v1
0X6721138DB497FCB3,50,66,1529.831,1066.563,0.6972,2,echonet_dynamic_no_long_axis_v1
0X67258AC1999CA388,97,111,1027.796,565.711,0.5504,2,echonet_dynamic_no_long_axis_v1
0X6728170DD8443536,41,59,1376.07,890.43,0.6471,2,echonet_dynamic_no_long_axis_v1
0X6728A3BFFD051355,106,122,909.561,627.598,0.69,2,echonet_dynamic_no_long_axis_v1
0X672FD8B7D89552F6,120,99,1180.226,636.906,0.5396,2,echonet_dynamic_no_long_axis_v1
0X6732C1BF9A1903C,85,98,930.132,479.692,0.5157,2,echonet_dynamic_no_long_axis_v1
0X6732D6F83932DACA,51,66,963.024,685.531,0.7119,2,echonet_dynamic_no_long_axis_v1
0X67335086CE434673,80,93,1590.945,1093.198,0.6871,2,echonet_dynamic_no_long_axis_v1
0X67345337DA0C55CA,55,73,1120.123,699.697,0.6247,2,echonet_dynamic_no_long_axis_v1
0X673694C8A87D2876,110,125,1626.525,949.246,0.5836,2,echonet_dynamic_no_long_axis_v1
0X673B5192D6B9C4EA,88,104,1589.775,831.688,0.5231,2,echonet_dynamic_no_long_axis_v1
0X673D686D3E02F0D,93,105,1104.534,569.688,0.5158,2,echonet_dynamic_no_long_axis_v1
0X6743FE92AFBB3FE5,30,45,2236.866,1771.325,0.7919,2,echonet_dynamic_no_long_axis_v1
0X67445623181AB842,0,16,1410.028,688.468,0.4883,2,echonet_dynamic_no_long_axis_v1
0X6746F7566C8A2500,52,69,908.849,493.83,0.5434,2,echonet_dynamic_no_long_axis_v1
0X674BD01159859802,6,18,576.044,302.921,0.5259,2,echonet_dynamic_no_long_axis_v1
0X674C03AD23D41BB6,91,109,1392.982,787.695,0.5655,2,echonet_dynamic_no_long_axis_v1
0X674D11613887E038,68,84,1973.231,1037.225,0.5256,2,echonet_dynamic_no_long_axis_v1
0X674D61E41CAB000D,109,125,1245.046,775.36,0.6228,2,echonet_dynamic_no_long_axis_v1
0X674EDFBC52AE7E3,33,48,1250.676,719.884,0.5756,2,echonet_dynamic_no_long_axis_v1
0X6752E91D593ABCAE,71,82,813.167,544.45,0.6695,2,echonet_dynamic_no_long_axis_v1
0X675972D5C0182669,38,56,1065.388,557.673,0.5234,2,echonet_dynamic_no_long_axis_v1
0X675B53AE93B14D06,119,135,1952.497,1331.901,0.6822,2,echonet_dynamic_no_long_axis_v1
0X675C2C40899BE4C1,83,99,1510.868,741.739,0.4909,2,echonet_dynamic_no_long_axis_v1
0X675DD194648538EC,42,58,994.268,600.984,0.6044,2,echonet_dynamic_no_long_axis_v1
0X675E10DDEFCB2A96,2,17,1597.303,809.261,0.5066,2,echonet_dynamic_no_long_axis_v1
0X6767F4359E20EE24,229,249,1298.409,1109.367,0.8544,2,echonet_dynamic_no_long_axis_v1
0X6769A9060D724375,40,52,976.769,513.39,0.5256,2,echonet_dynamic_no_long_axis_v1
0X676EF9C13050917F,45,58,1018.403,561.257,0.5511,2,echonet_dynamic_no_long_axis_v1
0X677366B12D63509A,26,41,2181.247,1344.209,0.6163,2,echonet_dynamic_no_long_axis_v1
0X67753ECB554BC154,83,103,2677.607,1624.733,0.6068,2,echonet_dynamic_no_long_axis_v1
0X67868606606A2BBC,85,102,1258.029,699.346,0.5559,2,echonet_dynamic_no_long_axis_v1
0X678B0D95D2EF1F37,59,73,1960.564,1519.809,0.7752,2,echonet_dynamic_no_long_axis_v1
0X679D34B4E61373F4,51,67,2064.464,1101.359,0.5335,2,echonet_dynamic_no_long_axis_v1
0X67A1EB7C88B5A510,55,65,1731.921,1635.744,0.9445,2,echonet_dynamic_no_long_axis_v1
0X67A4CC520BEE5551,42,58,1010.483,572.491,0.5666,2,echonet_dynamic_no_long_axis_v1
0X67A7AEB12C2DA3E2,94,112,1272.225,676.629,0.5318,2,echonet_dynamic_no_long_axis_v1
0X67AAE45F773658DC,3,16,1265.228,777.1,0.6142,2,echonet_dynamic_no_long_axis_v1
0X67ABFBDF2329C556,23,35,1002.21,599.442,0.5981,2,echonet_dynamic_no_long_axis_v1
0X67ADC1FAB1C29E0E,5,15,987.917,554.288,0.5611,2,echonet_dynamic_no_long_axis_v1
0X67B63CC28517C0E,102,120,1078.882,541.629,0.502,2,echonet_dynamic_no_long_axis_v1
0X67B69FA150D346F3,84,99,2348.688,1966.742,0.8374,2,echonet_dynamic_no_long_axis_v1
0X67C04E297ECB4FD5,90,103,1921.029,1024.473,0.5333,2,echonet_dynamic_no_long_axis_v1
0X67C09B651EC014B6,95,108,968.678,560.935,0.5791,2,echonet_dynamic_no_long_axis_v1
0X67C1FB8BB638EEE0,178,196,1446.326,808.792,0.5592,2,echonet_dynamic_no_long_axis_v1
0X67C3B0621AC0639B,57,74,1904.322,1008.383,0.5295,2,echonet_dynamic_no_long_axis_v1
0X67C5071C6A5E16B9,86,102,2134.894,1168.606,0.5474,2,echonet_dynamic_no_long_axis_v1
0X67C5B6E3D1D25595,45,62,1087.256,555.549,0.511,2,echonet_dynamic_no_long_axis_v1
0X67C9BA2B3CDD74C,3,20,1296.046,711.381,0.5489,2,echonet_dynamic_no_long_axis_v1
0X67CC398E12E56F6F,79,92,2088.275,1177.999,0.5641,2,echonet_dynamic_no_long_axis_v1
0X67CC83EFED2413B8,41,57,1740.788,921.975,0.5296,2,echonet_dynamic_no_long_axis_v1
0X67CEAB9DD15BF8DA,88,105,1070.922,581.9,0.5434,2,echonet_dynamic_no_long_axis_v1
0X67D00C92919C56D0,112,127,1950.885,1146.095,0.5875,2,echonet_dynamic_no_long_axis_v1
0X67D3775E2E66F543,41,56,1624.358,871.909,0.5368,2,echonet_dynamic_no_long_axis_v1
0X67DA2B2AE959F381,41,52,1176.052,784.004,0.6666,2,echonet_dynamic_no_long_axis_v1
0X67E320B11E8421AB,43,64,2170.257,1279.265,0.5895,2,echonet_dynamic_no_long_axis_v1
0X67E62FE7B3BA52B3,0,17,1477.339,709.251,0.4801,2,echonet_dynamic_no_long_axis_v1
0X67E6673AA2567482,43,55,1442.751,906.491,0.6283,2,echonet_dynamic_no_long_axis_v1
0X67E84A6AEB6EEF44,81,93,2683.407,2101.706,0.7832,2,echonet_dynamic_no_long_axis_v1
0X67E8F2D130F1A55,20,111,1194.929,1129.117,0.9449,2,echonet_dynamic_no_long_axis_v1
0X67ECED2F51637F45,96,111,865.014,511.573,0.5914,2,echonet_dynamic_no_long_axis_v1
0X67EEAB34427A2162,48,67,1134.312,666.571,0.5876,2,echonet_dynamic_no_long_axis_v1
0X67F06708C04321F7,68,88,1619.653,864.538,0.5338,2,echonet_dynamic_no_long_axis_v1
0X67F0850A73E98169,80,96,1068.352,527.266,0.4935,2,echonet_dynamic_no_long_axis_v1
0X67F16F4E4A17E54E,47,65,1259.717,653.199,0.5185,2,echonet_dynamic_no_long_axis_v1
0X67F418EFEAF112A,80,94,1714.883,877.474,0.5117,2,echonet_dynamic_no_long_axis_v1
0X67F8AC58B0BAA98,198,162,1443.126,1292.674,0.8957,2,echonet_dynamic_no_long_axis_v1
0X67FA43200406EB5,96,110,2701.108,1235.393,0.4574,2,echonet_dynamic_no_long_axis_v1
0X67FC799EC72F1852,84,98,1172.56,629.945,0.5372,2,echonet_dynamic_no_long_axis_v1
0X6802C4DD3536B4A,54,73,2509.588,2131.534,0.8494,2,echonet_dynamic_no_long_axis_v1
0X68064ABC9AB952B0,105,116,1075.619,571.09,0.5309,2,echonet_dynamic_no_long_axis_v1
0X6806B6025888CBBA,36,48,584.288,310.356,0.5312,2,echonet_dynamic_no_long_axis_v1
0X6809AF862A2FD6B7,52,69,1354.641,919.975,0.6791,2,echonet_dynamic_no_long_axis_v1
0X680C3DA23D0A91D8,4,16,1924.365,1077.22,0.5598,2,echonet_dynamic_no_long_axis_v1
0X680FD0769EB255A7,32,48,565.673,315.631,0.558,2,echonet_dynamic_no_long_axis_v1
0X681422525BDCBDAD,79,99,1310.198,720.608,0.55,2,echonet_dynamic_no_long_axis_v1
0X68162D95EAB2AB4E,82,99,1850.867,1019.924,0.5511,2,echonet_dynamic_no_long_axis_v1
0X681A95D85C2D17EC,17,34,1069.752,852.96,0.7973,2,echonet_dynamic_no_long_axis_v1
0X681C4622AD93D1E5,109,124,1928.598,1359.517,0.7049,2,echonet_dynamic_no_long_axis_v1
0X681D192A1055B8C6,38,54,950.362,572.558,0.6025,2,echonet_dynamic_no_long_axis_v1
0X6823E5601B50BC19,37,50,1945.826,1050.896,0.5401,2,echonet_dynamic_no_long_axis_v1
0X6828C199A8035B7B,0,18,1295.708,806.343,0.6223,2,echonet_dynamic_no_long_axis_v1
0X682B20D1C224EFAA,109,126,1353.039,747.346,0.5523,2,echonet_dynamic_no_long_axis_v1
0X683199EBCD0E7143,120,136,835.34,495.999,0.5938,2,echonet_dynamic_no_long_axis_v1
0X6833A5F6D0FB940B,108,127,1136.162,665.321,0.5856,2,echonet_dynamic_no_long_axis_v1
0X6834D917DCB267D3,1,16,918.932,521.033,0.567,2,echonet_dynamic_no_long_axis_v1
0X6836F617166B7CC6,2,18,1236.929,680.641,0.5503,2,echonet_dynamic_no_long_axis_v1
0X683BC0A201466229,1,15,1167.504,767.855,0.6577,2,echonet_dynamic_no_long_axis_v1
0X683BF75E16371700,58,82,1267.409,894.512,0.7058,2,echonet_dynamic_no_long_axis_v1
0X6846DD85241D2AD9,62,74,825.986,504.638,0.611,2,echonet_dynamic_no_long_axis_v1
0X684A3BC616D3740C,49,65,1531.118,1253.122,0.8184,2,echonet_dynamic_no_long_axis_v1
0X684A5A0EACA29BD,90,107,1106.677,640.757,0.579,2,echonet_dynamic_no_long_axis_v1
0X684B82C1CFEDE76C,92,107,1806.747,1040.612,0.576,2,echonet_dynamic_no_long_axis_v1
0X68521E9A7A5E6C26,175,194,2984.149,1655.337,0.5547,2,echonet_dynamic_no_long_axis_v1
0X68524510445EEC8A,160,177,1143.453,645.658,0.5647,2,echonet_dynamic_no_long_axis_v1
0X6852980082149389,84,116,1291.442,596.163,0.4616,2,echonet_dynamic_no_long_axis_v1
0X6854B1C76DCE575,52,64,3020.159,1452.366,0.4809,2,echonet_dynamic_no_long_axis_v1
0X6855BBCBB720BD0D,85,103,1499.395,855.447,0.5705,2,echonet_dynamic_no_long_axis_v1
0X6857D30D7DE3D2E9,112,131,1050.948,617.825,0.5879,2,echonet_dynamic_no_long_axis_v1
0X6857E329D98B9E04,55,69,1670.367,913.985,0.5472,2,echonet_dynamic_no_long_axis_v1
0X68590910C6F222F6,43,58,1786.242,1071.714,0.6,2,echonet_dynamic_no_long_axis_v1
0X685A4B045C95B72A,21,28,1167.175,719.578,0.6165,2,echonet_dynamic_no_long_axis_v1
0X685D2596D38E77FF,55,70,2264.803,1078.329,0.4761,2,echonet_dynamic_no_long_axis_v1
0X685D625A49A9C1F6,132,146,1550.931,1122.965,0.7241,2,echonet_dynamic_no_long_axis_v1
0X685D65855E946377,49,65,1391.016,749.366,0.5387,2,echonet_dynamic_no_long_axis_v1
0X685F062E752D3638,1,16,899.601,563.849,0.6268,2,echonet_dynamic_no_long_axis_v1
0X68625A7A16D72E46,49,70,1247.43,759.34,0.6087,2,echonet_dynamic_no_long_axis_v1
0X6866809B28E76AF6,54,69,1066.977,694.929,0.6513,2,echonet_dynamic_no_long_axis_v1
0X6866C629747A847B,167,187,1307.441,670.609,0.5129,2,echonet_dynamic_no_long_axis_v1
0X6867156FCD59C7DD,5,20,611.108,298.04,0.4877,2,echonet_dynamic_no_long_axis_v1
0X686AA246EEAF841F,3,12,1205.988,607.278,0.5036,2,echonet_dynamic_no_long_axis_v1
0X686BDE41B6806D07,42,57,1011.757,536.301,0.5301,2,echonet_dynamic_no_long_axis_v1
0X686D8CAEF6113D71,55,67,1355.621,758.777,0.5597,2,echonet_dynamic_no_long_axis_v1
0X686DE99DF17681C8,63,79,1115.499,609.624,0.5465,2,echonet_dynamic_no_long_axis_v1
0X686E9F8A8AA1DE4B,62,78,1001.895,451.767,0.4509,2,echonet_dynamic_no_long_axis_v1
0X686F756A1F380DAC,44,57,1827.277,956.482,0.5234,2,echonet_dynamic_no_long_axis_v1
0X68702D6B20ACB987,112,125,1407.718,859.815,0.6108,2,echonet_dynamic_no_long_axis_v1
0X687155395446BA2B,71,89,1223.466,762.601,0.6233,2,echonet_dynamic_no_long_axis_v1
0X6871AA112FB25F00,53,71,1651.917,986.181,0.597,2,echonet_dynamic_no_long_axis_v1
0X6878753F91B0C449,54,71,1056.326,566.553,0.5363,2,echonet_dynamic_no_long_axis_v1
0X6879E81713CC3748,129,147,1037.153,593.172,0.5719,2,echonet_dynamic_no_long_axis_v1
0X687A5BC36E15FA4F,113,132,807.693,381.053,0.4718,2,echonet_dynamic_no_long_axis_v1
0X687F32820865345D,54,68,1600.997,821.508,0.5131,2,echonet_dynamic_no_long_axis_v1
0X6887B19B44DD3AE3,51,66,1637.152,939.05,0.5736,2,echonet_dynamic_no_long_axis_v1
0X6888101946612E3,54,72,1155.963,680.208,0.5884,2,echonet_dynamic_no_long_axis_v1
0X688C57361B02B07A,89,99,1462.754,1179.867,0.8066,2,echonet_dynamic_no_long_axis_v1
0X688E31C0473B80BD,146,161,1274.401,783.872,0.6151,2,echonet_dynamic_no_long_axis_v1
0X688F3ADAB94010A0,85,101,751.55,432.339,0.5753,2,echonet_dynamic_no_long_axis_v1
0X68908A2FFC0B7496,77,94,1454.928,815.513,0.5605,2,echonet_dynamic_no_long_axis_v1
0X68930B35122898F9,72,96,1360.864,775.193,0.5696,2,echonet_dynamic_no_long_axis_v1
0X6896FB3693FB3A72,54,72,899.626,484.24,0.5383,2,echonet_dynamic_no_long_axis_v1
0X689FC77F82B906D3,37,54,1354.688,880.55,0.65,2,echonet_dynamic_no_long_axis_v1
0X689FFAC34F9C025A,38,59,736.688,427.454,0.5802,2,echonet_dynamic_no_long_axis_v1
0X68A1CAF48D768778,53,67,925.468,535.333,0.5784,2,echonet_dynamic_no_long_axis_v1
0X68A375AA5675630D,36,52,742.184,462.252,0.6228,2,echonet_dynamic_no_long_axis_v1
0X68A39C8B92F679D6,34,49,1315.714,1098.002,0.8345,2,echonet_dynamic_no_long_axis_v1
0X68A7270BE67D7400,52,71,1135.01,622.834,0.5487,2,echonet_dynamic_no_long_axis_v1
0X68AA4D586D32621A,40,54,884.379,479.665,0.5424,2,echonet_dynamic_no_long_axis_v1
0X68ACB079A9BDE1EF,109,125,1491.725,914.398,0.613,2,echonet_dynamic_no_long_axis_v1
0X68B18CF20C51DCB2,86,100,1268.27,753.231,0.5939,2,echonet_dynamic_no_long_axis_v1
0X68B3B1926A16337D,38,51,888.077,485.04,0.5462,2,echonet_dynamic_no_long_axis_v1
0X68B8020411063DB8,48,65,2982.537,1655.926,0.5552,2,echonet_dynamic_no_long_axis_v1
0X68BD8FCCB1FAEE60,80,100,1350.704,849.55,0.629,2,echonet_dynamic_no_long_axis_v1
0X68C1CD733690A87A,57,80,963.63,524.521,0.5443,2,echonet_dynamic_no_long_axis_v1
0X68C23E699437AB64,64,88,2007.595,1209.905,0.6027,2,echonet_dynamic_no_long_axis_v1
0X68C605D0E6D11A08,41,59,1389.941,815.412,0.5867,2,echonet_dynamic_no_long_axis_v1
0X68C77109B94D74B9,110,127,1779.373,1060.444,0.596,2,echonet_dynamic_no_long_axis_v1
0X68C940A6A6F5838D,39,51,1869.275,1109.796,0.5937,2,echonet_dynamic_no_long_axis_v1
0X68D189149E39665,49,71,1692.073,1343.54,0.794,2,echonet_dynamic_no_long_axis_v1
0X68D627A09628F237,54,72,1537.082,868.773,0.5652,2,echonet_dynamic_no_long_axis_v1
0X68D6DF1106C643F8,35,52,2491.969,1965.761,0.7888,2,echonet_dynamic_no_long_axis_v1
0X68D721D9EEC218,66,93,1898.545,1094.64,0.5766,2,echonet_dynamic_no_long_axis_v1
0X68D9AB58E435F878,172,198,2715.353,1352.323,0.498,2,echonet_dynamic_no_long_axis_v1
0X68E3DA63806EEFBD,78,90,2411.903,1435.812,0.5953,2,echonet_dynamic_no_long_axis_v1
0X68E8A6D619571049,79,93,1690.903,1291.934,0.764,2,echonet_dynamic_no_long_axis_v1
0X68EBF6C87CD14F34,75,88,789.834,450.503,0.5704,2,echonet_dynamic_no_long_axis_v1
0X68ECE2BAF6D0D2FF,66,83,1541.312,826.57,0.5363,2,echonet_dynamic_no_long_axis_v1
0X68EFD6182F99DA56,87,105,920.672,494.128,0.5367,2,echonet_dynamic_no_long_axis_v1
0X68F1A70EFE9D108C,76,101,1744.129,934.438,0.5358,2,echonet_dynamic_no_long_axis_v1
0X68F1C08A47F51B60,64,81,1295.217,876.079,0.6764,2,echonet_dynamic_no_long_axis_v1
0X68F5FD987AB1DE31,0,21,894.572,696.462,0.7785,2,echonet_dynamic_no_long_axis_v1
0X68F95430838173EB,48,65,1035.032,593.925,0.5738,2,echonet_dynamic_no_long_axis_v1
0X68FAB5062A53ED22,55,73,1203.076,689.321,0.573,2,echonet_dynamic_no_long_axis_v1
0X68FABC85AAFEF0C8,75,90,1399.389,829.618,0.5928,2,echonet_dynamic_no_long_axis_v1
0X68FEAD20679D9B7A,53,69,1560.948,840.233,0.5383,2,echonet_dynamic_no_long_axis_v1
0X68FF6C389EA38EA1,37,55,1825.208,1011.342,0.5541,2,echonet_dynamic_no_long_axis_v1
0X690905881CA73619,50,71,829.249,412.229,0.4971,2,echonet_dynamic_no_long_axis_v1
0X690985555ADCB775,38,56,1161.987,653.283,0.5622,2,echonet_dynamic_no_long_axis_v1
0X690BF65CCE72593E,61,86,1630.693,917.401,0.5626,2,echonet_dynamic_no_long_axis_v1
0X690C466520DCF9E3,53,67,707.967,362.217,0.5116,2,echonet_dynamic_no_long_axis_v1
0X690D382720F5BF93,118,131,1345.235,711.95,0.5292,2,echonet_dynamic_no_long_axis_v1
0X690EEA7ED4067209,48,64,1387.463,750.233,0.5407,2,echonet_dynamic_no_long_axis_v1
0X6911215576ED756B,0,17,1249.847,962.515,0.7701,2,echonet_dynamic_no_long_axis_v1
0X6918A5797070503,109,122,973.558,478.636,0.4916,2,echonet_dynamic_no_long_axis_v1
0X691EEC9060E26058,155,174,1360.231,760.078,0.5588,2,echonet_dynamic_no_long_axis_v1
0X691F6E99AB190410,84,100,2281.311,1324.891,0.5808,2,echonet_dynamic_no_long_axis_v1
0X6921A7FAA46C25A7,63,80,1273.671,616.929,0.4844,2,echonet_dynamic_no_long_axis_v1
0X6924181AE32F84A6,50,65,2687.524,1387.171,0.5162,2,echonet_dynamic_no_long_axis_v1
0X6924FEFBEF2EA847,40,58,2189.072,1875.275,0.8567,2,echonet_dynamic_no_long_axis_v1
0X69297859FF626047,78,90,1813.017,1067.188,0.5886,2,echonet_dynamic_no_long_axis_v1
0X6929D94A7E4C62B7,91,108,1113.129,750.271,0.674,2,echonet_dynamic_no_long_axis_v1
0X692F41B4E9E0CCAB,100,119,1726.943,1023.351,0.5926,2,echonet_dynamic_no_long_axis_v1
0X6930EF64D363CAD9,64,78,1527.092,1352.505,0.8857,2,echonet_dynamic_no_long_axis_v1
0X6934668EAB32560,131,145,1290.778,688.335,0.5333,2,echonet_dynamic_no_long_axis_v1
0X694033179511A13E,4,16,1118.231,708.136,0.6333,2,echonet_dynamic_no_long_axis_v1
0X69413D44827B96C1,0,17,1233.092,665.553,0.5397,2,echonet_dynamic_no_long_axis_v1
0X69447E46FEDD2A3F,15,19,1747.219,985.222,0.5639,2,echonet_dynamic_no_long_axis_v1
0X694801E47434307F,38,51,565.855,287.774,0.5086,2,echonet_dynamic_no_long_axis_v1
0X694A48FBAD032A23,83,98,1649.575,866.038,0.525,2,echonet_dynamic_no_long_axis_v1
0X694C6FDAA8B7D96E,166,183,1864.643,1111.864,0.5963,2,echonet_dynamic_no_long_axis_v1
0X694CBB67193485BD,45,67,2235.977,1537.574,0.6877,2,echonet_dynamic_no_long_axis_v1
0X694D5E1CBC38D44E,82,101,1460.461,778.373,0.533,2,echonet_dynamic_no_long_axis_v1
0X694EE681A4D5697C,46,59,952.223,490.946,0.5156,2,echonet_dynamic_no_long_axis_v1
0X69549AA1CA32AE28,94,107,1231.782,601.867,0.4886,2,echonet_dynamic_no_long_axis_v1
0X6955FFE50B579D53,48,62,1042.824,690.188,0.6618,2,echonet_dynamic_no_long_axis_v1
0X6956919815606827,46,60,553.38,294.983,0.5331,2,echonet_dynamic_no_long_axis_v1
0X69572A530D2CC5E4,3,18,1764.968,1151.906,0.6526,2,echonet_dynamic_no_long_axis_v1
0X695821AC12CAAFD2,97,112,1987.68,1177.366,0.5923,2,echonet_dynamic_no_long_axis_v1
0X695AD46166A86635,67,82,2345.166,1101.34,0.4696,2,echonet_dynamic_no_long_axis_v1
0X695AF94E37EA61C5,53,66,1005.43,649.215,0.6457,2,echonet_dynamic_no_long_axis_v1
0X695E8125B90E542F,70,87,958.408,651.375,0.6796,2,echonet_dynamic_no_long_axis_v1
0X69635DF0D0C9AE26,46,63,1023.43,568.744,0.5557,2,echonet_dynamic_no_long_axis_v1
0X6963A8CAD6154CFB,31,43,1363.504,996.842,0.7311,2,echonet_dynamic_no_long_axis_v1
0X6965979E40FD1758,78,94,1563.902,1077.082,0.6887,2,echonet_dynamic_no_long_axis_v1
0X696599CDFA651DB8,47,63,1847.569,1030.913,0.558,2,echonet_dynamic_no_long_axis_v1
0X6965A9076612C2A4,51,70,1295.319,680.79,0.5256,2,echonet_dynamic_no_long_axis_v1
0X6966D02D954A8BAD,111,124,1159.65,711.091,0.6132,2,echonet_dynamic_no_long_axis_v1
0X696A6FF8D9099FD8,108,124,1605.649,1116.279,0.6952,2,echonet_dynamic_no_long_axis_v1
0X697A7501D6027B4B,109,119,1279.728,734.604,0.574,2,echonet_dynamic_no_long_axis_v1
0X6984F621BB01FA4F,88,106,1468.021,1065.777,0.726,2,echonet_dynamic_no_long_axis_v1
0X6985788FAE5F8039,69,81,1131.126,606.073,0.5358,2,echonet_dynamic_no_long_axis_v1
0X6986F2D866C7AF73,46,60,1328.129,736.554,0.5546,2,echonet_dynamic_no_long_axis_v1
0X6988345BE72D9814,56,72,1293.076,688.877,0.5327,2,echonet_dynamic_no_long_axis_v1
0X698851733B8DB622,28,43,865.365,614.693,0.7103,2,echonet_dynamic_no_long_axis_v1
0X698CD6F727626E9,38,52,1791.717,1172.559,0.6544,2,echonet_dynamic_no_long_axis_v1
0X698EF3292D6654DF,84,102,1139.994,666.275,0.5845,2,echonet_dynamic_no_long_axis_v1
0X6992115DA901A8A0,62,79,1349.146,1041.304,0.7718,2,echonet_dynamic_no_long_axis_v1
0X699258A27B9C763D,105,116,741.601,413.066,0.557,2,echonet_dynamic_no_long_axis_v1
0X699E3846EC61235F,43,57,1676.999,903.271,0.5386,2,echonet_dynamic_no_long_axis_v1
0X699F48578122088,62,76,933.551,525.042,0.5624,2,echonet_dynamic_no_long_axis_v1
0X69A32C8856DC6879,107,122,993.804,570.23,0.5738,2,echonet_dynamic_no_long_axis_v1
0X69A37D716D3C1EE2,37,53,790.06,469.046,0.5937,2,echonet_dynamic_no_long_axis_v1
0X69A6D0FAEBA50027,112,131,979.135,602.113,0.6149,2,echonet_dynamic_no_long_axis_v1
0X69A75DB4A1B8CA28,32,43,956.168,709.403,0.7419,2,echonet_dynamic_no_long_axis_v1
0X69AAEA04AAA0FB9D,106,122,1179.948,680.898,0.5771,2,echonet_dynamic_no_long_axis_v1
0X69AC0873700811D2,78,94,1204.651,672.935,0.5586,2,echonet_dynamic_no_long_axis_v1
0X69AE1D1111FCFA43,203,220,1670.779,1264.691,0.7569,2,echonet_dynamic_no_long_axis_v1
0X69B0AC9B48CD793E,55,73,1162.949,638.06,0.5487,2,echonet_dynamic_no_long_axis_v1
0X69B260632B8BF48A,48,65,1492.133,882.324,0.5913,2,echonet_dynamic_no_long_axis_v1
0X69B8866270E7BC77,38,51,1226.062,746.222,0.6086,2,echonet_dynamic_no_long_axis_v1
0X69B8DBAA13F1442B,38,54,1467.295,1029.654,0.7017,2,echonet_dynamic_no_long_axis_v1
0X69C0A8E401963AD7,141,156,1194.618,605.533,0.5069,2,echonet_dynamic_no_long_axis_v1
0X69C213A7E1B58743,94,112,2314.767,1197.758,0.5174,2,echonet_dynamic_no_long_axis_v1
0X69C3D72C750DC976,41,58,1265.248,570.722,0.4511,2,echonet_dynamic_no_long_axis_v1
0X69C480D704708196,6,13,873.756,659.534,0.7548,2,echonet_dynamic_no_long_axis_v1
0X69C62909E64A686D,0,18,1877.251,907.375,0.4834,2,echonet_dynamic_no_long_axis_v1
0X69C718B691DF9F1,0,15,864.234,615.042,0.7117,2,echonet_dynamic_no_long_axis_v1
0X69C8AC872A3C32AC,0,15,969.768,593.152,0.6116,2,echonet_dynamic_no_long_axis_v1
0X69CAB2A980A78FCB,84,100,1732.217,1105.583,0.6382,2,echonet_dynamic_no_long_axis_v1
0X69D4523966BC4AA8,3,18,2194.961,1784.049,0.8128,2,echonet_dynamic_no_long_axis_v1
0X69D93F969C2F74F8,118,139,2079.856,1737.575,0.8354,2,echonet_dynamic_no_long_axis_v1
0X69D9E8315AEF4578,32,51,1840.549,1323.522,0.7191,2,echonet_dynamic_no_long_axis_v1
0X69DB3D6458D62410,59,72,1516.456,720.469,0.4751,2,echonet_dynamic_no_long_axis_v1
0X69DBE98550479217,0,18,1980.618,1103.577,0.5572,2,echonet_dynamic_no_long_axis_v1
0X69E3C8EB6D834974,50,66,1616.123,870.9,0.5389,2,echonet_dynamic_no_long_axis_v1
0X69E429AEBAAEC0BD,122,137,875.178,646.282,0.7385,2,echonet_dynamic_no_long_axis_v1
0X69E48066CC72C3A1,46,64,1588.645,817.919,0.5149,2,echonet_dynamic_no_long_axis_v1
0X69EA4A8D900C9F7,59,77,1082.475,603.099,0.5571,2,echonet_dynamic_no_long_axis_v1
0X69EC4C1F3A5C6786,77,91,929.141,566.276,0.6095,2,echonet_dynamic_no_long_axis_v1
0X69F29FDEF96252D8,52,67,1483.426,842.926,0.5682,2,echonet_dynamic_no_long_axis_v1
0X69F2D313767C34A9,49,64,1484.798,835.244,0.5625,2,echonet_dynamic_no_long_axis_v1
0X69F424E89D494967,154,175,1509.314,778.714,0.5159,2,echonet_dynamic_no_long_axis_v1
0X69F7556A5A45A5EE,39,46,814.196,397.074,0.4877,2,echonet_dynamic_no_long_axis_v1
0X69F8CA8E52A2E4E7,32,52,1424.093,773.8,0.5434,2,echonet_dynamic_no_long_axis_v1
0X69F9014343EC83B3,37,59,1169.744,793.376,0.6782,2,echonet_dynamic_no_long_axis_v1
0X69FC87BF17A55F65,93,106,1310.444,639.308,0.4879,2,echonet_dynamic_no_long_axis_v1
0X69FD55350C07087B,79,98,924.377,543.892,0.5884,2,echonet_dynamic_no_long_axis_v1
0X69FF17A94F18585A,124,134,1713.213,1087.863,0.635,2,echonet_dynamic_no_long_axis_v1
0X69FF2B134E1DF1B1,59,47,2557.126,1920.458,0.751,2,echonet_dynamic_no_long_axis_v1
0X69FFCA63BE0569EF,153,173,1478.35,867.934,0.5871,2,echonet_dynamic_no_long_axis_v1
0X6A028337AD76ADD0,103,118,1249.628,644.633,0.5159,2,echonet_dynamic_no_long_axis_v1
0X6A048AD1DAAA1AB0,64,82,1279.042,698.226,0.5459,2,echonet_dynamic_no_long_axis_v1
0X6A057FCAB5C853DE,30,42,920.603,347.889,0.3779,2,echonet_dynamic_no_long_axis_v1
0X6A0657D211ADDAFA,47,65,1657.292,968.182,0.5842,2,echonet_dynamic_no_long_axis_v1
0X6A0C365DCBCF2BC0,41,59,1333.791,727.252,0.5453,2,echonet_dynamic_no_long_axis_v1
0X6A0E0C2096A56020,69,83,1270.826,702.571,0.5528,2,echonet_dynamic_no_long_axis_v1
0X6A11E31F14ADFDEE,89,104,1772.329,1151.817,0.6499,2,echonet_dynamic_no_long_axis_v1
0X6A13F71998AA06CA,30,52,1002.827,550.152,0.5486,2,echonet_dynamic_no_long_axis_v1
0X6A1761B3A21AF4F2,57,72,1730.498,905.315,0.5232,2,echonet_dynamic_no_long_axis_v1
0X6A17807E5BD87FA9,78,99,1355.405,789.613,0.5826,2,echonet_dynamic_no_long_axis_v1
0X6A1AA81E9712AAFF,72,84,947.633,560.552,0.5915,2,echonet_dynamic_no_long_axis_v1
0X6A1B56577EBFA488,140,155,1385.594,770.0,0.5557,2,echonet_dynamic_no_long_axis_v1
0X6A272C995486CF4B,111,134,1285.085,695.27,0.541,2,echonet_dynamic_no_long_axis_v1
0X6A2B51F5E42AAFF1,2,18,975.929,559.869,0.5737,2,echonet_dynamic_no_long_axis_v1
0X6A306DFCAE00CABC,77,87,1232.972,640.223,0.5193,2,echonet_dynamic_no_long_axis_v1
0X6A312BF878BA093F,56,70,1849.106,995.454,0.5383,2,echonet_dynamic_no_long_axis_v1
0X6A345FD250E04AE0,30,45,1385.805,1050.802,0.7583,2,echonet_dynamic_no_long_axis_v1
0X6A359AD1490E6F4,69,83,833.308,504.109,0.6049,2,echonet_dynamic_no_long_axis_v1
0X6A38F525525AABEF,50,66,1223.712,687.122,0.5615,2,echonet_dynamic_no_long_axis_v1
0X6A3EE162DF19062F,36,53,1680.855,971.665,0.5781,2,echonet_dynamic_no_long_axis_v1
0X6A403037B3DF0127,74,92,1306.441,693.548,0.5309,2,echonet_dynamic_no_long_axis_v1
0X6A40752EF8FB5AB2,78,97,1088.872,589.233,0.5411,2,echonet_dynamic_no_long_axis_v1
0X6A45FBB2F8991E0E,77,96,1750.175,1180.308,0.6744,2,echonet_dynamic_no_long_axis_v1
0X6A46321A41C98FC7,0,9,1201.871,941.757,0.7836,2,echonet_dynamic_no_long_axis_v1
0X6A517CFB3CC37E24,61,71,878.351,463.683,0.5279,2,echonet_dynamic_no_long_axis_v1
0X6A5374D97C7E9202,102,115,894.816,489.722,0.5473,2,echonet_dynamic_no_long_axis_v1
0X6A56B3B7CF5AC64E,37,52,1758.167,1365.525,0.7767,2,echonet_dynamic_no_long_axis_v1
0X6A57513F8621F814,34,49,1610.233,828.862,0.5147,2,echonet_dynamic_no_long_axis_v1
0X6A59ABB6D7C8F0BA,112,135,1264.038,822.225,0.6505,2,echonet_dynamic_no_long_axis_v1
0X6A5AA7CA64C74AC1,101,121,2759.727,1600.05,0.5798,2,echonet_dynamic_no_long_axis_v1
0X6A6422046F7969F2,150,170,1343.255,873.15,0.65,2,echonet_dynamic_no_long_axis_v1
0X6A66AAE9B2D3C42C,47,62,1276.506,704.545,0.5519,2,echonet_dynamic_no_long_axis_v1
0X6A672DABBE9F8660,73,90,1235.392,651.117,0.5271,2,echonet_dynamic_no_long_axis_v1
0X6A815B26E4D6AFC3,2,19,1162.477,632.674,0.5442,2,echonet_dynamic_no_long_axis_v1
0X6A86E26CF3DBBB34,126,144,1616.0,1169.109,0.7235,2,echonet_dynamic_no_long_axis_v1
0X6A878BE2BE37679E,96,114,889.018,492.922,0.5545,2,echonet_dynamic_no_long_axis_v1
0X6A8AA36725720569,2,11,1319.751,901.042,0.6827,2,echonet_dynamic_no_long_axis_v1
0X6A9103398B308FE3,55,73,1640.511,1020.722,0.6222,2,echonet_dynamic_no_long_axis_v1
0X6A91B83DDA5ED01,35,47,935.803,500.692,0.535,2,echonet_dynamic_no_long_axis_v1
0X6A95031DBF74CF5E,33,46,1489.126,785.224,0.5273,2,echonet_dynamic_no_long_axis_v1
0X6A99F933F0F63900,38,54,1754.298,869.098,0.4954,2,echonet_dynamic_no_long_axis_v1
0X6AA21353DB219B2E,83,100,1945.213,1073.105,0.5517,2,echonet_dynamic_no_long_axis_v1
0X6AA45821A706A75B,3,19,983.522,542.917,0.552,2,echonet_dynamic_no_long_axis_v1
0X6AA4D34DB3D5F6CA,78,87,2398.143,1467.59,0.612,2,echonet_dynamic_no_long_axis_v1
0X6AA5302902FB3B83,35,53,1261.103,977.292,0.775,2,echonet_dynamic_no_long_axis_v1
0X6AAE22F1E3985AD6,120,137,905.717,727.198,0.8029,2,echonet_dynamic_no_long_axis_v1
0X6AAF124C7AD3E7E4,57,77,1839.457,1215.608,0.6609,2,echonet_dynamic_no_long_axis_v1
0X6AB2016D376D7783,57,77,1781.162,929.936,0.5221,2,echonet_dynamic_no_long_axis_v1
0X6AB214EB6B92DC02,48,64,1654.872,980.318,0.5924,2,echonet_dynamic_no_long_axis_v1
0X6AB2CF56234A13CC,3,25,1905.423,1121.814,0.5887,2,echonet_dynamic_no_long_axis_v1
0X6ABAD097CBF31D41,55,77,886.199,505.153,0.57,2,echonet_dynamic_no_long_axis_v1
0X6ABB8932C0471F4A,95,110,1810.243,1037.621,0.5732,2,echonet_dynamic_no_long_axis_v1
0X6AC075B8CAE1D6EF,55,76,1474.892,782.363,0.5305,2,echonet_dynamic_no_long_axis_v1
0X6AC11E656F4E93A3,95,109,1459.63,928.942,0.6364,2,echonet_dynamic_no_long_axis_v1
0X6AC5A4C46C17EDC0,44,64,1099.689,580.663,0.528,2,echonet_dynamic_no_long_axis_v1
0X6AC5DBD72B2B9C21,68,84,1122.079,612.973,0.5463,2,echonet_dynamic_no_long_axis_v1
0X6ACAC4D295EF82BF,51,79,1860.355,1460.693,0.7852,2,echonet_dynamic_no_long_axis_v1
0X6ACCE729AC05AB06,98,117,1721.115,1094.032,0.6357,2,echonet_dynamic_no_long_axis_v1
0X6AD2C1663EF05305,44,64,1156.925,706.367,0.6106,2,echonet_dynamic_no_long_axis_v1
0X6AD577606BAF71F0,0,16,1120.273,883.501,0.7886,2,echonet_dynamic_no_long_axis_v1
0X6AD714938AE64D1B,68,89,1216.098,788.378,0.6483,2,echonet_dynamic_no_long_axis_v1
0X6ADA9C1585183871,81,101,1651.241,914.226,0.5537,2,echonet_dynamic_no_long_axis_v1
0X6ADC5D0D968E9E34,4,18,1130.966,615.983,0.5447,2,echonet_dynamic_no_long_axis_v1
0X6AE2A159097AC945,59,86,1370.349,1040.274,0.7591,2,echonet_dynamic_no_long_axis_v1
0X6AE3A2071303CF5,50,69,1347.025,826.027,0.6132,2,echonet_dynamic_no_long_axis_v1
0X6AE44761D3CEF95D,46,64,1110.93,626.722,0.5641,2,echonet_dynamic_no_long_axis_v1
0X6AECECDB65A32BF,89,104,1831.811,1498.54,0.8181,2,echonet_dynamic_no_long_axis_v1
0X6AEDF24703853E45,46,65,1220.987,725.403,0.5941,2,echonet_dynamic_no_long_axis_v1
0X6AEE34060EAF4A09,41,60,1249.946,667.567,0.5341,2,echonet_dynamic_no_long_axis_v1
0X6AF3B88FF98DE62F,46,62,1544.621,924.407,0.5985,2,echonet_dynamic_no_long_axis_v1
0X6AF702536B894D22,40,56,1889.353,1376.979,0.7288,2,echonet_dynamic_no_long_axis_v1
0X6AF72AAF6B829695,125,138,1926.407,974.126,0.5057,2,echonet_dynamic_no_long_axis_v1
0X6AF8B5ACB5A3A683,49,65,1032.943,508.53,0.4923,2,echonet_dynamic_no_long_axis_v1
0X6AFAD37CC4FF9AD9,3,19,1935.51,1116.271,0.5767,2,echonet_dynamic_no_long_axis_v1
0X6AFD6474F2A92942,83,90,1328.466,773.296,0.5821,2,echonet_dynamic_no_long_axis_v1
0X6B0A6A101C2DA474,47,66,1808.295,1261.017,0.6974,2,echonet_dynamic_no_long_axis_v1
0X6B0DFC83DD945692,62,81,1222.685,717.211,0.5866,2,echonet_dynamic_no_long_axis_v1
0X6B11525181625135,3,14,1015.446,566.044,0.5574,2,echonet_dynamic_no_long_axis_v1
0X6B11CABFF1156096,114,132,1416.863,914.835,0.6457,2,echonet_dynamic_no_long_axis_v1
0X6B1DB923FB0B3D34,45,62,1089.882,525.655,0.4823,2,echonet_dynamic_no_long_axis_v1
0X6B1E22AC8DA7DC1B,39,53,2144.824,1173.962,0.5473,2,echonet_dynamic_no_long_axis_v1
0X6B1F4CDE430CF543,108,122,2657.982,2129.64,0.8012,2,echonet_dynamic_no_long_axis_v1
0X6B23E32A7A8721AE,77,94,1012.977,593.498,0.5859,2,echonet_dynamic_no_long_axis_v1
0X6B27953A008A7289,36,50,539.815,357.086,0.6615,2,echonet_dynamic_no_long_axis_v1
0X6B2D065F4C186816,41,57,956.879,468.301,0.4894,2,echonet_dynamic_no_long_axis_v1
0X6B2DF895741FC467,62,79,2132.566,1424.195,0.6678,2,echonet_dynamic_no_long_axis_v1
0X6B2EFC4E87D3174B,76,92,1939.339,1129.826,0.5826,2,echonet_dynamic_no_long_axis_v1
0X6B2FE7C32EE5CCFF,72,89,2136.913,1280.809,0.5994,2,echonet_dynamic_no_long_axis_v1
0X6B339B82A5BC31E3,66,80,1564.12,945.273,0.6043,2,echonet_dynamic_no_long_axis_v1
0X6B38A2D99D5A9A86,53,66,940.36,476.09,0.5063,2,echonet_dynamic_no_long_axis_v1
0X6B3A89FD473A9830,53,74,1878.03,1292.636,0.6883,2,echonet_dynamic_no_long_axis_v1
0X6B3B9DBE3492A37A,82,98,638.219,363.798,0.57,2,echonet_dynamic_no_long_axis_v1
0X6B40061914A0E9A2,190,209,867.729,529.668,0.6104,2,echonet_dynamic_no_long_axis_v1
0X6B462232B332BB81,100,120,1372.566,695.313,0.5066,2,echonet_dynamic_no_long_axis_v1
0X6B4A75FD6BC165AC,53,76,1979.319,1309.559,0.6616,2,echonet_dynamic_no_long_axis_v1
0X6B4C80EEEEE6191D,5,17,1080.602,691.093,0.6395,2,echonet_dynamic_no_long_axis_v1
0X6B4CCBC68946C0C9,79,99,1246.935,830.066,0.6657,2,echonet_dynamic_no_long_axis_v1
0X6B4FFBA68707FA0E,110,122,1425.498,756.753,0.5309,2,echonet_dynamic_no_long_axis_v1
0X6B5A0E853A0A1C2F,163,132,1745.489,1052.802,0.6032,2,echonet_dynamic_no_long_axis_v1
0X6B5BCB03E1D68359,51,70,1824.947,1016.792,0.5572,2,echonet_dynamic_no_long_axis_v1
0X6B61269F34260EB7,39,53,1128.445,613.87,0.544,2,echonet_dynamic_no_long_axis_v1
0X6B65849509F23240,163,183,2047.618,1308.862,0.6392,2,echonet_dynamic_no_long_axis_v1
0X6B6CE145549C8D00,35,48,2364.146,1533.025,0.6484,2,echonet_dynamic_no_long_axis_v1
0X6B6F3EC5EF795B2,60,82,918.148,508.461,0.5538,2,echonet_dynamic_no_long_axis_v1
0X6B7033724FFD6F8F,71,91,1331.273,823.29,0.6184,2,echonet_dynamic_no_long_axis_v1
0X6B795206FC9812,52,70,1525.592,906.804,0.5944,2,echonet_dynamic_no_long_axis_v1
0X6B79A0A18B813FF2,53,74,1224.284,594.026,0.4852,2,echonet_dynamic_no_long_axis_v1
0X6B847242732C2FD4,91,118,2614.721,1638.069,0.6265,2,echonet_dynamic_no_long_axis_v1
0X6B84D4354376CA3F,30,41,945.366,541.69,0.573,2,echonet_dynamic_no_long_axis_v1
0X6B852E31BFC8D585,43,59,2514.836,2179.737,0.8668,2,echonet_dynamic_no_long_axis_v1
0X6B8CAD148A81CBB1,67,79,1300.45,755.297,0.5808,2,echonet_dynamic_no_long_axis_v1
0X6B944AB275F93DEF,93,111,1545.886,1184.87,0.7665,2,echonet_dynamic_no_long_axis_v1
0X6B9AC2C41A07C9AD,85,97,1144.339,668.226,0.5839,2,echonet_dynamic_no_long_axis_v1
0X6B9AD5750DEB23A6,57,68,1768.122,841.953,0.4762,2,echonet_dynamic_no_long_axis_v1
0X6B9BD7183EE0233C,43,59,1176.51,555.679,0.4723,2,echonet_dynamic_no_long_axis_v1
0X6BA0C1F6396FBEA1,60,80,1334.562,715.856,0.5364,2,echonet_dynamic_no_long_axis_v1
0X6BA126FDC669D53C,1,20,1631.683,1313.061,0.8047,2,echonet_dynamic_no_long_axis_v1
0X6BA1F9C41B2F3F5D,73,87,1255.381,630.011,0.5018,2,echonet_dynamic_no_long_axis_v1
0X6BA7CB2E44532208,1,19,1257.412,741.039,0.5893,2,echonet_dynamic_no_long_axis_v1
0X6BAE140DBD757831,26,38,1922.478,1437.586,0.7478,2,echonet_dynamic_no_long_axis_v1
0X6BAE7A563B2DD386,51,66,718.096,399.033,0.5557,2,echonet_dynamic_no_long_axis_v1
0X6BAEE8E7A0B91927,103,118,1157.611,916.087,0.7914,2,echonet_dynamic_no_long_axis_v1
0X6BB43007F6D02580,49,64,838.595,466.143,0.5559,2,echonet_dynamic_no_long_axis_v1
0X6BB45EC1521D9905,3,11,666.336,350.999,0.5268,2,echonet_dynamic_no_long_axis_v1
0X6BB6FA41CE7DAC0A,51,68,1080.77,683.224,0.6322,2,echonet_dynamic_no_long_axis_v1
0X6BB792FB95F3E857,50,66,645.16,326.265,0.5057,2,echonet_dynamic_no_long_axis_v1
0X6BB8FC06EB041453,36,48,1175.971,572.827,0.4871,2,echonet_dynamic_no_long_axis_v1
0X6BBADD595AFAC303,50,70,1308.2,640.11,0.4893,2,echonet_dynamic_no_long_axis_v1
0X6BBC4723F3165464,120,138,1387.826,799.144,0.5758,2,echonet_dynamic_no_long_axis_v1
0X6BBD548654D21A11,54,69,1359.67,686.122,0.5046,2,echonet_dynamic_no_long_axis_v1
0X6BC02B386AAEC4CF,79,90,1102.4,650.25,0.5898,2,echonet_dynamic_no_long_axis_v1
0X6BC0B15E4B0FA423,45,62,1409.702,752.719,0.534,2,echonet_dynamic_no_long_axis_v1
0X6BCB3492D214A026,38,54,747.539,494.691,0.6618,2,echonet_dynamic_no_long_axis_v1
0X6BCD517148A647B3,34,52,1743.466,889.67,0.5103,2,echonet_dynamic_no_long_axis_v1
0X6BCFA12367018AA4,138,158,1818.299,1358.867,0.7473,2,echonet_dynamic_no_long_axis_v1
0X6BD2B2D475E661ED,39,57,1108.956,639.313,0.5765,2,echonet_dynamic_no_long_axis_v1
0X6BD400324E98B517,118,128,1139.836,624.865,0.5482,2,echonet_dynamic_no_long_axis_v1
0X6BD647AB22EFCD94,40,58,1167.279,569.857,0.4882,2,echonet_dynamic_no_long_axis_v1
0X6BDA434694AF0673,107,121,1510.199,808.678,0.5355,2,echonet_dynamic_no_long_axis_v1
0X6BE01E7D45855CA0,36,56,1570.222,1152.446,0.7339,2,echonet_dynamic_no_long_axis_v1
0X6BE1E54E59745D35,130,148,1737.637,991.751,0.5707,2,echonet_dynamic_no_long_axis_v1
0X6BE62DA9E887AC67,58,76,1684.875,1100.232,0.653,2,echonet_dynamic_no_long_axis_v1
0X6BE91CF2978A1FEC,78,100,989.176,614.179,0.6209,2,echonet_dynamic_no_long_axis_v1
0X6BEA2DC58CE6450E,85,98,3527.028,2978.458,0.8445,2,echonet_dynamic_no_long_axis_v1
0X6BEA70A342F82F3A,123,137,1932.697,1195.806,0.6187,2,echonet_dynamic_no_long_axis_v1
0X6BEF1A4315F47874,45,63,1904.354,1167.297,0.613,2,echonet_dynamic_no_long_axis_v1
0X6BF29A819EEFB22E,38,56,978.088,511.029,0.5225,2,echonet_dynamic_no_long_axis_v1
0X6BF32F3C69A2D30F,38,51,1433.548,767.168,0.5352,2,echonet_dynamic_no_long_axis_v1
0X6BF4AAB4262F8FB,35,47,889.227,702.482,0.79,2,echonet_dynamic_no_long_axis_v1
0X6BF648EA45DB6EC2,63,81,949.259,554.411,0.584,2,echonet_dynamic_no_long_axis_v1
0X6BFB095DFDB65B76,55,76,1534.332,1260.492,0.8215,2,echonet_dynamic_no_long_axis_v1
0X6C0DE6F4A3F8EFA2,44,60,1110.271,669.348,0.6029,2,echonet_dynamic_no_long_axis_v1
0X6C124671AA84BFE1,112,90,824.462,550.462,0.6677,2,echonet_dynamic_no_long_axis_v1
0X6C16E130ABB2C0E0,31,46,773.745,421.527,0.5448,2,echonet_dynamic_no_long_axis_v1
0X6C1D818071AF7631,38,54,1023.682,678.907,0.6632,2,echonet_dynamic_no_long_axis_v1
0X6C2063707735D95A,83,103,862.328,479.563,0.5561,2,echonet_dynamic_no_long_axis_v1
0X6C27151F964430AB,104,121,1443.611,1110.948,0.7696,2,echonet_dynamic_no_long_axis_v1
0X6C27302CA6B46DDD,79,96,1712.114,912.468,0.5329,2,echonet_dynamic_no_long_axis_v1
0X6C324F34DB86F19F,104,120,1096.65,543.817,0.4959,2,echonet_dynamic_no_long_axis_v1
0X6C355568312FC87,81,95,1809.616,1080.198,0.5969,2,echonet_dynamic_no_long_axis_v1
0X6C3C503CF8149861,44,65,1857.012,1083.421,0.5834,2,echonet_dynamic_no_long_axis_v1
0X6C3D4D23B03718DD,85,99,1022.529,575.347,0.5627,2,echonet_dynamic_no_long_axis_v1
0X6C3F001BAD38760,57,77,2592.211,1454.075,0.5609,2,echonet_dynamic_no_long_axis_v1
0X6C44C62622B476DC,82,105,1620.471,1195.969,0.738,2,echonet_dynamic_no_long_axis_v1
0X6C47FA29EAF6395,44,60,1028.812,641.515,0.6235,2,echonet_dynamic_no_long_axis_v1
0X6C4C18C40E312836,40,53,973.864,494.694,0.508,2,echonet_dynamic_no_long_axis_v1
0X6C4EE7DD884416AD,73,85,1504.031,871.126,0.5792,2,echonet_dynamic_no_long_axis_v1
0X6C5335E45E2F052C,88,100,491.249,244.025,0.4967,2,echonet_dynamic_no_long_axis_v1
0X6C547E1353778F5C,49,70,1330.866,755.403,0.5676,2,echonet_dynamic_no_long_axis_v1
0X6C56FD0ECEF3C539,57,78,2089.193,1285.145,0.6151,2,echonet_dynamic_no_long_axis_v1
0X6C5861D9F2B5EFF5,55,72,1639.418,905.808,0.5525,2,echonet_dynamic_no_long_axis_v1
0X6C5E836554770576,28,53,1924.871,1334.994,0.6935,2,echonet_dynamic_no_long_axis_v1
0X6C626BE4E38EF658,52,70,1495.294,890.211,0.5953,2,echonet_dynamic_no_long_axis_v1
0X6C64E0A64888EDBD,61,76,1497.141,709.599,0.474,2,echonet_dynamic_no_long_axis_v1
0X6C64F98CFB71222C,67,85,1198.133,680.224,0.5677,2,echonet_dynamic_no_long_axis_v1
0X6C6533842D5D2E66,69,91,1183.15,998.18,0.8437,2,echonet_dynamic_no_long_axis_v1
0X6C68456E30B1AE43,73,90,2033.647,1101.531,0.5417,2,echonet_dynamic_no_long_axis_v1
0X6C6C283053A8DC92,110,133,1775.654,1091.541,0.6147,2,echonet_dynamic_no_long_axis_v1
0X6C6C7F4259045DFA,46,68,759.717,425.653,0.5603,2,echonet_dynamic_no_long_axis_v1
0X6C6ED89AB6CF2534,39,53,2064.216,1487.041,0.7204,2,echonet_dynamic_no_long_axis_v1
0X6C6FE0CFFBEAD9C0,83,102,1473.789,929.578,0.6307,2,echonet_dynamic_no_long_axis_v1
0X6C7593CD60599D1B,57,72,924.516,485.629,0.5253,2,echonet_dynamic_no_long_axis_v1
0X6C78731607FD7813,31,46,1366.796,894.064,0.6541,2,echonet_dynamic_no_long_axis_v1
0X6C7CDB2B104302C,46,64,1510.452,850.559,0.5631,2,echonet_dynamic_no_long_axis_v1
0X6C7E27C5175E011D,2,16,1826.008,888.354,0.4865,2,echonet_dynamic_no_long_axis_v1
0X6C7E4F3AAF2573E4,48,66,1074.038,798.979,0.7439,2,echonet_dynamic_no_long_axis_v1
0X6C81D8D4564D664D,43,60,1477.771,1263.412,0.8549,2,echonet_dynamic_no_long_axis_v1
0X6C8252A775A3B208,79,93,975.062,531.864,0.5455,2,echonet_dynamic_no_long_axis_v1
0X6C845B75CC6E143C,114,78,1778.8,1368.151,0.7691,2,echonet_dynamic_no_long_axis_v1
0X6C8542DC18BC5C98,56,73,1213.125,963.519,0.7942,2,echonet_dynamic_no_long_axis_v1
0X6C85931BDC207466,2,14,1220.973,664.594,0.5443,2,echonet_dynamic_no_long_axis_v1
0X6C86F862C0C2228F,0,13,1366.346,1105.836,0.8093,2,echonet_dynamic_no_long_axis_v1
0X6C8C6BC50274E94B,37,51,1357.256,647.281,0.4769,2,echonet_dynamic_no_long_axis_v1
0X6C8CB4F82AF7B5A8,45,59,799.301,513.188,0.642,2,echonet_dynamic_no_long_axis_v1
0X6C8F08AB5C918755,1,17,2403.394,1273.439,0.5299,2,echonet_dynamic_no_long_axis_v1
0X6C8F8AAA4F2DE9D2,48,65,2242.435,1743.009,0.7773,2,echonet_dynamic_no_long_axis_v1
0X6C8FB4DE38C55D2D,35,51,739.586,423.613,0.5728,2,echonet_dynamic_no_long_axis_v1
0X6C9061C7323ED87F,48,68,824.598,456.154,0.5532,2,echonet_dynamic_no_long_axis_v1
0X6C907D7A293A0CA9,61,75,1235.296,1106.026,0.8954,2,echonet_dynamic_no_long_axis_v1
0X6C932939993E9192,70,92,1294.617,710.306,0.5487,2,echonet_dynamic_no_long_axis_v1
0X6C94E0DE1DEA337F,146,163,1959.076,1294.285,0.6607,2,echonet_dynamic_no_long_axis_v1
0X6C96589B41EBA3C5,124,144,1272.134,921.29,0.7242,2,echonet_dynamic_no_long_axis_v1
0X6C96E0DD4D10C326,38,56,1279.111,612.631,0.479,2,echonet_dynamic_no_long_axis_v1
0X6C99385E5A518B19,75,91,1188.641,610.745,0.5138,2,echonet_dynamic_no_long_axis_v1
0X6CA28B9E9EEFF603,38,57,2244.98,1829.098,0.8148,2,echonet_dynamic_no_long_axis_v1
0X6CA2B6C0070FF76,91,112,1120.993,642.925,0.5735,2,echonet_dynamic_no_long_axis_v1
0X6CA4C778D83B252F,48,61,1238.985,838.667,0.6769,2,echonet_dynamic_no_long_axis_v1
0X6CA712DE9D936CB3,72,88,2063.507,1365.637,0.6618,2,echonet_dynamic_no_long_axis_v1
0X6CA7BA30601E7B44,142,158,1779.656,978.482,0.5498,2,echonet_dynamic_no_long_axis_v1
0X6CABFFD99D718350,85,99,868.051,518.199,0.597,2,echonet_dynamic_no_long_axis_v1
0X6CAC8D1727509CDC,158,175,1269.436,857.463,0.6755,2,echonet_dynamic_no_long_axis_v1
0X6CAFD90BF9854990,91,103,1045.965,504.201,0.482,2,echonet_dynamic_no_long_axis_v1
0X6CB652160FFC36B7,137,152,1524.274,1046.017,0.6862,2,echonet_dynamic_no_long_axis_v1
0X6CB6C78C1078D1A2,39,59,2550.402,1461.264,0.573,2,echonet_dynamic_no_long_axis_v1
0X6CB8A5B0526602,46,63,1167.867,685.38,0.5869,2,echonet_dynamic_no_long_axis_v1
0X6CBEFE70A7A9BBF9,4,13,2094.259,1591.994,0.7602,2,echonet_dynamic_no_long_axis_v1
0X6CC0AFACCC801E35,87,104,2738.847,2525.96,0.9223,2,echonet_dynamic_no_long_axis_v1
0X6CC0DF8BF6E553D8,36,51,2006.557,1123.707,0.56,2,echonet_dynamic_no_long_axis_v1
0X6CC547A27A1CBE03,39,53,1191.209,555.552,0.4664,2,echonet_dynamic_no_long_axis_v1
0X6CC8195E8ADDBFE1,95,110,1177.19,669.689,0.5689,2,echonet_dynamic_no_long_axis_v1
0X6CCA2353460A1836,46,69,1246.905,751.725,0.6029,2,echonet_dynamic_no_long_axis_v1
0X6CCFED529BAD08F8,44,58,1111.209,646.075,0.5814,2,echonet_dynamic_no_long_axis_v1
0X6CD095A9ED1F1D82,54,64,1071.41,592.612,0.5531,2,echonet_dynamic_no_long_axis_v1
0X6CD225131815C9B3,87,106,1420.263,905.154,0.6373,2,echonet_dynamic_no_long_axis_v1
0X6CD440699E013143,70,86,2666.108,1733.296,0.6501,2,echonet_dynamic_no_long_axis_v1
0X6CDF31281C0E6994,118,130,1126.936,779.43,0.6916,2,echonet_dynamic_no_long_axis_v1
0X6CE3898CCC0AAC59,82,100,1900.324,1128.644,0.5939,2,echonet_dynamic_no_long_axis_v1
0X6CE8ED382B1D0373,44,58,1533.714,757.9,0.4942,2,echonet_dynamic_no_long_axis_v1
0X6CEBD0FFB29FC4FF,87,108,1333.117,700.404,0.5254,2,echonet_dynamic_no_long_axis_v1
0X6CECFF524B3C750F,2,19,2790.721,1907.816,0.6836,2,echonet_dynamic_no_long_axis_v1
0X6CEF1BA255C5E6F3,49,65,1654.815,927.578,0.5605,2,echonet_dynamic_no_long_axis_v1
0X6CF243481B013517,87,102,2078.375,1690.377,0.8133,2,echonet_dynamic_no_long_axis_v1
0X6CF68B1A2BD187CC,117,131,1855.098,905.92,0.4883,2,echonet_dynamic_no_long_axis_v1
0X6CF8F05F9BED6F35,58,80,1421.841,853.54,0.6003,2,echonet_dynamic_no_long_axis_v1
0X6CFA2353220A32C3,52,68,1168.929,678.065,0.5801,2,echonet_dynamic_no_long_axis_v1
0X6D0315D05748849F,160,177,1256.062,750.893,0.5978,2,echonet_dynamic_no_long_axis_v1
0X6D06CFF7DED256F,48,67,1604.883,1349.03,0.8406,2,echonet_dynamic_no_long_axis_v1
0X6D07CDCEA188473E,36,50,1784.909,1102.104,0.6175,2,echonet_dynamic_no_long_axis_v1
0X6D0CFFC3949FBFD4,3,17,878.036,525.763,0.5988,2,echonet_dynamic_no_long_axis_v1
0X6D0D293319783A87,140,152,1225.5,618.292,0.5045,2,echonet_dynamic_no_long_axis_v1
0X6D1D0BE838BFC520,30,42,1361.919,739.746,0.5432,2,echonet_dynamic_no_long_axis_v1
0X6D1D29802905D6E0,55,71,1858.725,1264.775,0.6805,2,echonet_dynamic_no_long_axis_v1
0X6D218D2DC031979F,120,153,2540.198,1382.979,0.5444,2,echonet_dynamic_no_long_axis_v1
0X6D239F747F460F,45,65,2949.99,2471.516,0.8378,2,echonet_dynamic_no_long_axis_v1
0X6D3A000B61658ABB,52,68,1996.931,1029.31,0.5154,2,echonet_dynamic_no_long_axis_v1
0X6D3B3F63E5A98B19,28,44,2459.95,2198.233,0.8936,2,echonet_dynamic_no_long_axis_v1
0X6D3D61BF45F96B11,62,80,844.039,525.071,0.6221,2,echonet_dynamic_no_long_axis_v1
0X6D3DA909443B39FF,2,17,1336.034,758.932,0.568,2,echonet_dynamic_no_long_axis_v1
0X6D48137E0CF883E3,42,57,2117.548,1772.778,0.8372,2,echonet_dynamic_no_long_axis_v1
0X6D48C70F773FD316,2,22,1834.985,1237.285,0.6743,2,echonet_dynamic_no_long_axis_v1
0X6D49B9C90A557BF2,58,80,2330.599,1620.355,0.6953,2,echonet_dynamic_no_long_axis_v1
0X6D4A0B79F875979F,68,87,842.408,421.93,0.5009,2,echonet_dynamic_no_long_axis_v1
0X6D4A77DC8CD88E9A,83,100,1282.568,1029.652,0.8028,2,echonet_dynamic_no_long_axis_v1
0X6D4AB086ADFF664B,92,114,1362.242,879.982,0.646,2,echonet_dynamic_no_long_axis_v1
0X6D4AE6195D85472B,40,54,1902.413,1451.712,0.7631,2,echonet_dynamic_no_long_axis_v1
0X6D4E2F9ACA8A1563,46,59,1190.574,661.689,0.5558,2,echonet_dynamic_no_long_axis_v1
0X6D53A880A0B92B8D,114,131,1170.473,566.379,0.4839,2,echonet_dynamic_no_long_axis_v1
0X6D53B5EAD55FAE88,34,47,1162.74,689.32,0.5928,2,echonet_dynamic_no_long_axis_v1
0X6D53E8439BFC46D9,68,83,919.397,538.306,0.5855,2,echonet_dynamic_no_long_axis_v1
0X6D55B39BC5165D15,103,125,1704.167,900.692,0.5285,2,echonet_dynamic_no_long_axis_v1
0X6D55F9F3E6A2707A,58,77,1015.439,557.79,0.5493,2,echonet_dynamic_no_long_axis_v1
0X6D5701FED374216,33,47,616.48,285.716,0.4635,2,echonet_dynamic_no_long_axis_v1
0X6D58693714718A15,78,94,1110.394,783.657,0.7057,2,echonet_dynamic_no_long_axis_v1
0X6D600D764AD2D7A9,48,68,1571.852,1169.158,0.7438,2,echonet_dynamic_no_long_axis_v1
0X6D606F9D4AEC7257,58,73,1333.965,800.032,0.5997,2,echonet_dynamic_no_long_axis_v1
0X6D6388FC639CDA09,82,96,1699.975,954.444,0.5614,2,echonet_dynamic_no_long_axis_v1
0X6D63B455802BB05F,92,112,1292.761,816.914,0.6319,2,echonet_dynamic_no_long_axis_v1
0X6D643C5F5E40EF68,38,49,861.206,613.498,0.7124,2,echonet_dynamic_no_long_axis_v1
0X6D65F149D5EB3913,81,98,1024.854,601.183,0.5866,2,echonet_dynamic_no_long_axis_v1
0X6D691277EEE275F2,89,103,1112.835,643.803,0.5785,2,echonet_dynamic_no_long_axis_v1
0X6D6B651AC1031C7,36,49,1616.501,1372.59,0.8491,2,echonet_dynamic_no_long_axis_v1
0X6D6BF76192EEFF36,40,60,1160.33,728.072,0.6275,2,echonet_dynamic_no_long_axis_v1
0X6D6FFE8C3D708E08,47,63,1350.667,696.518,0.5157,2,echonet_dynamic_no_long_axis_v1
0X6D71DFFA4EE9C227,4,22,1945.333,1142.501,0.5873,2,echonet_dynamic_no_long_axis_v1
0X6D72498C03D60D6B,114,130,1341.184,796.607,0.594,2,echonet_dynamic_no_long_axis_v1
0X6D726D55FBF7CACD,100,118,2840.288,1373.071,0.4834,2,echonet_dynamic_no_long_axis_v1
0X6D72FA2CA90F4C15,59,76,1343.484,712.133,0.5301,2,echonet_dynamic_no_long_axis_v1
0X6D74371D1009C455,33,48,1214.65,883.711,0.7275,2,echonet_dynamic_no_long_axis_v1
0X6D7766F51CCDE3D7,53,72,1644.297,903.602,0.5495,2,echonet_dynamic_no_long_axis_v1
0X6D7889E5615FCFD4,98,111,1003.988,516.311,0.5143,2,echonet_dynamic_no_long_axis_v1
0X6D78CCCD9680F137,67,85,1875.837,956.208,0.5098,2,echonet_dynamic_no_long_axis_v1
0X6D7DDE6E9744DAC6,85,105,941.174,463.692,0.4927,2,echonet_dynamic_no_long_axis_v1
0X6D81C99AA35EEE47,135,151,1356.403,783.652,0.5777,2,echonet_dynamic_no_long_axis_v1
0X6D821F822F67B02A,102,118,1638.136,861.851,0.5261,2,echonet_dynamic_no_long_axis_v1
0X6D872CF7C744613E,54,76,1019.575,827.213,0.8113,2,echonet_dynamic_no_long_axis_v1
0X6D8C2E4FF14F1B01,59,69,684.114,435.403,0.6364,2,echonet_dynamic_no_long_axis_v1
0X6D8D7994A2AC5FCE,120,133,950.87,482.335,0.5073,2,echonet_dynamic_no_long_axis_v1
0X6D90906933A86358,86,99,1795.991,912.392,0.508,2,echonet_dynamic_no_long_axis_v1
0X6D90FEC0CDD49DC4,43,59,1742.041,1171.484,0.6725,2,echonet_dynamic_no_long_axis_v1
0X6D917AB5FBFE3EDE,54,65,1341.373,672.06,0.501,2,echonet_dynamic_no_long_axis_v1
0X6D92F22E42697C65,118,137,2659.078,1988.689,0.7479,2,echonet_dynamic_no_long_axis_v1
0X6D95CD13FD8931F2,43,58,2051.182,1144.681,0.5581,2,echonet_dynamic_no_long_axis_v1
0X6D9723FC15CFEE85,153,167,1179.685,951.246,0.8064,2,echonet_dynamic_no_long_axis_v1
0X6D9E057CAE4BC5E0,44,57,1045.664,594.448,0.5685,2,echonet_dynamic_no_long_axis_v1
0X6D9E5AB91D96CCE1,3,18,2563.037,1331.12,0.5194,2,echonet_dynamic_no_long_axis_v1
0X6DA50442706CA23D,53,70,1408.257,1078.602,0.7659,2,echonet_dynamic_no_long_axis_v1
0X6DA6BCE4A78DB2FE,100,118,1243.97,1059.836,0.852,2,echonet_dynamic_no_long_axis_v1
0X6DA6FDFFA83994BB,143,163,1088.744,614.642,0.5645,2,echonet_dynamic_no_long_axis_v1
0X6DA7A894DA307F59,97,122,1536.3,810.588,0.5276,2,echonet_dynamic_no_long_axis_v1
0X6DB14C93EAECA9A7,46,64,998.132,480.787,0.4817,2,echonet_dynamic_no_long_axis_v1
0X6DB22253FD5BBF94,34,50,626.597,335.768,0.5359,2,echonet_dynamic_no_long_axis_v1
0X6DB3B5B497DB6EA0,113,129,2003.165,1056.297,0.5273,2,echonet_dynamic_no_long_axis_v1
0X6DB4F287069B038D,50,70,1792.518,1374.143,0.7666,2,echonet_dynamic_no_long_axis_v1
0X6DB563A9A177BD82,76,98,921.507,596.067,0.6468,2,echonet_dynamic_no_long_axis_v1
0X6DB58A74F7F0CBDB,110,130,1476.017,812.379,0.5504,2,echonet_dynamic_no_long_axis_v1
0X6DB5BC6BF960267F,191,203,959.392,575.638,0.6,2,echonet_dynamic_no_long_axis_v1
0X6DB94B6B809039C7,105,118,2057.021,1165.842,0.5668,2,echonet_dynamic_no_long_axis_v1
0X6DBC9C8C7CCBE6E2,100,120,2188.723,1696.326,0.775,2,echonet_dynamic_no_long_axis_v1
0X6DC13ED618770C6B,2,19,1139.748,653.445,0.5733,2,echonet_dynamic_no_long_axis_v1
0X6DC399F2BCE4AB7D,39,57,1085.956,631.201,0.5812,2,echonet_dynamic_no_long_axis_v1
0X6DC4325C689CEEDD,42,22,1580.946,851.176,0.5384,2,echonet_dynamic_no_long_axis_v1
0X6DC4D4E665CE25B2,86,99,490.685,317.665,0.6474,2,echonet_dynamic_no_long_axis_v1
0X6DC72E2A34A6DFE8,122,141,1940.851,962.874,0.4961,2,echonet_dynamic_no_long_axis_v1
0X6DCAB3CD5A485D45,37,54,1456.447,926.027,0.6358,2,echonet_dynamic_no_long_axis_v1
0X6DD554CE5A1AE1B0,101,121,1643.913,1055.987,0.6424,2,echonet_dynamic_no_long_axis_v1
0X6DD62111845E1B9,39,57,1175.719,681.129,0.5793,2,echonet_dynamic_no_long_axis_v1
0X6DDC0986DF75DB0C,90,110,911.26,543.253,0.5962,2,echonet_dynamic_no_long_axis_v1
0X6DDD5B0B4132C787,50,68,2223.812,1419.962,0.6385,2,echonet_dynamic_no_long_axis_v1
0X6DE38BD6E3584D03,44,57,1109.124,657.194,0.5925,2,echonet_dynamic_no_long_axis_v1
0X6DE5DB58AD2E5577,106,125,1441.328,839.676,0.5826,2,echonet_dynamic_no_long_axis_v1
0X6DE7AC1795267BA3,42,60,1347.491,864.617,0.6416,2,echonet_dynamic_no_long_axis_v1
0X6DEB4032EBB054D9,75,96,2266.394,1537.269,0.6783,2,echonet_dynamic_no_long_axis_v1
0X6DED7FDA8466BE6E,94,110,955.299,560.814,0.5871,2,echonet_dynamic_no_long_axis_v1
0X6DEDE4AA3CB872F1,3,20,1607.331,957.578,0.5958,2,echonet_dynamic_no_long_axis_v1
0X6DF0EE20A24FEF6A,2,19,795.356,600.788,0.7554,2,echonet_dynamic_no_long_axis_v1
0X6DF39A52E4048FF2,85,96,1298.014,758.357,0.5842,2,echonet_dynamic_no_long_axis_v1
0X6DF8E050FC840A8,89,106,1178.311,785.712,0.6668,2,echonet_dynamic_no_long_axis_v1
0X6DFE8F195ACC3BA4,100,118,1650.67,1309.677,0.7934,2,echonet_dynamic_no_long_axis_v1
0X6E00BE74552DB3BA,173,193,943.062,542.428,0.5752,2,echonet_dynamic_no_long_axis_v1
0X6E00FB047E13A652,139,159,1189.548,607.709,0.5109,2,echonet_dynamic_no_long_axis_v1
0X6E02E0F24F63EFD7,121,64,584.937,342.965,0.5863,2,echonet_dynamic_no_long_axis_v1
0X6E0708618C053CB8,43,60,733.9,385.319,0.525,2,echonet_dynamic_no_long_axis_v1
0X6E0E4A558108BADA,83,96,1231.927,638.496,0.5183,2,echonet_dynamic_no_long_axis_v1
0X6E100C2D4D73F059,38,50,3042.646,1800.069,0.5916,2,echonet_dynamic_no_long_axis_v1
0X6E1145D1BA43B81F,43,59,1379.695,790.101,0.5727,2,echonet_dynamic_no_long_axis_v1
0X6E12C7DFC47BCD1E,42,54,1128.101,606.005,0.5372,2,echonet_dynamic_no_long_axis_v1
0X6E1AB156B897F2B0,101,117,1041.673,622.163,0.5973,2,echonet_dynamic_no_long_axis_v1
0X6E1C89A39A9DA038,101,116,746.48,422.795,0.5664,2,echonet_dynamic_no_long_axis_v1
0X6E1F0B0B5831B801,43,60,1765.918,1135.059,0.6428,2,echonet_dynamic_no_long_axis_v1
0X6E1F571E0D834439,41,59,1515.926,878.213,0.5793,2,echonet_dynamic_no_long_axis_v1
0X6E1FF3606FD2148A,110,128,1664.439,844.192,0.5072,2,echonet_dynamic_no_long_axis_v1
0X6E212B8A73CA04DD,41,52,1009.827,591.273,0.5855,2,echonet_dynamic_no_long_axis_v1
0X6E22CC57F5A62028,142,151,1054.444,600.238,0.5692,2,echonet_dynamic_no_long_axis_v1
0X6E26C6F3CA75C699,0,11,1856.158,1164.455,0.6273,2,echonet_dynamic_no_long_axis_v1
0X6E27B3EF3A104896,45,63,1869.825,1320.98,0.7065,2,echonet_dynamic_no_long_axis_v1
0X6E2E069FDC35F8FA,60,79,1547.082,801.032,0.5178,2,echonet_dynamic_no_long_axis_v1
0X6E2E13E4D12ADBC5,45,63,1119.552,614.512,0.5489,2,echonet_dynamic_no_long_axis_v1
0X6E309D9AB2B43C7E,34,51,1599.67,1252.682,0.7831,2,echonet_dynamic_no_long_axis_v1
0X6E372FE5021EB443,89,101,1263.42,648.046,0.5129,2,echonet_dynamic_no_long_axis_v1
0X6E379A4025B0D43C,45,57,1360.414,695.388,0.5112,2,echonet_dynamic_no_long_axis_v1
0X6E3FBD73AE2685F,94,105,1118.822,698.854,0.6246,2,echonet_dynamic_no_long_axis_v1
0X6E4159BB40A86E64,113,126,790.989,407.056,0.5146,2,echonet_dynamic_no_long_axis_v1
0X6E443F7042370B42,33,46,1398.403,773.677,0.5533,2,echonet_dynamic_no_long_axis_v1
0X6E46A32DFF7E9E62,42,57,4532.994,2197.868,0.4849,2,echonet_dynamic_no_long_axis_v1
0X6E48AED3DA25731A,88,104,1021.675,573.802,0.5616,2,echonet_dynamic_no_long_axis_v1
0X6E4B03FAE5E345CA,86,111,1821.494,1027.913,0.5643,2,echonet_dynamic_no_long_axis_v1
0X6E4CCA9792ADED75,67,79,1375.38,788.771,0.5735,2,echonet_dynamic_no_long_axis_v1
0X6E4EB029042DD9D9,163,187,2165.17,1353.343,0.6251,2,echonet_dynamic_no_long_axis_v1
0X6E54EDA664E18F4A,36,53,998.339,538.188,0.5391,2,echonet_dynamic_no_long_axis_v1
0X6E57B3FDE0D9C92,73,91,1279.019,1002.06,0.7835,2,echonet_dynamic_no_long_axis_v1
0X6E5824E76BEB3ECA,78,16,1259.85,969.796,0.7698,2,echonet_dynamic_no_long_axis_v1
0X6E58C38FE9BC5E5E,76,88,993.51,641.7,0.6459,2,echonet_dynamic_no_long_axis_v1
0X6E59D3D82A2E3357,44,61,1208.256,716.176,0.5927,2,echonet_dynamic_no_long_axis_v1
0X6E5C224987C8E830,51,67,1523.765,817.034,0.5362,2,echonet_dynamic_no_long_axis_v1
0X6E5CF1D1178DF20B,73,84,1145.186,584.833,0.5107,2,echonet_dynamic_no_long_axis_v1
0X6E5FD447C07DFA5,42,58,1104.032,589.639,0.5341,2,echonet_dynamic_no_long_axis_v1
0X6E6024E7AF5E6B15,115,125,918.879,680.683,0.7408,2,echonet_dynamic_no_long_axis_v1
0X6E60A779DF3494E3,67,86,1254.232,863.139,0.6882,2,echonet_dynamic_no_long_axis_v1
0X6E6108E3D0E8983C,111,130,1327.938,692.159,0.5212,2,echonet_dynamic_no_long_axis_v1
0X6E63D1AE66B1DFF4,69,86,1538.282,762.386,0.4956,2,echonet_dynamic_no_long_axis_v1
0X6E6B700BBFFFD2D6,51,68,1757.658,895.107,0.5093,2,echonet_dynamic_no_long_axis_v1
0X6E6C739C44829062,39,53,1055.144,799.261,0.7575,2,echonet_dynamic_no_long_axis_v1
0X6E6C9C85DEA40694,46,62,1331.644,654.207,0.4913,2,echonet_dynamic_no_long_axis_v1
0X6E6FB1DA53C8351,4,19,1085.931,590.891,0.5441,2,echonet_dynamic_no_long_axis_v1
0X6E7132ABF64DB8BE,95,114,1050.85,642.595,0.6115,2,echonet_dynamic_no_long_axis_v1
0X6E765BA3B1865957,55,74,1672.957,892.735,0.5336,2,echonet_dynamic_no_long_axis_v1
0X6E7E20A098A0C7A2,47,63,1508.746,810.604,0.5373,2,echonet_dynamic_no_long_axis_v1
0X6E8033C53E37D4D0,103,120,1409.815,740.233,0.5251,2,echonet_dynamic_no_long_axis_v1
0X6E811944559EDC3F,72,93,963.314,675.602,0.7013,2,echonet_dynamic_no_long_axis_v1
0X6E88964C832AB9E4,106,122,1941.506,1516.259,0.781,2,echonet_dynamic_no_long_axis_v1
0X6E9C31795E54A821,66,84,2113.933,1255.153,0.5938,2,echonet_dynamic_no_long_axis_v1
0X6E9F4870B113C2C6,0,16,1200.792,748.744,0.6235,2,echonet_dynamic_no_long_axis_v1
0X6E9F5C6EB262E26A,34,50,807.271,655.869,0.8125,2,echonet_dynamic_no_long_axis_v1
0X6EA93533C06E1E1B,33,46,2163.811,1054.699,0.4874,2,echonet_dynamic_no_long_axis_v1
0X6EA93E2EBB466F3A,45,60,1507.424,823.243,0.5461,2,echonet_dynamic_no_long_axis_v1
0X6EA9E49ABF8EFEE1,42,59,1669.11,1297.786,0.7775,2,echonet_dynamic_no_long_axis_v1
0X6EAED583DBF1F916,45,61,697.165,470.151,0.6744,2,echonet_dynamic_no_long_axis_v1
0X6EB436F0D1B7CE84,5,27,1550.041,1197.72,0.7727,2,echonet_dynamic_no_long_axis_v1
0X6EB95ADCC03B7B3C,100,121,1681.614,881.442,0.5242,2,echonet_dynamic_no_long_axis_v1
0X6EBA417515E62FD5,84,98,1293.235,627.57,0.4853,2,echonet_dynamic_no_long_axis_v1
0X6EBCC08A401F9B5B,44,64,1350.111,749.926,0.5555,2,echonet_dynamic_no_long_axis_v1
0X6EC16E49F1C9337C,46,61,919.553,460.875,0.5012,2,echonet_dynamic_no_long_axis_v1
0X6EC20DDF9804A94E,41,60,1573.265,1173.053,0.7456,2,echonet_dynamic_no_long_axis_v1
0X6EC3018E83F6DC05,55,73,1099.596,568.153,0.5167,2,echonet_dynamic_no_long_axis_v1
0X6EC9433198E4B6EE,100,112,1131.439,650.131,0.5746,2,echonet_dynamic_no_long_axis_v1
0X6ECDA48CE778B00A,80,91,659.627,311.43,0.4721,2,echonet_dynamic_no_long_axis_v1
0X6ECDFA5069831090,3,13,1399.68,1158.327,0.8276,2,echonet_dynamic_no_long_axis_v1
0X6ED5C7B1BB4E2BB6,3,18,1668.131,1021.345,0.6123,2,echonet_dynamic_no_long_axis_v1
0X6EDD9E4450E09630,77,90,916.151,530.839,0.5794,2,echonet_dynamic_no_long_axis_v1
0X6EDF5FFA911E093E,59,78,2110.945,1096.664,0.5195,2,echonet_dynamic_no_long_axis_v1
0X6EE0A841475D41E8,58,78,1736.561,1315.211,0.7574,2,echonet_dynamic_no_long_axis_v1
0X6EE748ED071E4598,49,63,937.784,453.601,0.4837,2,echonet_dynamic_no_long_axis_v1
0X6EE923F8B9F82820,225,252,1480.154,879.786,0.5944,2,echonet_dynamic_no_long_axis_v1
0X6EEC06B1FBB5BB16,115,138,1257.14,949.728,0.7555,2,echonet_dynamic_no_long_axis_v1
0X6EEC24E41B261C6F,44,61,1603.98,936.122,0.5836,2,echonet_dynamic_no_long_axis_v1
0X6EEDB606DA0C8EDE,96,113,1782.084,1049.522,0.5889,2,echonet_dynamic_no_long_axis_v1
0X6EEFDA0A9F0144FF,37,50,1318.031,764.931,0.5804,2,echonet_dynamic_no_long_axis_v1
0X6EF41C2BBBAA83EF,40,54,1738.654,967.687,0.5566,2,echonet_dynamic_no_long_axis_v1
0X6EF44A176770ADBA,34,46,1305.02,675.567,0.5177,2,echonet_dynamic_no_long_axis_v1
0X6EF6260B0E6665D0,126,142,1281.333,795.617,0.6209,2,echonet_dynamic_no_long_axis_v1
0X6EF63902D4BD8E89,96,112,1322.944,714.234,0.5399,2,echonet_dynamic_no_long_axis_v1
0X6EFD8278BC9B7522,129,148,1835.611,944.042,0.5143,2,echonet_dynamic_no_long_axis_v1
0X6F00E1B88FF7F2B6,34,50,1309.461,748.291,0.5715,2,echonet_dynamic_no_long_axis_v1
0X6F0A5B2A3E3B11AB,63,80,1044.665,566.386,0.5422,2,echonet_dynamic_no_long_axis_v1
0X6F0D9D384C0A3EBD,37,54,1452.732,857.257,0.5901,2,echonet_dynamic_no_long_axis_v1
0X6F11EDE37AC0CF42,39,53,2506.915,1229.679,0.4905,2,echonet_dynamic_no_long_axis_v1
0X6F126C1C6883BA56,155,172,1880.872,935.997,0.4976,2,echonet_dynamic_no_long_axis_v1
0X6F13E57513BEFA0,83,98,1408.403,768.2,0.5454,2,echonet_dynamic_no_long_axis_v1
0X6F16B7AB9191A5E5,43,60,2011.026,1110.153,0.552,2,echonet_dynamic_no_long_axis_v1
0X6F1A76C8595E054A,66,86,1137.817,639.993,0.5625,2,echonet_dynamic_no_long_axis_v1
0X6F1C009FD8963620,52,65,1162.13,596.691,0.5134,2,echonet_dynamic_no_long_axis_v1
0X6F1EA03DBB298142,48,62,3086.096,1666.442,0.54,2,echonet_dynamic_no_long_axis_v1
0X6F2B6B1280773A8,84,103,1936.02,1072.377,0.5539,2,echonet_dynamic_no_long_axis_v1
0X6F2C4C1B7A791CB9,46,64,1671.006,1044.439,0.625,2,echonet_dynamic_no_long_axis_v1
0X6F3232FD37FD13C5,0,14,1019.483,483.897,0.4746,2,echonet_dynamic_no_long_axis_v1
0X6F376F31663F3E61,31,46,2094.175,1253.326,0.5985,2,echonet_dynamic_no_long_axis_v1
0X6F38AF03CE1A24E2,46,63,1442.538,906.908,0.6287,2,echonet_dynamic_no_long_axis_v1
0X6F3A6E1B710C13D1,63,75,762.762,389.011,0.51,2,echonet_dynamic_no_long_axis_v1
0X6F3E6EC0B32CBB66,42,58,849.663,444.824,0.5235,2,echonet_dynamic_no_long_axis_v1
0X6F44A51223E9F1E,41,59,643.95,391.282,0.6076,2,echonet_dynamic_no_long_axis_v1
0X6F489746D4866AAC,44,60,817.757,563.859,0.6895,2,echonet_dynamic_no_long_axis_v1
0X6F4E16CE27A18A6E,46,64,1727.18,896.459,0.519,2,echonet_dynamic_no_long_axis_v1
0X6F4F950A5396343A,29,41,880.744,537.086,0.6098,2,echonet_dynamic_no_long_axis_v1
0X6F515874049619B1,90,111,1616.507,1229.387,0.7605,2,echonet_dynamic_no_long_axis_v1
0X6F53D60A3AECC9,45,59,981.045,619.163,0.6311,2,echonet_dynamic_no_long_axis_v1
0X6F57F1A540CA8629,45,63,1737.177,1017.578,0.5858,2,echonet_dynamic_no_long_axis_v1
0X6F5932D336F6CB12,44,62,927.133,645.502,0.6962,2,echonet_dynamic_no_long_axis_v1
0X6F59844503FFC8FB,98,120,1237.671,641.165,0.518,2,echonet_dynamic_no_long_axis_v1
0X6F59F94EF318EF6F,106,129,2587.009,1294.083,0.5002,2,echonet_dynamic_no_long_axis_v1
0X6F5EB0942891DF30,97,110,873.846,495.213,0.5667,2,echonet_dynamic_no_long_axis_v1
0X6F62E9BEC35BDCF2,53,74,2395.186,1513.848,0.632,2,echonet_dynamic_no_long_axis_v1
0X6F684CDA94ECA62B,36,50,866.15,503.378,0.5812,2,echonet_dynamic_no_long_axis_v1
0X6F6DB4A07AA7BED2,40,54,812.489,410.838,0.5057,2,echonet_dynamic_no_long_axis_v1
0X6F6DBAC7292C3E36,4,23,1756.641,1047.966,0.5966,2,echonet_dynamic_no_long_axis_v1
0X6F6EA16F5E3467AA,102,118,941.926,459.498,0.4878,2,echonet_dynamic_no_long_axis_v1
0X6F713E0BFAAF743B,83,102,1553.858,923.414,0.5943,2,echonet_dynamic_no_long_axis_v1
0X6F739801341A22F6,89,104,2274.909,1636.218,0.7192,2,echonet_dynamic_no_long_axis_v1
0X6F7817E2F5DC217F,154,166,1398.775,862.781,0.6168,2,echonet_dynamic_no_long_axis_v1
0X6F7BF22A07F61BC8,69,79,1607.405,934.004,0.5811,2,echonet_dynamic_no_long_axis_v1
0X6F7F4362C857E0FC,34,45,2173.321,1206.934,0.5553,2,echonet_dynamic_no_long_axis_v1
0X6F81F5F5E980BF50,49,62,1514.744,943.276,0.6227,2,echonet_dynamic_no_long_axis_v1
0X6F8676CBA5E2571A,38,53,1396.399,860.453,0.6162,2,echonet_dynamic_no_long_axis_v1
0X6F89061323A89C46,33,46,1485.167,662.479,0.4461,2,echonet_dynamic_no_long_axis_v1
0X6F89F46E2350BAD3,70,81,1089.969,637.789,0.5851,2,echonet_dynamic_no_long_axis_v1
0X6F8CC942DF924170,58,78,2034.33,1211.271,0.5954,2,echonet_dynamic_no_long_axis_v1
0X6F8D259324E0E9D0,99,112,1108.638,643.728,0.5806,2,echonet_dynamic_no_long_axis_v1
0X6F9AC7D6A33B3FBD,53,70,822.783,414.733,0.5041,2,echonet_dynamic_no_long_axis_v1
0X6F9C221EE2CE3A8B,79,96,1945.333,1271.466,0.6536,2,echonet_dynamic_no_long_axis_v1
0X6F9E0DEF7A32E75E,28,42,762.897,389.877,0.511,2,echonet_dynamic_no_long_axis_v1
0X6F9FD41E87A2BF22,147,174,1241.715,600.756,0.4838,2,echonet_dynamic_no_long_axis_v1
0X6FA1794B8CBE3C04,75,90,1758.143,1032.261,0.5871,2,echonet_dynamic_no_long_axis_v1
0X6FA8D7C2278B5073,3,31,2278.62,1560.583,0.6849,2,echonet_dynamic_no_long_axis_v1
0X6FAA89F3C9D58522,39,55,1399.582,871.582,0.6227,2,echonet_dynamic_no_long_axis_v1
0X6FAB02B40464E30,51,70,661.793,309.039,0.467,2,echonet_dynamic_no_long_axis_v1
0X6FAC8B9E8907EBF3,44,70,1249.415,722.847,0.5785,2,echonet_dynamic_no_long_axis_v1
0X6FAD9DF07824297B,22,39,1068.408,502.144,0.47,2,echonet_dynamic_no_long_axis_v1
0X6FADD66D9851B383,49,69,970.846,521.434,0.5371,2,echonet_dynamic_no_long_axis_v1
0X6FB192AE737A59F2,55,71,1718.354,1082.022,0.6297,2,echonet_dynamic_no_long_axis_v1
0X6FB47E8BB8464F42,40,51,1031.547,612.658,0.5939,2,echonet_dynamic_no_long_axis_v1
0X6FB59E8686C472A1,83,94,996.835,620.556,0.6225,2,echonet_dynamic_no_long_axis_v1
0X6FBA1BCD968A92CD,58,82,3011.586,1663.057,0.5522,2,echonet_dynamic_no_long_axis_v1
0X6FBEF41EB6975D30,49,71,1642.942,957.614,0.5829,2,echonet_dynamic_no_long_axis_v1
0X6FC112B490B34E0F,58,76,1381.09,743.943,0.5387,2,echonet_dynamic_no_long_axis_v1
0X6FC504B60333F621,89,107,2312.701,1243.394,0.5376,2,echonet_dynamic_no_long_axis_v1
0X6FC50A1C8B616D06,53,71,1257.618,689.713,0.5484,2,echonet_dynamic_no_long_axis_v1
0X6FC541ABB4081E98,73,83,2411.762,2019.265,0.8373,2,echonet_dynamic_no_long_axis_v1
0X6FC8A2C44917FE58,35,47,1161.079,711.64,0.6129,2,echonet_dynamic_no_long_axis_v1
0X6FCB1BA18A58D7F2,36,51,1648.353,1022.074,0.6201,2,echonet_dynamic_no_long_axis_v1
0X6FCDD9107094644A,45,62,1168.614,795.301,0.6806,2,echonet_dynamic_no_long_axis_v1
0X6FCE7C69AE34FBF7,73,89,1326.858,654.095,0.493,2,echonet_dynamic_no_long_axis_v1
0X6FD03091458DAD1C,41,57,3042.282,1613.48,0.5304,2,echonet_dynamic_no_long_axis_v1
0X6FDBAFEA74C9BC7E,80,95,660.433,305.374,0.4624,2,echonet_dynamic_no_long_axis_v1
0X6FE03765A01F42BB,78,90,1056.848,698.637,0.6611,2,echonet_dynamic_no_long_axis_v1
0X6FE2B29A1FEB5D59,43,60,1847.919,1105.498,0.5982,2,echonet_dynamic_no_long_axis_v1
0X6FE853660ADC4185,45,59,1521.123,862.976,0.5673,2,echonet_dynamic_no_long_axis_v1
0X6FEAD8540CA87C27,74,92,979.823,580.658,0.5926,2,echonet_dynamic_no_long_axis_v1
0X6FECBE1633D70BD1,4,14,978.332,559.737,0.5721,2,echonet_dynamic_no_long_axis_v1
0X6FF3977D7086E468,100,114,2394.73,2007.111,0.8381,2,echonet_dynamic_no_long_axis_v1
0X6FF416B50E42532F,67,83,1092.313,507.067,0.4642,2,echonet_dynamic_no_long_axis_v1
0X6FF709E2C5589D01,86,105,1327.021,664.758,0.5009,2,echonet_dynamic_no_long_axis_v1
0X6FF9A4411F2F8A34,3,16,903.336,473.391,0.524,2,echonet_dynamic_no_long_axis_v1
0X7005CBA88A578C96,0,18,1765.03,1159.871,0.6571,2,echonet_dynamic_no_long_axis_v1
0X700762E763698FC5,48,68,1065.985,597.088,0.5601,2,echonet_dynamic_no_long_axis_v1
0X7009D23E3B00F78B,72,90,1741.984,867.479,0.498,2,echonet_dynamic_no_long_axis_v1
0X700A648C41DE6CFB,121,141,1354.026,898.704,0.6637,2,echonet_dynamic_no_long_axis_v1
0X700C7EFB75691A,1,14,778.105,463.955,0.5963,2,echonet_dynamic_no_long_axis_v1
0X7012247CA8314DC5,108,124,1470.694,931.518,0.6334,2,echonet_dynamic_no_long_axis_v1
0X7013EE30D524B6B0,113,132,821.855,520.801,0.6337,2,echonet_dynamic_no_long_axis_v1
0X701410DAEAC658EF,43,61,1679.392,927.789,0.5525,2,echonet_dynamic_no_long_axis_v1
0X7014D866DE2E617A,64,80,1214.755,620.79,0.511,2,echonet_dynamic_no_long_axis_v1
0X70190C8882ECDB13,4,21,1059.948,653.263,0.6163,2,echonet_dynamic_no_long_axis_v1
0X7020667D86884D88,123,141,1140.647,624.428,0.5474,2,echonet_dynamic_no_long_axis_v1
0X7023BDE81F8A00C0,1,14,1319.929,776.357,0.5882,2,echonet_dynamic_no_long_axis_v1
0X7026A611CB19B457,84,96,1037.753,526.371,0.5072,2,echonet_dynamic_no_long_axis_v1
0X702756FBB896F42,162,171,2243.798,1313.667,0.5855,2,echonet_dynamic_no_long_axis_v1
0X70275A298A8CF5ED,3,23,1359.206,1113.291,0.8191,2,echonet_dynamic_no_long_axis_v1
0X7027715D06DA15FD,0,16,1281.847,830.474,0.6479,2,echonet_dynamic_no_long_axis_v1
0X702A639A91967D29,56,67,1291.429,693.549,0.537,2,echonet_dynamic_no_long_axis_v1
0X702D4E353E3B6A04,61,75,1333.673,864.04,0.6479,2,echonet_dynamic_no_long_axis_v1
0X702EF9BCE901DC90,53,73,1455.777,751.003,0.5159,2,echonet_dynamic_no_long_axis_v1
0X703273C4B5E6308B,2,16,1258.658,929.184,0.7382,2,echonet_dynamic_no_long_axis_v1
0X7032E1A414DEC083,71,86,2475.805,2237.613,0.9038,2,echonet_dynamic_no_long_axis_v1
0X7034CDD3E709AC39,31,43,1075.567,513.639,0.4776,2,echonet_dynamic_no_long_axis_v1
0X70351F9FD9444C30,44,62,1246.873,769.17,0.6169,2,echonet_dynamic_no_long_axis_v1
0X7036B875624A51E5,78,96,742.076,482.613,0.6504,2,echonet_dynamic_no_long_axis_v1
0X703774EFA4BCF502,45,61,1572.886,885.251,0.5628,2,echonet_dynamic_no_long_axis_v1
0X7044F4025752BCB6,38,52,1441.15,797.417,0.5533,2,echonet_dynamic_no_long_axis_v1
0X704845139A356532,87,105,1035.847,543.643,0.5248,2,echonet_dynamic_no_long_axis_v1
0X7048F0997184EE82,45,59,806.179,436.736,0.5417,2,echonet_dynamic_no_long_axis_v1
0X705277E7D6EF6A7A,104,116,1221.324,706.025,0.5781,2,echonet_dynamic_no_long_axis_v1
0X7055E89AD38B36BC,49,66,659.833,362.54,0.5494,2,echonet_dynamic_no_long_axis_v1
0X705789F6BD6B3A46,23,36,1112.651,809.711,0.7277,2,echonet_dynamic_no_long_axis_v1
0X705A3B3F265BFE44,95,112,794.639,440.949,0.5549,2,echonet_dynamic_no_long_axis_v1
0X705E3B9AFAB0574E,95,111,1247.916,684.782,0.5487,2,echonet_dynamic_no_long_axis_v1
0X705E75D6928EF51E,56,70,1209.626,1019.149,0.8425,2,echonet_dynamic_no_long_axis_v1
0X7061256767FDFE90,50,64,1532.93,915.772,0.5974,2,echonet_dynamic_no_long_axis_v1
0X706610E923C8C8EF,40,57,1014.529,554.01,0.5461,2,echonet_dynamic_no_long_axis_v1
0X706626FF3D23F7A,81,98,2126.803,1402.741,0.6596,2,echonet_dynamic_no_long_axis_v1
0X706A53B9FE10409B,123,138,1195.221,638.966,0.5346,2,echonet_dynamic_no_long_axis_v1
0X706B389AF6175FE4,88,109,1205.983,708.839,0.5878,2,echonet_dynamic_no_long_axis_v1
0X706C949699E80227,132,147,1113.194,714.212,0.6416,2,echonet_dynamic_no_long_axis_v1
0X70702683D6C909DB,48,70,1409.545,684.074,0.4853,2,echonet_dynamic_no_long_axis_v1
0X707B067AEDFAD712,70,88,2083.036,1240.234,0.5954,2,echonet_dynamic_no_long_axis_v1
0X707C17FA96DF27D1,85,100,1385.583,757.133,0.5464,2,echonet_dynamic_no_long_axis_v1
0X7083497ECE270656,35,49,1078.775,727.732,0.6746,2,echonet_dynamic_no_long_axis_v1
0X70873D84AF6D4274,87,104,2884.207,1794.425,0.6222,2,echonet_dynamic_no_long_axis_v1
0X7087C253BDEAFDF9,42,56,1058.588,715.795,0.6762,2,echonet_dynamic_no_long_axis_v1
0X708AF5A9AE4F5DB1,37,55,1816.783,1329.707,0.7319,2,echonet_dynamic_no_long_axis_v1
0X708BD14C8A32B53D,75,88,1338.343,776.751,0.5804,2,echonet_dynamic_no_long_axis_v1
0X708D0E99CDFD8420,49,64,1300.274,717.072,0.5515,2,echonet_dynamic_no_long_axis_v1
0X7093FB30EB363260,46,60,1427.06,814.461,0.5707,2,echonet_dynamic_no_long_axis_v1
0X709522F8FD4A92DF,79,93,2010.188,1525.369,0.7588,2,echonet_dynamic_no_long_axis_v1
0X7097365FC2F8B218,35,47,1675.719,1005.985,0.6003,2,echonet_dynamic_no_long_axis_v1
0X709A3DD7C31252F3,135,150,1142.129,564.226,0.494,2,echonet_dynamic_no_long_axis_v1
0X70A2BC92934984FF,52,65,1246.053,738.54,0.5927,2,echonet_dynamic_no_long_axis_v1
0X70A5167D3A618D63,50,66,1024.696,631.913,0.6167,2,echonet_dynamic_no_long_axis_v1
0X70A99B2DE372C268,46,65,1353.997,698.398,0.5158,2,echonet_dynamic_no_long_axis_v1
0X70AA5048370C9DC2,52,67,2529.641,1251.546,0.4948,2,echonet_dynamic_no_long_axis_v1
0X70AB615C12541CA8,97,112,1191.961,865.662,0.7262,2,echonet_dynamic_no_long_axis_v1
0X70ACF2035FC035DE,74,92,942.955,559.178,0.593,2,echonet_dynamic_no_long_axis_v1
0X70ADF1B72CC150A9,76,96,2068.062,1085.951,0.5251,2,echonet_dynamic_no_long_axis_v1
0X70AE1E2408B80316,45,66,2349.347,1153.82,0.4911,2,echonet_dynamic_no_long_axis_v1
0X70B2BF6C41F06457,48,61,1354.889,919.57,0.6787,2,echonet_dynamic_no_long_axis_v1
0X70B49CEB13611B36,43,63,1567.51,892.969,0.5697,2,echonet_dynamic_no_long_axis_v1
0X70B8D6F5238FAFCF,114,136,925.549,498.622,0.5387,2,echonet_dynamic_no_long_axis_v1
0X70BD7DAF007680A6,105,117,1411.204,812.205,0.5755,2,echonet_dynamic_no_long_axis_v1
0X70BE977A39DCF1C6,85,101,2212.904,1287.795,0.5819,2,echonet_dynamic_no_long_axis_v1
0X70C4138A90A72155,100,117,1374.092,730.519,0.5316,2,echonet_dynamic_no_long_axis_v1
0X70C42F855DC5568E,41,56,1703.651,1106.481,0.6495,2,echonet_dynamic_no_long_axis_v1
0X70C62920786CE4C2,54,75,2075.17,1150.302,0.5543,2,echonet_dynamic_no_long_axis_v1
0X70C6ED8487CEA4F6,47,64,983.121,567.651,0.5774,2,echonet_dynamic_no_long_axis_v1
0X70C72825311E1EE,134,153,1222.418,810.829,0.6633,2,echonet_dynamic_no_long_axis_v1
0X70C7E7E952C28C1,45,61,1620.622,1305.234,0.8054,2,echonet_dynamic_no_long_axis_v1
0X70C7EBC3408A81DD,42,58,1208.751,736.354,0.6092,2,echonet_dynamic_no_long_axis_v1
0X70C80E8613294FE6,217,249,1400.559,812.073,0.5798,2,echonet_dynamic_no_long_axis_v1
0X70CDA916837C0563,66,85,2351.679,1146.833,0.4877,2,echonet_dynamic_no_long_axis_v1
0X70E038A53FD778FE,50,66,1156.039,656.751,0.5681,2,echonet_dynamic_no_long_axis_v1
0X70E1AE6BC18EE77C,4,16,1113.456,645.972,0.5802,2,echonet_dynamic_no_long_axis_v1
0X70E2AFD806E85866,50,66,735.067,321.911,0.4379,2,echonet_dynamic_no_long_axis_v1
0X70EF20826840207B,76,93,1214.24,647.894,0.5336,2,echonet_dynamic_no_long_axis_v1
0X70F08157D6C11C06,52,68,1356.413,850.837,0.6273,2,echonet_dynamic_no_long_axis_v1
0X70F0F3896BAA0A92,6,21,1063.852,651.877,0.6128,2,echonet_dynamic_no_long_axis_v1
0X70F4F530DB582570,65,82,1253.893,675.489,0.5387,2,echonet_dynamic_no_long_axis_v1
0X70F82461E9DA9509,53,73,1787.358,1326.664,0.7422,2,echonet_dynamic_no_long_axis_v1
0X70FC196E362DA53,0,12,1917.675,1084.459,0.5655,2,echonet_dynamic_no_long_axis_v1
0X70FEA4410C358456,93,115,1945.377,1663.618,0.8552,2,echonet_dynamic_no_long_axis_v1
0X7101796E23DB2C6C,48,61,1944.193,1107.684,0.5697,2,echonet_dynamic_no_long_axis_v1
0X7102D17A09373238,37,55,1220.674,622.729,0.5102,2,echonet_dynamic_no_long_axis_v1
0X71087954DB99E5FB,64,80,1298.595,648.784,0.4996,2,echonet_dynamic_no_long_axis_v1
0X710AB66715EBDE2E,69,83,705.11,385.617,0.5469,2,echonet_dynamic_no_long_axis_v1
0X710BC7A746C16F30,84,96,1335.686,1130.074,0.8461,2,echonet_dynamic_no_long_axis_v1
0X710CEE694461AA2E,39,55,1051.653,539.506,0.513,2,echonet_dynamic_no_long_axis_v1
0X710EC36F325037EE,78,90,617.72,335.575,0.5432,2,echonet_dynamic_no_long_axis_v1
0X7111782DEA339319,61,73,1060.499,604.396,0.5699,2,echonet_dynamic_no_long_axis_v1
0X7118ED94A443E8E7,2,19,771.125,527.031,0.6835,2,echonet_dynamic_no_long_axis_v1
0X711CC31DFD8C6CE6,39,53,1258.168,701.085,0.5572,2,echonet_dynamic_no_long_axis_v1
0X7120B54F5E975B0,3,16,1054.774,727.451,0.6897,2,echonet_dynamic_no_long_axis_v1
0X7122CEBF07A2DE69,77,91,1447.895,1104.027,0.7625,2,echonet_dynamic_no_long_axis_v1
0X712458E135BD7CD0,42,55,998.024,605.507,0.6067,2,echonet_dynamic_no_long_axis_v1
0X71258BC9BF14F659,47,63,1420.363,845.223,0.5951,2,echonet_dynamic_no_long_axis_v1
0X7125909CA78A239F,139,157,1183.315,605.914,0.512,2,echonet_dynamic_no_long_axis_v1
0X71270AD323D7C627,44,64,1194.392,632.826,0.5298,2,echonet_dynamic_no_long_axis_v1
0X712BBDD024BB89D4,37,50,1294.817,866.508,0.6692,2,echonet_dynamic_no_long_axis_v1
0X7131C08459C410A1,155,173,1293.857,677.855,0.5239,2,echonet_dynamic_no_long_axis_v1
0X713283EFDECFC71F,128,146,2186.824,1693.874,0.7746,2,echonet_dynamic_no_long_axis_v1
0X713C7B1DB0E7CB75,151,168,1374.863,836.553,0.6085,2,echonet_dynamic_no_long_axis_v1
0X714EE9D5B7A7CB68,60,87,815.978,532.01,0.652,2,echonet_dynamic_no_long_axis_v1
0X715397AF1E4562CB,31,47,1170.218,642.156,0.5487,2,echonet_dynamic_no_long_axis_v1
0X7159C74F59E908A1,110,126,998.608,619.063,0.6199,2,echonet_dynamic_no_long_axis_v1
0X71609DB7DBE8E5C9,80,92,1288.794,598.03,0.464,2,echonet_dynamic_no_long_axis_v1
0X7161E52DA45FA80A,73,88,1063.439,688.284,0.6472,2,echonet_dynamic_no_long_axis_v1
0X7166874B45E63C2B,216,247,2088.591,1083.349,0.5187,2,echonet_dynamic_no_long_axis_v1
0X716A0C710832A933,66,87,829.648,444.351,0.5356,2,echonet_dynamic_no_long_axis_v1
0X716A4A1F44C246C2,91,102,1640.946,934.285,0.5694,2,echonet_dynamic_no_long_axis_v1
0X716B30133939FDA5,52,70,1377.951,788.471,0.5722,2,echonet_dynamic_no_long_axis_v1
0X716BD6EC64183751,44,56,1304.799,739.802,0.567,2,echonet_dynamic_no_long_axis_v1
0X716ED8AC3405BBCF,126,136,865.968,577.002,0.6663,2,echonet_dynamic_no_long_axis_v1
0X71722CC01AF2175D,102,118,1229.455,719.266,0.585,2,echonet_dynamic_no_long_axis_v1
0X717323632DAF18D2,54,67,1226.46,729.428,0.5947,2,echonet_dynamic_no_long_axis_v1
0X7174E265B5635A11,86,101,664.056,312.908,0.4712,2,echonet_dynamic_no_long_axis_v1
0X71755FC85FCCA3DE,58,79,1940.29,1037.065,0.5345,2,echonet_dynamic_no_long_axis_v1
0X71787F5C9B2F37BD,51,66,1340.114,908.995,0.6783,2,echonet_dynamic_no_long_axis_v1
0X717A7E3193260492,0,17,1169.269,612.64,0.524,2,echonet_dynamic_no_long_axis_v1
0X717DCB2A4258FA9B,40,59,1020.835,562.866,0.5514,2,echonet_dynamic_no_long_axis_v1
0X717E05B4B54B895A,127,148,1829.592,1478.653,0.8082,2,echonet_dynamic_no_long_axis_v1
0X718E2A768B2DAAD4,59,80,1248.67,747.791,0.5989,2,echonet_dynamic_no_long_axis_v1
0X718F2A065EA36E9E,2,18,1552.38,932.903,0.601,2,echonet_dynamic_no_long_axis_v1
0X7192B220A4F9B614,0,17,1487.804,856.022,0.5754,2,echonet_dynamic_no_long_axis_v1
0X719610DCE293C29B,95,109,1461.348,860.173,0.5886,2,echonet_dynamic_no_long_axis_v1
0X719ADE4E464DE956,39,54,628.898,284.924,0.4531,2,echonet_dynamic_no_long_axis_v1
0X719F5441F4D7F772,161,177,1563.819,777.116,0.4969,2,echonet_dynamic_no_long_axis_v1
0X71A140B2F6A6062F,60,72,667.413,337.228,0.5053,2,echonet_dynamic_no_long_axis_v1
0X71A38FBA15CAA56E,74,92,742.645,387.805,0.5222,2,echonet_dynamic_no_long_axis_v1
0X71A68ED541CAFABD,30,47,1148.694,645.78,0.5622,2,echonet_dynamic_no_long_axis_v1
0X71A79CF4AE112004,164,183,1753.939,877.302,0.5002,2,echonet_dynamic_no_long_axis_v1
0X71B1D648746922B0,58,82,1659.538,1144.213,0.6895,2,echonet_dynamic_no_long_axis_v1
0X71B423886D8BB117,48,64,1811.36,1105.993,0.6106,2,echonet_dynamic_no_long_axis_v1
0X71B7B5A51EB88F54,4,13,994.841,651.357,0.6547,2,echonet_dynamic_no_long_axis_v1
0X71B8479C56197371,24,39,1609.789,958.819,0.5956,2,echonet_dynamic_no_long_axis_v1
0X71BB6DF9BBBA718F,52,69,1033.106,616.982,0.5972,2,echonet_dynamic_no_long_axis_v1
0X71BC28A1041B6981,41,57,1046.565,576.517,0.5509,2,echonet_dynamic_no_long_axis_v1
0X71BECC036C3DD693,53,69,2023.763,1648.38,0.8145,2,echonet_dynamic_no_long_axis_v1
0X71C37D3E936D08DA,106,122,903.181,474.623,0.5255,2,echonet_dynamic_no_long_axis_v1
0X71C8CFCE2B3483F6,123,139,1225.003,635.411,0.5187,2,echonet_dynamic_no_long_axis_v1
0X71C9BD7600883FA3,47,60,1275.813,794.841,0.623,2,echonet_dynamic_no_long_axis_v1
0X71CAB00A955A0BB7,103,123,1781.119,1008.05,0.566,2,echonet_dynamic_no_long_axis_v1
0X71CEA697EC901543,69,85,1229.115,689.792,0.5612,2,echonet_dynamic_no_long_axis_v1
0X71D3E92F0E283A45,41,57,1455.761,1019.789,0.7005,2,echonet_dynamic_no_long_axis_v1
0X71DA17261425414F,77,95,1907.941,899.122,0.4713,2,echonet_dynamic_no_long_axis_v1
0X71DB4E0E745B22D4,88,103,1061.332,640.291,0.6033,2,echonet_dynamic_no_long_axis_v1
0X71EBD87DBF90BC93,145,158,2468.272,1410.43,0.5714,2,echonet_dynamic_no_long_axis_v1
0X71ECEE29C97C0292,37,50,1364.673,891.908,0.6536,2,echonet_dynamic_no_long_axis_v1
0X71EE3626BC57AB55,26,41,2032.218,1341.719,0.6602,2,echonet_dynamic_no_long_axis_v1
0X71F4D803A9CE35AA,60,73,1590.384,1244.733,0.7827,2,echonet_dynamic_no_long_axis_v1
0X71F6ECDFB811C998,89,108,1695.382,1094.408,0.6455,2,echonet_dynamic_no_long_axis_v1
0X71F7F25CC893F72,2,9,885.311,542.356,0.6126,2,echonet_dynamic_no_long_axis_v1
0X71F9AA38B454A66A,116,132,1111.724,626.869,0.5639,2,echonet_dynamic_no_long_axis_v1
0X71FB4521E8DC4E3D,95,109,1283.45,834.648,0.6503,2,echonet_dynamic_no_long_axis_v1
0X71FB4930667AD953,44,60,1299.103,668.661,0.5147,2,echonet_dynamic_no_long_axis_v1
0X71FE0206D64EDD39,48,72,1371.595,942.959,0.6875,2,echonet_dynamic_no_long_axis_v1
0X720404AB389CDF96,123,136,1317.873,787.176,0.5973,2,echonet_dynamic_no_long_axis_v1
0X720443862A5F44D4,95,112,1961.151,1092.477,0.5571,2,echonet_dynamic_no_long_axis_v1
0X7204B716FE2009EA,32,44,1061.526,613.295,0.5777,2,echonet_dynamic_no_long_axis_v1
0X720E0C79D9B2B018,141,158,1222.996,733.191,0.5995,2,echonet_dynamic_no_long_axis_v1
0X720F9F5DA429C676,0,17,1036.939,550.011,0.5304,2,echonet_dynamic_no_long_axis_v1
0X7211958526AE3A51,166,182,904.343,495.574,0.548,2,echonet_dynamic_no_long_axis_v1
0X7218A5217E8BA6E5,45,61,1519.897,856.863,0.5638,2,echonet_dynamic_no_long_axis_v1
0X721A90EE2322377A,42,61,1188.528,711.681,0.5988,2,echonet_dynamic_no_long_axis_v1
0X72227A5D210CFA13,79,93,2016.701,1361.763,0.6752,2,echonet_dynamic_no_long_axis_v1
0X72247857F10306AE,82,101,716.9,376.946,0.5258,2,echonet_dynamic_no_long_axis_v1
0X7230B41AA70ED90D,103,121,952.482,589.966,0.6194,2,echonet_dynamic_no_long_axis_v1
0X7234FFD3D26F08F1,99,110,885.234,449.685,0.508,2,echonet_dynamic_no_long_axis_v1
0X723DEBB24B6737BD,46,61,1859.677,1001.104,0.5383,2,echonet_dynamic_no_long_axis_v1
0X7244FC1F0267202F,45,59,1480.098,1102.135,0.7446,2,echonet_dynamic_no_long_axis_v1
0X7246713ACDF6B2E,70,87,977.715,527.524,0.5395,2,echonet_dynamic_no_long_axis_v1
0X7246B70B391D7CED,1,17,1062.678,678.245,0.6382,2,echonet_dynamic_no_long_axis_v1
0X7254D04113C8EA7F,94,109,1231.364,847.061,0.6879,2,echonet_dynamic_no_long_axis_v1
0X7258541793A94047,8,18,1084.206,808.929,0.7461,2,echonet_dynamic_no_long_axis_v1
0X725B0209DBD7F41B,148,165,1686.192,1321.587,0.7838,2,echonet_dynamic_no_long_axis_v1
0X725C7955468D7BAA,93,119,1298.779,1005.547,0.7742,2,echonet_dynamic_no_long_axis_v1
0X725F2E47573B3648,108,130,1290.347,882.673,0.6841,2,echonet_dynamic_no_long_axis_v1
0X72611744EE97633F,115,131,1371.561,827.754,0.6035,2,echonet_dynamic_no_long_axis_v1
0X726340B293ADED52,47,62,916.48,495.207,0.5403,2,echonet_dynamic_no_long_axis_v1
0X72641E8B44DDA6E3,113,123,886.09,493.905,0.5574,2,echonet_dynamic_no_long_axis_v1
0X72669FE268B8CA29,103,122,962.593,495.191,0.5144,2,echonet_dynamic_no_long_axis_v1
0X72685B35200F4C48,52,67,1404.656,845.323,0.6018,2,echonet_dynamic_no_long_axis_v1
0X726967D49A9BD73A,50,66,1746.074,1481.698,0.8486,2,echonet_dynamic_no_long_axis_v1
0X727106F39B6E611E,30,46,1320.288,744.223,0.5637,2,echonet_dynamic_no_long_axis_v1
0X7273C017B303827B,108,126,1439.461,795.213,0.5524,2,echonet_dynamic_no_long_axis_v1
0X7273D2DCA14BFE52,197,211,1727.493,1236.641,0.7159,2,echonet_dynamic_no_long_axis_v1
0X727574CAF516696A,94,111,1613.648,852.753,0.5285,2,echonet_dynamic_no_long_axis_v1
0X728343B49BC0BC70,121,135,1255.391,577.016,0.4596,2,echonet_dynamic_no_long_axis_v1
0X72858D35CFD4490A,50,68,1863.686,1114.609,0.5981,2,echonet_dynamic_no_long_axis_v1
0X728647F593EBCFED,44,64,2354.453,1234.256,0.5242,2,echonet_dynamic_no_long_axis_v1
0X72868EA70E22F4F6,2,20,1005.212,530.509,0.5278,2,echonet_dynamic_no_long_axis_v1
0X72890FDB8C6E5396,87,104,913.274,497.632,0.5449,2,echonet_dynamic_no_long_axis_v1
0X728966175618192B,4,27,1523.104,876.811,0.5757,2,echonet_dynamic_no_long_axis_v1
0X728D7EF689FADA01,154,172,2114.538,1058.615,0.5006,2,echonet_dynamic_no_long_axis_v1
0X7299D46E48AD3C37,70,91,1490.608,895.99,0.6011,2,echonet_dynamic_no_long_axis_v1
0X729CBDBABBA099C1,38,55,1046.01,529.188,0.5059,2,echonet_dynamic_no_long_axis_v1
0X729CD3050F8450DF,82,94,1355.106,721.929,0.5327,2,echonet_dynamic_no_long_axis_v1
0X72A32C36FF4B3157,91,105,937.374,572.422,0.6107,2,echonet_dynamic_no_long_axis_v1
0X72A626C96C71FCC,53,74,1160.157,666.214,0.5742,2,echonet_dynamic_no_long_axis_v1
0X72A8D28B7FB9F369,43,61,1389.986,596.9,0.4294,2,echonet_dynamic_no_long_axis_v1
0X72A9BD119B9C7C5E,76,95,953.766,524.718,0.5502,2,echonet_dynamic_no_long_axis_v1
0X72AC2AF862DED456,76,92,1458.542,807.526,0.5537,2,echonet_dynamic_no_long_axis_v1
0X72AFD8330D1A2378,36,47,1477.162,1332.854,0.9023,2,echonet_dynamic_no_long_axis_v1
0X72B134B9DB954CE0,42,66,2905.883,1299.263,0.4471,2,echonet_dynamic_no_long_axis_v1
0X72B2D4A1633D4D14,0,14,1964.447,1052.493,0.5358,2,echonet_dynamic_no_long_axis_v1
0X72B3B527971FE713,52,71,1709.771,972.58,0.5688,2,echonet_dynamic_no_long_axis_v1
0X72B520E2CC016AC4,134,152,2161.348,1147.434,0.5309,2,echonet_dynamic_no_long_axis_v1
0X72BA22CA9CD1AEDD,3,21,956.129,461.167,0.4823,2,echonet_dynamic_no_long_axis_v1
0X72BE557C5F55572B,50,68,900.371,537.829,0.5973,2,echonet_dynamic_no_long_axis_v1
0X72BF8A29F8CF0359,50,68,1437.975,699.428,0.4864,2,echonet_dynamic_no_long_axis_v1
0X72C39CB9185ABCB3,136,156,2661.381,1538.749,0.5782,2,echonet_dynamic_no_long_axis_v1
0X72C54782C645967A,46,63,1012.647,714.821,0.7059,2,echonet_dynamic_no_long_axis_v1
0X72CA19464A24E2B5,51,69,885.72,425.279,0.4802,2,echonet_dynamic_no_long_axis_v1
0X72CDA4DD9AD5C01E,119,137,1592.032,924.844,0.5809,2,echonet_dynamic_no_long_axis_v1
0X72D0449A54F721F,137,159,1711.72,1103.142,0.6445,2,echonet_dynamic_no_long_axis_v1
0X72D31B9B3CD67721,96,111,742.272,510.918,0.6883,2,echonet_dynamic_no_long_axis_v1
0X72D980B0EF1D8FA4,1,14,1336.497,882.634,0.6604,2,echonet_dynamic_no_long_axis_v1
0X72DB58A40280753B,51,68,1021.544,531.69,0.5205,2,echonet_dynamic_no_long_axis_v1
0X72E13FF47AEEAE04,1,18,1838.022,932.232,0.5072,2,echonet_dynamic_no_long_axis_v1
0X72E41E49681C6CEB,55,72,932.224,711.234,0.7629,2,echonet_dynamic_no_long_axis_v1
0X72E86E75402DEFAD,151,166,862.112,438.112,0.5082,2,echonet_dynamic_no_long_axis_v1
0X72F46FF82263E9BB,99,115,1693.404,850.212,0.5021,2,echonet_dynamic_no_long_axis_v1
0X72F90AFD1A6DC3F5,107,127,1725.278,1127.272,0.6534,2,echonet_dynamic_no_long_axis_v1
0X72FBB4E0E2561747,57,75,895.782,485.479,0.542,2,echonet_dynamic_no_long_axis_v1
0X72FBDAE8D9EF8D0E,65,79,1448.447,1353.937,0.9348,2,echonet_dynamic_no_long_axis_v1
0X7302018616588BE1,92,107,891.32,478.879,0.5373,2,echonet_dynamic_no_long_axis_v1
0X7302BA5E11336B0D,52,69,1399.666,744.432,0.5319,2,echonet_dynamic_no_long_axis_v1
0X730370D5459157D2,114,131,1062.008,567.932,0.5348,2,echonet_dynamic_no_long_axis_v1
0X7306CC1667084C19,64,76,1104.759,559.36,0.5063,2,echonet_dynamic_no_long_axis_v1
0X7307134A5F851D7B,30,47,1002.096,591.335,0.5901,2,echonet_dynamic_no_long_axis_v1
0X730D323F56D3D95B,4,21,1303.794,776.268,0.5954,2,echonet_dynamic_no_long_axis_v1
0X7310ACB3B6BDAEB0,126,148,1841.236,1030.526,0.5597,2,echonet_dynamic_no_long_axis_v1
0X7313C9F94735726B,80,96,1298.274,666.328,0.5132,2,echonet_dynamic_no_long_axis_v1
0X73157CDC07CC521A,51,70,1315.482,734.139,0.5581,2,echonet_dynamic_no_long_axis_v1
0X731BBCC68C30384D,71,84,1614.652,987.0,0.6113,2,echonet_dynamic_no_long_axis_v1
0X731CE25F892AF5,0,18,1284.173,621.121,0.4837,2,echonet_dynamic_no_long_axis_v1
0X7320E95D3BDA1C67,46,61,1661.356,846.62,0.5096,2,echonet_dynamic_no_long_axis_v1
0X73216341691AED3F,65,81,1249.482,721.612,0.5775,2,echonet_dynamic_no_long_axis_v1
0X7321C0F7FDA48773,58,78,1440.46,771.639,0.5357,2,echonet_dynamic_no_long_axis_v1
0X7323E0F1366BE491,49,69,1045.984,608.243,0.5815,2,echonet_dynamic_no_long_axis_v1
0X7327A7A5AD3EAF3A,40,57,2075.765,1578.205,0.7603,2,echonet_dynamic_no_long_axis_v1
0X7327AFFC293E3F3E,107,127,752.523,371.356,0.4935,2,echonet_dynamic_no_long_axis_v1
0X73283509266FA479,46,58,1048.169,837.393,0.7989,2,echonet_dynamic_no_long_axis_v1
0X7329DF92A352EC62,52,67,2055.775,1605.419,0.7809,2,echonet_dynamic_no_long_axis_v1
0X7334E8F890A16192,53,68,1477.34,785.808,0.5319,2,echonet_dynamic_no_long_axis_v1
0X7337462DDC2B8F16,68,88,1933.137,1107.956,0.5731,2,echonet_dynamic_no_long_axis_v1
0X733DE78E141F8487,63,79,1563.59,992.217,0.6346,2,echonet_dynamic_no_long_axis_v1
0X733FE55DDB6B588E,57,68,909.727,483.179,0.5311,2,echonet_dynamic_no_long_axis_v1
0X73402C06C929E8EF,161,183,2756.511,1994.493,0.7236,2,echonet_dynamic_no_long_axis_v1
0X734706E202C7BEBE,41,53,1114.19,559.293,0.502,2,echonet_dynamic_no_long_axis_v1
0X73496542C2F1F928,44,64,1150.972,641.874,0.5577,2,echonet_dynamic_no_long_axis_v1
0X7349742DCA7B38DF,93,112,1302.032,742.399,0.5702,2,echonet_dynamic_no_long_axis_v1
0X734CB51813AC8430,38,58,610.307,303.116,0.4967,2,echonet_dynamic_no_long_axis_v1
0X73501E4D51E5DF62,28,42,1134.254,645.133,0.5688,2,echonet_dynamic_no_long_axis_v1
0X735A2D72D186ABDF,34,50,945.293,565.814,0.5986,2,echonet_dynamic_no_long_axis_v1
0X735C86AD64E736BF,4,13,1149.477,650.739,0.5661,2,echonet_dynamic_no_long_axis_v1
0X735F0DB71E45133F,56,71,1090.613,614.151,0.5631,2,echonet_dynamic_no_long_axis_v1
0X735F588BB61D6CAA,51,69,1003.43,569.286,0.5673,2,echonet_dynamic_no_long_axis_v1
0X73612CEEAF383F2D,94,111,1777.904,929.217,0.5226,2,echonet_dynamic_no_long_axis_v1
0X7361844FD9363EEA,63,86,1811.236,1007.394,0.5562,2,echonet_dynamic_no_long_axis_v1
0X7363FE8BE097BA58,50,68,2152.225,1137.753,0.5286,2,echonet_dynamic_no_long_axis_v1
0X7364F152A024A66,47,63,1131.55,701.92,0.6203,2,echonet_dynamic_no_long_axis_v1
0X736D9AEB697FDDF0,64,82,1361.865,756.835,0.5557,2,echonet_dynamic_no_long_axis_v1
0X736E10551271694D,76,92,1158.72,595.482,0.5139,2,echonet_dynamic_no_long_axis_v1
0X736ED14581138752,3,23,1346.301,674.076,0.5007,2,echonet_dynamic_no_long_axis_v1
0X73707FBC492E69C7,98,114,1996.665,1207.552,0.6048,2,echonet_dynamic_no_long_axis_v1
0X7374FD2832640365,56,77,1234.857,647.252,0.5242,2,echonet_dynamic_no_long_axis_v1
0X7378F346BE3CD053,58,74,661.232,308.88,0.4671,2,echonet_dynamic_no_long_axis_v1
0X73793EDBF1409C1E,64,80,1575.832,946.585,0.6007,2,echonet_dynamic_no_long_axis_v1
0X7381676B84209CF0,0,17,1282.997,956.326,0.7454,2,echonet_dynamic_no_long_axis_v1
0X7384FCD4DDDF9740,164,178,1422.813,840.454,0.5907,2,echonet_dynamic_no_long_axis_v1
0X73887804901441E1,133,157,1797.022,1101.294,0.6128,2,echonet_dynamic_no_long_axis_v1
0X73897D7AE3BFB060,115,130,1208.937,652.406,0.5397,2,echonet_dynamic_no_long_axis_v1
0X7389E32FF1D284E,51,68,2553.803,2199.371,0.8612,2,echonet_dynamic_no_long_axis_v1
0X738BA7947C53A64C,44,64,2922.131,1725.396,0.5905,2,echonet_dynamic_no_long_axis_v1
0X7395A2178B8DD011,158,173,1402.777,818.116,0.5832,2,echonet_dynamic_no_long_axis_v1
0X73995C715F09779B,43,61,578.667,381.511,0.6593,2,echonet_dynamic_no_long_axis_v1
0X739DC030F18706BB,5,18,945.746,532.342,0.5629,2,echonet_dynamic_no_long_axis_v1
0X73A06B412F7611EA,3,19,1104.984,641.147,0.5802,2,echonet_dynamic_no_long_axis_v1
0X73A4D918B6CA3C90,45,60,1735.687,1008.171,0.5808,2,echonet_dynamic_no_long_axis_v1
0X73AD3070008C7EF9,41,57,1317.556,888.812,0.6746,2,echonet_dynamic_no_long_axis_v1
0X73AF0618B125251B,105,125,2123.806,1058.923,0.4986,2,echonet_dynamic_no_long_axis_v1
0X73B655A8FCF9F25B,55,71,1630.04,847.007,0.5196,2,echonet_dynamic_no_long_axis_v1
0X73B805054B52B4D0,59,74,1244.288,744.371,0.5982,2,echonet_dynamic_no_long_axis_v1
0X73B810568F40AFE4,44,57,2123.803,1057.522,0.4979,2,echonet_dynamic_no_long_axis_v1
0X73BAB1DA81605904,103,131,1675.481,916.04,0.5467,2,echonet_dynamic_no_long_axis_v1
0X73BDFA9C889E6149,112,132,1395.944,661.252,0.4737,2,echonet_dynamic_no_long_axis_v1
0X73BFDA4FB4F6235E,43,61,2168.761,1162.96,0.5362,2,echonet_dynamic_no_long_axis_v1
0X73C0839C4D54DBDB,47,66,2345.131,1176.89,0.5018,2,echonet_dynamic_no_long_axis_v1
0X73C0AD458889A9FD,60,71,1624.695,874.86,0.5385,2,echonet_dynamic_no_long_axis_v1
0X73C3FC7FB8A7BC9E,107,123,1975.515,1253.927,0.6347,2,echonet_dynamic_no_long_axis_v1
0X73CBCADA2191104C,0,17,1706.233,1151.759,0.675,2,echonet_dynamic_no_long_axis_v1
0X73CC4E768F5C61D5,2,26,1549.213,871.787,0.5627,2,echonet_dynamic_no_long_axis_v1
0X73CC9D0B1F28A704,100,119,2068.995,1030.669,0.4981,2,echonet_dynamic_no_long_axis_v1
0X73D0401BA6131E49,56,79,2205.926,1280.821,0.5806,2,echonet_dynamic_no_long_axis_v1
0X73D25D118343CC88,0,11,1529.46,748.492,0.4894,2,echonet_dynamic_no_long_axis_v1
0X73D38D822D999A40,46,71,937.78,475.333,0.5069,2,echonet_dynamic_no_long_axis_v1
0X73D50DE693F798E3,46,65,1605.466,935.174,0.5825,2,echonet_dynamic_no_long_axis_v1
0X73DD393CD2CBDE7D,107,127,1077.386,569.221,0.5283,2,echonet_dynamic_no_long_axis_v1
0X73E028B05C13AD4C,114,130,915.814,523.011,0.5711,2,echonet_dynamic_no_long_axis_v1
0X73E1750D79C18CE6,47,67,1522.389,987.344,0.6485,2,echonet_dynamic_no_long_axis_v1
0X73E20506F6BF4FD6,94,113,1143.542,583.783,0.5105,2,echonet_dynamic_no_long_axis_v1
0X73E3BB1E0A5DAADB,6,27,3514.337,1876.66,0.534,2,echonet_dynamic_no_long_axis_v1
0X73E49B1080094361,99,116,1653.507,1159.309,0.7011,2,echonet_dynamic_no_long_axis_v1
0X73E7E893FB817BED,40,62,1694.022,987.264,0.5828,2,echonet_dynamic_no_long_axis_v1
0X73E8465DDBF29918,142,158,1274.386,666.927,0.5233,2,echonet_dynamic_no_long_axis_v1
0X73E9825196EB26F9,3,16,1278.412,1103.381,0.8631,2,echonet_dynamic_no_long_axis_v1
0X73EA8274FC52080F,55,75,1240.196,626.108,0.5048,2,echonet_dynamic_no_long_axis_v1
0X73EB274CEED30582,43,59,1218.923,840.885,0.6899,2,echonet_dynamic_no_long_axis_v1
0X73F5C8B7C26ADF0D,46,61,1013.182,580.352,0.5728,2,echonet_dynamic_no_long_axis_v1
0X73F6DA33A9F3A272,46,67,892.53,472.799,0.5297,2,echonet_dynamic_no_long_axis_v1
0X73F79A58680979D6,48,63,1138.32,703.053,0.6176,2,echonet_dynamic_no_long_axis_v1
0X73F7C900EE5F7BDA,77,97,1369.856,751.244,0.5484,2,echonet_dynamic_no_long_axis_v1
0X7402E875B7F92C39,34,48,686.642,420.443,0.6123,2,echonet_dynamic_no_long_axis_v1
0X74084E3472EDBC5B,21,28,864.285,512.9,0.5934,2,echonet_dynamic_no_long_axis_v1
0X740B08561D0382B,42,58,1179.806,952.008,0.8069,2,echonet_dynamic_no_long_axis_v1
0X740C8D1BB435F52D,81,91,953.304,510.827,0.5358,2,echonet_dynamic_no_long_axis_v1
0X740C9FC96463133D,50,72,1585.603,781.113,0.4926,2,echonet_dynamic_no_long_axis_v1
0X740E3E79F3D8FD83,35,29,1380.416,1047.88,0.7591,2,echonet_dynamic_no_long_axis_v1
0X740F540B87B8AF3,83,99,1652.911,892.647,0.54,2,echonet_dynamic_no_long_axis_v1
0X7411B4F7A67BA8B5,40,53,2100.704,1212.766,0.5773,2,echonet_dynamic_no_long_axis_v1
0X7415C8B1BD8C89F0,22,38,1303.446,793.003,0.6084,2,echonet_dynamic_no_long_axis_v1
0X74179B492A2A5797,151,165,1091.107,551.181,0.5052,2,echonet_dynamic_no_long_axis_v1
0X741BD841B1FBA276,108,125,1388.851,978.311,0.7044,2,echonet_dynamic_no_long_axis_v1
0X741BECA9987E71FE,2,18,1314.568,678.642,0.5162,2,echonet_dynamic_no_long_axis_v1
0X74219E2082D4E07C,32,46,812.122,657.603,0.8097,2,echonet_dynamic_no_long_axis_v1
0X74223A9F6F471ABB,50,70,1437.135,1205.623,0.8389,2,echonet_dynamic_no_long_axis_v1
0X7428DD73E48A8B91,212,237,960.108,433.58,0.4516,2,echonet_dynamic_no_long_axis_v1
0X74370D9F34D1B158,3,20,1180.625,667.061,0.565,2,echonet_dynamic_no_long_axis_v1
0X743DC850101325BA,108,123,1070.978,589.134,0.5501,2,echonet_dynamic_no_long_axis_v1
0X743ED9E602F4C401,0,11,1781.021,882.018,0.4952,2,echonet_dynamic_no_long_axis_v1
0X7442C6F159E69F2C,52,72,1563.608,950.093,0.6076,2,echonet_dynamic_no_long_axis_v1
0X744318292E6F77CD,164,177,1236.146,627.267,0.5074,2,echonet_dynamic_no_long_axis_v1
0X744867670A05CAB6,40,54,861.034,444.355,0.5161,2,echonet_dynamic_no_long_axis_v1
0X744B061341172EE8,34,47,1027.408,514.266,0.5005,2,echonet_dynamic_no_long_axis_v1
0X744B44C9E0FAB522,51,68,2271.488,1166.297,0.5135,2,echonet_dynamic_no_long_axis_v1
0X744CE89425556B93,37,53,921.372,542.796,0.5891,2,echonet_dynamic_no_long_axis_v1
0X744E923850EFD4BA,34,50,2256.884,1997.517,0.8851,2,echonet_dynamic_no_long_axis_v1
0X74582CAF1FE19301,80,92,1106.888,742.378,0.6707,2,echonet_dynamic_no_long_axis_v1
0X74596DA2E143D6B6,43,55,1145.181,649.857,0.5675,2,echonet_dynamic_no_long_axis_v1
0X745E6D6BDDF80DCD,0,21,2282.097,1217.111,0.5333,2,echonet_dynamic_no_long_axis_v1
0X746492156F4D1DBA,39,59,1258.423,736.308,0.5851,2,echonet_dynamic_no_long_axis_v1
0X746834EDB4528A59,72,87,844.354,471.685,0.5586,2,echonet_dynamic_no_long_axis_v1
0X746AE949330474EF,130,150,2200.679,1722.707,0.7828,2,echonet_dynamic_no_long_axis_v1
0X746F499A43B6E4FF,51,67,1671.984,1224.001,0.7321,2,echonet_dynamic_no_long_axis_v1
0X74730225B5BBF275,50,70,1759.72,1022.583,0.5811,2,echonet_dynamic_no_long_axis_v1
0X7476874DC8F10D2A,81,105,1634.384,991.586,0.6067,2,echonet_dynamic_no_long_axis_v1
0X7479583EA6499D94,49,69,1375.316,766.876,0.5576,2,echonet_dynamic_no_long_axis_v1
0X747A2BD26A77088C,54,72,1247.079,720.986,0.5781,2,echonet_dynamic_no_long_axis_v1
0X7484EE46AD3659CC,36,55,1881.792,1144.921,0.6084,2,echonet_dynamic_no_long_axis_v1
0X748CE60009AB49AB,49,67,1235.93,682.506,0.5522,2,echonet_dynamic_no_long_axis_v1
0X748F2E7A97DCC6E5,66,80,1118.246,590.749,0.5283,2,echonet_dynamic_no_long_axis_v1
0X74900986127D0528,0,21,1798.451,1245.116,0.6923,2,echonet_dynamic_no_long_axis_v1
0X7495513F82B76105,69,82,1739.138,894.097,0.5141,2,echonet_dynamic_no_long_axis_v1
0X749761A9AF29C863,95,113,1066.854,615.9,0.5773,2,echonet_dynamic_no_long_axis_v1
0X7498BD710B94CF12,84,103,1363.063,800.662,0.5874,2,echonet_dynamic_no_long_axis_v1
0X74A2D8CA7E7F14E,70,84,1289.164,1013.808,0.7864,2,echonet_dynamic_no_long_axis_v1
0X74A50C8DEAF4CBA8,88,103,1826.613,1348.896,0.7385,2,echonet_dynamic_no_long_axis_v1
0X74A8521201588DDE,79,94,607.407,354.376,0.5834,2,echonet_dynamic_no_long_axis_v1
0X74A87351D519ABBB,32,43,2457.869,2297.443,0.9347,2,echonet_dynamic_no_long_axis_v1
0X74AE577182FB112A,60,79,1274.191,698.22,0.548,2,echonet_dynamic_no_long_axis_v1
0X74AF472F5C3E02A4,77,89,1583.495,888.699,0.5612,2,echonet_dynamic_no_long_axis_v1
0X74AFC03F1383C4A,48,64,1211.589,839.063,0.6925,2,echonet_dynamic_no_long_axis_v1
0X74B46A261E8088EA,66,78,2783.5,2383.326,0.8562,2,echonet_dynamic_no_long_axis_v1
0X74B4D8E3459FFF7C,71,90,1070.027,615.416,0.5751,2,echonet_dynamic_no_long_axis_v1
0X74B54899CC2CFB7B,139,156,1280.281,630.316,0.4923,2,echonet_dynamic_no_long_axis_v1
0X74B6576AF56AECD4,37,44,906.933,463.058,0.5106,2,echonet_dynamic_no_long_axis_v1
0X74B8D224405BA094,28,44,1738.395,932.215,0.5363,2,echonet_dynamic_no_long_axis_v1
0X74C3D288B3E288B9,65,77,1002.606,590.422,0.5889,2,echonet_dynamic_no_long_axis_v1
0X74C54B277B5B012A,71,83,2319.332,1259.165,0.5429,2,echonet_dynamic_no_long_axis_v1
0X74CC94D6336F349,108,123,750.726,383.186,0.5104,2,echonet_dynamic_no_long_axis_v1
0X74CE156E0D1988F0,1,21,1188.199,707.441,0.5954,2,echonet_dynamic_no_long_axis_v1
0X74CFDB0155A5F839,38,54,1615.836,945.287,0.585,2,echonet_dynamic_no_long_axis_v1
0X74D2AB50ABC3BC70,128,146,1527.598,834.707,0.5464,2,echonet_dynamic_no_long_axis_v1
0X74D4DD80DA8C2996,55,67,696.999,486.199,0.6976,2,echonet_dynamic_no_long_axis_v1
0X74D8C8C813E756D9,58,80,856.094,489.431,0.5717,2,echonet_dynamic_no_long_axis_v1
0X74DCA6B99E9BC121,47,64,1215.587,648.842,0.5338,2,echonet_dynamic_no_long_axis_v1
0X74E8C723FC9CE35A,156,178,965.133,574.705,0.5955,2,echonet_dynamic_no_long_axis_v1
0X74EBC28051D5C897,116,131,1224.744,1045.206,0.8534,2,echonet_dynamic_no_long_axis_v1
0X74EC1E2F247AFC9B,28,42,1223.773,905.398,0.7398,2,echonet_dynamic_no_long_axis_v1
0X74ECBD41FE00FDA9,44,57,1558.478,889.32,0.5706,2,echonet_dynamic_no_long_axis_v1
0X74EF11EA884BA69B,56,94,1023.277,647.295,0.6326,2,echonet_dynamic_no_long_axis_v1
0X74F1AB4BAE55B45C,0,16,1697.002,1108.089,0.653,2,echonet_dynamic_no_long_axis_v1
0X74FFBF42469E1942,61,83,1044.429,550.516,0.5271,2,echonet_dynamic_no_long_axis_v1
0X75031E71CC6DBD81,42,64,1276.525,954.578,0.7478,2,echonet_dynamic_no_long_axis_v1
0X7504D970F17544F7,134,153,1071.546,656.011,0.6122,2,echonet_dynamic_no_long_axis_v1
0X7506BF768DE74BD,87,101,1744.67,1473.039,0.8443,2,echonet_dynamic_no_long_axis_v1
0X751739EFA206F1FE,53,71,1665.482,1078.916,0.6478,2,echonet_dynamic_no_long_axis_v1
0X75184C621776F4CB,35,48,1372.415,810.502,0.5906,2,echonet_dynamic_no_long_axis_v1
0X751A4FB2CEA69C9C,104,121,1910.446,1447.316,0.7576,2,echonet_dynamic_no_long_axis_v1
0X7521A2DBEE71A1F2,101,120,1255.559,732.406,0.5833,2,echonet_dynamic_no_long_axis_v1
0X752317EDE8CCB915,40,58,1306.233,766.352,0.5867,2,echonet_dynamic_no_long_axis_v1
0X7524D9CE7C6BD3B,30,50,808.711,546.437,0.6757,2,echonet_dynamic_no_long_axis_v1
0X7524FCA7831EB79A,56,76,1088.462,709.805,0.6521,2,echonet_dynamic_no_long_axis_v1
0X7525596E8C33D4E0,154,170,1208.182,689.553,0.5707,2,echonet_dynamic_no_long_axis_v1
0X7525B9148C2CD0BD,5,21,1640.736,905.533,0.5519,2,echonet_dynamic_no_long_axis_v1
0X7528AEAEC3FBA097,79,95,2018.188,1124.903,0.5574,2,echonet_dynamic_no_long_axis_v1
0X7529294AFB270DA0,106,117,1720.26,965.726,0.5614,2,echonet_dynamic_no_long_axis_v1
0X7529FE87A088578B,4,16,1056.215,686.96,0.6504,2,echonet_dynamic_no_long_axis_v1
0X75302B43AECFF778,93,112,1557.169,620.0,0.3982,2,echonet_dynamic_no_long_axis_v1
0X75309BE6A3C65FC0,121,139,1545.89,874.899,0.566,2,echonet_dynamic_no_long_axis_v1
0X7532D043B2FE1A89,2,22,1879.425,1056.126,0.5619,2,echonet_dynamic_no_long_axis_v1
0X7532E58FAD68C533,0,19,2547.326,1292.963,0.5076,2,echonet_dynamic_no_long_axis_v1
0X7533B5CFDF97B569,45,63,2934.111,1479.122,0.5041,2,echonet_dynamic_no_long_axis_v1
0X753683596D61C023,41,58,1569.356,607.922,0.3874,2,echonet_dynamic_no_long_axis_v1
0X75378D82A1704679,103,121,1454.461,1212.39,0.8336,2,echonet_dynamic_no_long_axis_v1
0X753AA26EA352BBB,27,32,1240.184,948.324,0.7647,2,echonet_dynamic_no_long_axis_v1
0X753D4BE480775FE7,22,29,853.044,466.518,0.5469,2,echonet_dynamic_no_long_axis_v1
0X75407F342647CDB9,96,118,1430.887,941.267,0.6578,2,echonet_dynamic_no_long_axis_v1
0X7540B06840A33DBF,93,114,1236.893,822.703,0.6651,2,echonet_dynamic_no_long_axis_v1
0X7542FA5CAC850B43,60,75,1140.387,609.457,0.5344,2,echonet_dynamic_no_long_axis_v1
0X75472032BA3A263A,61,84,1971.202,1248.479,0.6334,2,echonet_dynamic_no_long_axis_v1
0X754AD474CF769955,46,67,1279.647,675.776,0.5281,2,echonet_dynamic_no_long_axis_v1
0X754B72455C00BFDF,73,85,1063.078,607.788,0.5717,2,echonet_dynamic_no_long_axis_v1
0X754BCC1F775CBF82,60,77,1384.929,777.184,0.5612,2,echonet_dynamic_no_long_axis_v1
0X75501B93842BA401,63,78,860.189,457.758,0.5322,2,echonet_dynamic_no_long_axis_v1
0X7552A3BA5FC6E4FE,40,50,882.594,625.337,0.7085,2,echonet_dynamic_no_long_axis_v1
0X75537A0F4CC9575A,0,18,1084.686,640.993,0.5909,2,echonet_dynamic_no_long_axis_v1
0X75572AB3B3B48345,47,65,570.648,368.804,0.6463,2,echonet_dynamic_no_long_axis_v1
0X75596F4699354CDA,43,62,2125.641,1433.051,0.6742,2,echonet_dynamic_no_long_axis_v1
0X755A90F50F4068A2,56,77,1240.53,686.945,0.5538,2,echonet_dynamic_no_long_axis_v1
0X755B138AF2588FEB,56,77,1085.873,517.222,0.4763,2,echonet_dynamic_no_long_axis_v1
0X7563D12CC3D333,55,71,2131.233,1224.301,0.5745,2,echonet_dynamic_no_long_axis_v1
0X7564081D4345D54E,52,69,1290.311,948.02,0.7347,2,echonet_dynamic_no_long_axis_v1
0X756A5DE88BADCAD5,48,57,1352.951,887.839,0.6562,2,echonet_dynamic_no_long_axis_v1
0X756DAD54E9785E32,57,73,1504.61,1047.271,0.696,2,echonet_dynamic_no_long_axis_v1
0X756FC51037837AB9,60,72,918.648,473.302,0.5152,2,echonet_dynamic_no_long_axis_v1
0X7571CEDC4D58BA99,49,70,1078.581,588.382,0.5455,2,echonet_dynamic_no_long_axis_v1
0X7573D0F166A745C2,33,55,1326.346,937.587,0.7069,2,echonet_dynamic_no_long_axis_v1
0X757B31FD347B7585,0,20,1110.871,628.604,0.5659,2,echonet_dynamic_no_long_axis_v1
0X757E1FD68EA38804,43,62,1350.443,783.919,0.5805,2,echonet_dynamic_no_long_axis_v1
0X7582300B0B9B7FE,56,76,1642.262,1045.346,0.6365,2,echonet_dynamic_no_long_axis_v1
0X7584A85D9038EE5,47,64,1089.784,548.841,0.5036,2,echonet_dynamic_no_long_axis_v1
0X758646B35B753982,86,104,2121.945,1116.275,0.5261,2,echonet_dynamic_no_long_axis_v1
0X758AD34A442E9B92,87,103,1601.615,997.664,0.6229,2,echonet_dynamic_no_long_axis_v1
0X758AD547400F166A,33,62,1538.459,846.74,0.5504,2,echonet_dynamic_no_long_axis_v1
0X758BAF4513916559,88,97,634.399,350.624,0.5527,2,echonet_dynamic_no_long_axis_v1
0X759190C681D52700,94,109,1279.396,725.87,0.5674,2,echonet_dynamic_no_long_axis_v1
0X7595258EBE9BF61E,84,101,1041.983,586.142,0.5625,2,echonet_dynamic_no_long_axis_v1
0X75980C92D587017B,2,16,1036.909,674.975,0.6509,2,echonet_dynamic_no_long_axis_v1
0X7599F574E8E51B1C,45,63,740.59,397.772,0.5371,2,echonet_dynamic_no_long_axis_v1
0X759B7B28B1086707,67,88,2195.098,1215.068,0.5535,2,echonet_dynamic_no_long_axis_v1
0X75ACFE19B069E805,96,115,697.83,346.821,0.497,2,echonet_dynamic_no_long_axis_v1
0X75AF130134AADF00,36,55,857.098,662.234,0.7726,2,echonet_dynamic_no_long_axis_v1
0X75B080DB873F09A8,107,120,1073.259,691.231,0.644,2,echonet_dynamic_no_long_axis_v1
0X75B1C628D4FBB8B0,53,72,1050.328,530.992,0.5055,2,echonet_dynamic_no_long_axis_v1
0X75B466DF0FE8BDF8,63,85,1221.112,895.821,0.7336,2,echonet_dynamic_no_long_axis_v1
0X75BA1623CCCF0652,3,18,2250.573,1599.489,0.7107,2,echonet_dynamic_no_long_axis_v1
0X75BB68F0ACD22690,64,79,1155.469,610.516,0.5284,2,echonet_dynamic_no_long_axis_v1
0X75BF25E961056A3C,42,69,1981.908,1049.805,0.5297,2,echonet_dynamic_no_long_axis_v1
0X75C3DEC78DC6B030,36,55,1443.398,1067.798,0.7398,2,echonet_dynamic_no_long_axis_v1
0X75C6B7A420E577F0,57,75,1291.712,641.975,0.497,2,echonet_dynamic_no_long_axis_v1
0X75CC279D832110B3,95,109,587.236,308.242,0.5249,2,echonet_dynamic_no_long_axis_v1
0X75CF68235B445C71,47,62,1444.773,793.201,0.549,2,echonet_dynamic_no_long_axis_v1
0X75DABBB27803889E,141,161,1148.415,797.978,0.6949,2,echonet_dynamic_no_long_axis_v1
0X75DF068323A1B75A,59,68,1169.599,747.732,0.6393,2,echonet_dynamic_no_long_axis_v1
0X75E662FDEB925647,37,51,1153.42,588.531,0.5102,2,echonet_dynamic_no_long_axis_v1
0X75E84FBEEEE69FD8,76,91,1511.962,843.436,0.5578,2,echonet_dynamic_no_long_axis_v1
0X75ECC6694B60D05A,27,41,1147.714,589.045,0.5132,2,echonet_dynamic_no_long_axis_v1
0X75ED030E56E85A27,59,42,982.567,955.868,0.9728,2,echonet_dynamic_no_long_axis_v1
0X75F02C30D9BD67BD,173,197,1913.898,1511.281,0.7896,2,echonet_dynamic_no_long_axis_v1
0X75F76AEBCE051CD1,80,95,1009.022,623.394,0.6178,2,echonet_dynamic_no_long_axis_v1
0X75FA18E3007970A6,41,58,1935.246,880.084,0.4548,2,echonet_dynamic_no_long_axis_v1
0X75FA93DC76BFB6A6,0,13,1203.211,731.233,0.6077,2,echonet_dynamic_no_long_axis_v1
0X75FCE4E4D09346E8,126,145,1371.736,1158.989,0.8449,2,echonet_dynamic_no_long_axis_v1
0X75FD0277B3649F4C,2,19,1439.877,769.405,0.5344,2,echonet_dynamic_no_long_axis_v1
0X7600AA9CA94BC926,81,98,1089.138,611.353,0.5613,2,echonet_dynamic_no_long_axis_v1
0X7602BD0B48EB9C41,136,153,1719.151,914.058,0.5317,2,echonet_dynamic_no_long_axis_v1
0X760D32805B54A4DB,45,62,2343.326,1110.72,0.474,2,echonet_dynamic_no_long_axis_v1
0X760F20180FF2AF05,57,73,1294.753,670.61,0.5179,2,echonet_dynamic_no_long_axis_v1
0X7611CD2E2F5D8D5A,60,72,967.957,487.37,0.5035,2,echonet_dynamic_no_long_axis_v1
0X7611E73E48694DD2,84,92,838.569,563.869,0.6724,2,echonet_dynamic_no_long_axis_v1
0X7614D7711A328048,53,69,1714.468,1045.19,0.6096,2,echonet_dynamic_no_long_axis_v1
0X76166F0E9F88A8EE,35,51,1291.981,701.851,0.5432,2,echonet_dynamic_no_long_axis_v1
0X761FEC566D4FA6B4,57,71,1397.048,793.748,0.5682,2,echonet_dynamic_no_long_axis_v1
0X7622FE00BC55FA93,63,76,534.7,310.626,0.5809,2,echonet_dynamic_no_long_axis_v1
0X76236768A07DC4A0,0,17,771.843,460.041,0.596,2,echonet_dynamic_no_long_axis_v1
0X7624B8F339B7F9E2,39,50,845.139,447.646,0.5297,2,echonet_dynamic_no_long_axis_v1
0X7626288997509ED8,110,137,1705.199,1315.064,0.7712,2,echonet_dynamic_no_long_axis_v1
0X76265CF61DC60700,2,12,1252.058,728.544,0.5819,2,echonet_dynamic_no_long_axis_v1
0X7628E85E157D1655,36,51,937.146,552.304,0.5893,2,echonet_dynamic_no_long_axis_v1
0X762A1DFE29A222B9,48,63,1763.094,980.776,0.5563,2,echonet_dynamic_no_long_axis_v1
0X762B2F82E180F891,120,131,718.77,363.268,0.5054,2,echonet_dynamic_no_long_axis_v1
0X762B3C5FFB4F6256,50,67,945.415,503.851,0.5329,2,echonet_dynamic_no_long_axis_v1
0X762F3649CC03CEB2,49,67,2000.261,1276.584,0.6382,2,echonet_dynamic_no_long_axis_v1
0X763034E9D22CB7E1,27,44,1064.856,659.347,0.6192,2,echonet_dynamic_no_long_axis_v1
0X7630DA7B2D3E6F27,139,158,1740.057,1411.757,0.8113,2,echonet_dynamic_no_long_axis_v1
0X7631EA1C1A8CC24E,33,47,994.463,694.37,0.6982,2,echonet_dynamic_no_long_axis_v1
0X7634C16A2566CB36,148,164,1685.711,973.146,0.5773,2,echonet_dynamic_no_long_axis_v1
0X7639DF523155EE5B,2,19,999.716,730.955,0.7312,2,echonet_dynamic_no_long_axis_v1
0X763E3FFF4DBBB792,137,154,2563.404,1466.282,0.572,2,echonet_dynamic_no_long_axis_v1
0X763F719D691570A5,54,69,946.572,498.496,0.5266,2,echonet_dynamic_no_long_axis_v1
0X7640521DAB3774CD,35,49,1253.665,634.711,0.5063,2,echonet_dynamic_no_long_axis_v1
0X76411FAE2DF2EEB5,52,68,1129.311,571.189,0.5058,2,echonet_dynamic_no_long_axis_v1
0X7641C94226741EBA,92,108,1451.375,838.717,0.5779,2,echonet_dynamic_no_long_axis_v1
0X76437B0245B6762,4,17,1706.511,1392.186,0.8158,2,echonet_dynamic_no_long_axis_v1
0X764C542E3E41E4D2,14,21,1847.985,1311.129,0.7095,2,echonet_dynamic_no_long_axis_v1
0X764F224CC78A22A3,42,55,714.001,382.796,0.5361,2,echonet_dynamic_no_long_axis_v1
0X765022B40B3129C0,115,136,1389.147,811.172,0.5839,2,echonet_dynamic_no_long_axis_v1
0X7650A9E7CE45FD9E,0,21,1111.515,587.228,0.5283,2,echonet_dynamic_no_long_axis_v1
0X76525CBFC30D569F,97,116,1589.151,979.344,0.6163,2,echonet_dynamic_no_long_axis_v1
0X7655EF3942795C54,112,120,1330.604,790.807,0.5943,2,echonet_dynamic_no_long_axis_v1
0X76571CA78B208B80,35,53,1117.138,590.948,0.529,2,echonet_dynamic_no_long_axis_v1
0X765D336F80D8DC9C,2,22,1274.905,791.73,0.621,2,echonet_dynamic_no_long_axis_v1
0X766164794562852B,84,97,1400.291,759.289,0.5422,2,echonet_dynamic_no_long_axis_v1
0X7663D4D92BDD0DF0,66,79,1143.893,653.191,0.571,2,echonet_dynamic_no_long_axis_v1
0X7666487BE51E1D94,63,79,1097.999,862.318,0.7854,2,echonet_dynamic_no_long_axis_v1
0X766B7B0ABDB07CD5,45,18,460.308,412.132,0.8953,2,echonet_dynamic_no_long_axis_v1
0X766FB03557B32F7,39,54,934.709,344.122,0.3682,2,echonet_dynamic_no_long_axis_v1
0X76736440F2A28290,96,107,1146.187,682.564,0.5955,2,echonet_dynamic_no_long_axis_v1
0X76747A1A799357B5,99,113,1465.871,770.755,0.5258,2,echonet_dynamic_no_long_axis_v1
0X76759C3F748F7642,3,15,815.375,444.818,0.5455,2,echonet_dynamic_no_long_axis_v1
0X7675A1B2694BA8E,75,90,1302.294,700.46,0.5379,2,echonet_dynamic_no_long_axis_v1
0X767947C7DECC2E0D,82,101,1566.205,813.144,0.5192,2,echonet_dynamic_no_long_axis_v1
0X767FB65F24445D49,79,90,1025.286,692.82,0.6757,2,echonet_dynamic_no_long_axis_v1
0X76833F5D02883757,74,89,954.867,614.518,0.6436,2,echonet_dynamic_no_long_axis_v1
0X768E85852A1CF053,31,44,926.81,517.799,0.5587,2,echonet_dynamic_no_long_axis_v1
0X7697FABB106CA020,86,102,1122.998,577.744,0.5145,2,echonet_dynamic_no_long_axis_v1
0X769C3D56C7272A2,34,49,1345.803,709.281,0.527,2,echonet_dynamic_no_long_axis_v1
0X769E071800CFC0FB,81,102,1113.025,545.129,0.4898,2,echonet_dynamic_no_long_axis_v1
0X769E51557A324219,51,67,1629.439,1085.569,0.6662,2,echonet_dynamic_no_long_axis_v1
0X769EDBD7BD855F6E,133,148,1013.989,572.656,0.5648,2,echonet_dynamic_no_long_axis_v1
0X76A2F23E5CC3AE8,38,20,1965.841,1087.551,0.5532,2,echonet_dynamic_no_long_axis_v1
0X76A43B263DED8D2A,29,48,938.787,549.159,0.585,2,echonet_dynamic_no_long_axis_v1
0X76A7219E8CDEDD94,29,46,1162.029,576.367,0.496,2,echonet_dynamic_no_long_axis_v1
0X76AA056D7D126764,55,72,939.491,485.273,0.5165,2,echonet_dynamic_no_long_axis_v1
0X76AC76456CE65507,48,67,1210.782,669.433,0.5529,2,echonet_dynamic_no_long_axis_v1
0X76ACECF4ADDE5FEC,61,72,1076.042,596.254,0.5541,2,echonet_dynamic_no_long_axis_v1
0X76AFD129D4D3F9B6,90,106,1363.556,624.104,0.4577,2,echonet_dynamic_no_long_axis_v1
0X76B3419501D921D5,111,130,2364.721,1285.085,0.5434,2,echonet_dynamic_no_long_axis_v1
0X76B58AFEBD29ED3A,89,106,1090.766,631.814,0.5792,2,echonet_dynamic_no_long_axis_v1
0X76BA1F5294F6CED2,44,66,977.186,710.77,0.7274,2,echonet_dynamic_no_long_axis_v1
0X76BACDAE432385EB,43,58,1164.068,663.423,0.5699,2,echonet_dynamic_no_long_axis_v1
0X76BDAF25BA25FB78,59,75,1188.965,640.926,0.5391,2,echonet_dynamic_no_long_axis_v1
0X76C419ACD0EB7F21,109,125,1984.565,1101.479,0.555,2,echonet_dynamic_no_long_axis_v1
0X76C545439F4D8755,40,55,2090.493,1379.062,0.6597,2,echonet_dynamic_no_long_axis_v1
0X76C68DF9EAD541B2,125,140,1238.441,720.737,0.582,2,echonet_dynamic_no_long_axis_v1
0X76C84AD83FFD8620,51,71,2142.381,1106.507,0.5165,2,echonet_dynamic_no_long_axis_v1
0X76CA8EF02677FD92,44,63,1532.506,777.437,0.5073,2,echonet_dynamic_no_long_axis_v1
0X76CB8866FF386D70,169,186,1494.677,726.561,0.4861,2,echonet_dynamic_no_long_axis_v1
0X76CD74B7A16F961C,44,61,1047.032,558.701,0.5336,2,echonet_dynamic_no_long_axis_v1
0X76CF3E993E9964A9,30,60,1746.436,1598.567,0.9153,2,echonet_dynamic_no_long_axis_v1
0X76CF9DD42F1E65F5,87,103,1265.161,714.515,0.5648,2,echonet_dynamic_no_long_axis_v1
0X76D00C87BFFEF9ED,34,48,1768.656,864.358,0.4887,2,echonet_dynamic_no_long_axis_v1
0X76D0455E4D842528,42,57,868.864,465.112,0.5353,2,echonet_dynamic_no_long_axis_v1
0X76D1CD83C813866F,56,74,956.769,519.677,0.5432,2,echonet_dynamic_no_long_axis_v1
0X76D4127252AEE59B,40,61,2590.502,1363.181,0.5262,2,echonet_dynamic_no_long_axis_v1
0X76D5689A73615919,60,72,722.103,369.31,0.5114,2,echonet_dynamic_no_long_axis_v1
0X76DC6D4505B83070,92,108,1405.479,747.964,0.5322,2,echonet_dynamic_no_long_axis_v1
0X76E11B10B82CED38,49,70,1395.669,782.291,0.5605,2,echonet_dynamic_no_long_axis_v1
0X76E3BEB91B015F9C,32,48,1088.292,606.386,0.5572,2,echonet_dynamic_no_long_axis_v1
0X76E4353961DF844D,160,180,1981.496,1453.419,0.7335,2,echonet_dynamic_no_long_axis_v1
0X76EB03C76DA83506,82,104,1294.352,701.365,0.5419,2,echonet_dynamic_no_long_axis_v1
0X76ECD9C77CBF74DF,87,105,1741.611,922.328,0.5296,2,echonet_dynamic_no_long_axis_v1
0X76F1860F9A3BA0D,51,69,2526.701,1587.649,0.6283,2,echonet_dynamic_no_long_axis_v1
0X76F22089D5778788,30,46,1573.926,920.725,0.585,2,echonet_dynamic_no_long_axis_v1
0X76F4E037E279AF66,104,122,1180.309,571.966,0.4846,2,echonet_dynamic_no_long_axis_v1
0X76F8E59118B237E4,94,110,1653.34,1103.003,0.6671,2,echonet_dynamic_no_long_axis_v1
0X76FCC20BE40D7420,52,72,1741.114,1054.21,0.6055,2,echonet_dynamic_no_long_axis_v1
0X76FD04F70E71C6B4,61,79,1123.05,612.421,0.5453,2,echonet_dynamic_no_long_axis_v1
0X76FE618100C74B17,224,242,1758.41,1133.514,0.6446,2,echonet_dynamic_no_long_axis_v1
0X76FFCEF160816C6D,2,21,1161.975,520.149,0.4476,2,echonet_dynamic_no_long_axis_v1
0X770217E8A046549,68,86,960.29,538.385,0.5606,2,echonet_dynamic_no_long_axis_v1
0X7708922833D36759,71,88,1143.549,638.122,0.558,2,echonet_dynamic_no_long_axis_v1
0X770BECBD81CA14F9,60,76,1397.23,1206.193,0.8633,2,echonet_dynamic_no_long_axis_v1
0X770D507C00A355B,99,109,1006.507,662.604,0.6583,2,echonet_dynamic_no_long_axis_v1
0X770DA83A3089A1CE,47,72,1442.524,773.35,0.5361,2,echonet_dynamic_no_long_axis_v1
0X770E5896DC4FD92B,138,151,1328.799,794.383,0.5978,2,echonet_dynamic_no_long_axis_v1
0X7710551E470BE80A,52,69,1161.884,620.888,0.5344,2,echonet_dynamic_no_long_axis_v1
0X771077249874A8C5,83,102,2509.643,1506.259,0.6002,2,echonet_dynamic_no_long_axis_v1
0X771268F9558AC1F1,119,131,1328.332,659.739,0.4967,2,echonet_dynamic_no_long_axis_v1
0X771366A13CB946B7,113,129,1333.005,709.295,0.5321,2,echonet_dynamic_no_long_axis_v1
0X7713736C58AE4285,112,136,1414.228,780.276,0.5517,2,echonet_dynamic_no_long_axis_v1
0X771C3F118CBF577A,84,104,1925.672,981.897,0.5099,2,echonet_dynamic_no_long_axis_v1
0X77205DA830ED3817,50,67,1097.718,573.647,0.5226,2,echonet_dynamic_no_long_axis_v1
0X7724D6B08D73B212,52,72,2319.825,1346.158,0.5803,2,echonet_dynamic_no_long_axis_v1
0X772970685B34F0F1,65,79,1269.675,736.859,0.5804,2,echonet_dynamic_no_long_axis_v1
0X772A0668FFB473C1,49,69,1682.952,629.177,0.3739,2,echonet_dynamic_no_long_axis_v1
0X772AB2EA261CD16A,188,207,1460.698,870.968,0.5963,2,echonet_dynamic_no_long_axis_v1
0X772BAD84F86F709D,51,67,1208.635,696.227,0.576,2,echonet_dynamic_no_long_axis_v1
0X772EC799B52E7C56,0,36,1529.869,896.113,0.5857,2,echonet_dynamic_no_long_axis_v1
0X77373A73E2BC8C9E,128,141,920.573,556.184,0.6042,2,echonet_dynamic_no_long_axis_v1
0X773AC247581BBBA1,59,77,1108.067,533.453,0.4814,2,echonet_dynamic_no_long_axis_v1
0X773AFFB19D6D921B,91,104,1013.673,517.883,0.5109,2,echonet_dynamic_no_long_axis_v1
0X773D4F3643F9BF5F,73,93,1869.025,1153.192,0.617,2,echonet_dynamic_no_long_axis_v1
0X77435187285FD096,87,99,1458.88,807.612,0.5536,2,echonet_dynamic_no_long_axis_v1
0X77458937194C1E72,57,72,1650.345,832.265,0.5043,2,echonet_dynamic_no_long_axis_v1
0X77512D8618DD734C,60,77,1643.897,976.894,0.5943,2,echonet_dynamic_no_long_axis_v1
0X775319C257A48042,95,117,2265.528,1589.762,0.7017,2,echonet_dynamic_no_long_axis_v1
0X775716B41199062E,62,84,803.398,460.76,0.5735,2,echonet_dynamic_no_long_axis_v1
0X7758757FDD3AA0D4,2,21,2184.334,1357.793,0.6216,2,echonet_dynamic_no_long_axis_v1
0X7759E238B242AFBC,84,103,1746.739,958.619,0.5488,2,echonet_dynamic_no_long_axis_v1
0X775A2380C732189,121,141,1121.667,586.116,0.5225,2,echonet_dynamic_no_long_axis_v1
0X775A9E14ECEB2A11,54,72,1535.632,897.921,0.5847,2,echonet_dynamic_no_long_axis_v1
0X775B4EA7420EEECA,33,51,1075.283,606.106,0.5637,2,echonet_dynamic_no_long_axis_v1
0X775EBA7C578E03AD,75,91,1707.085,1357.352,0.7951,2,echonet_dynamic_no_long_axis_v1
0X775F0DCC5003FFB,33,49,1130.824,596.891,0.5278,2,echonet_dynamic_no_long_axis_v1
0X776060BC74A34C5F,44,60,863.653,746.729,0.8646,2,echonet_dynamic_no_long_axis_v1
0X77609B23026AAFAA,50,73,1248.494,655.513,0.525,2,echonet_dynamic_no_long_axis_v1
0X776400751536FD2E,57,72,2292.323,1158.583,0.5054,2,echonet_dynamic_no_long_axis_v1
0X77666FD212028DA8,38,53,1305.423,716.555,0.5489,2,echonet_dynamic_no_long_axis_v1
0X77673F84D3540E92,66,81,986.221,493.464,0.5004,2,echonet_dynamic_no_long_axis_v1
0X777110E46D3D382,47,65,1175.489,527.247,0.4485,2,echonet_dynamic_no_long_axis_v1
0X77714EEC1C79CC7F,0,19,1208.914,644.703,0.5333,2,echonet_dynamic_no_long_axis_v1
0X7771F923B288DDB7,53,75,1904.512,1146.625,0.6021,2,echonet_dynamic_no_long_axis_v1
0X7775D4576C04313E,42,57,1599.019,945.328,0.5912,2,echonet_dynamic_no_long_axis_v1
0X77762963F999DEE3,97,122,991.186,735.794,0.7423,2,echonet_dynamic_no_long_axis_v1
0X777692B30E35465A,87,112,1041.055,663.733,0.6376,2,echonet_dynamic_no_long_axis_v1
0X777EA631128ED080,103,116,1091.421,589.393,0.54,2,echonet_dynamic_no_long_axis_v1
0X778935C329CC1789,103,116,1307.184,905.97,0.6931,2,echonet_dynamic_no_long_axis_v1
0X778CB82CED72873C,51,71,1726.855,899.295,0.5208,2,echonet_dynamic_no_long_axis_v1
0X778CFD575FF2145E,56,73,896.726,474.292,0.5289,2,echonet_dynamic_no_long_axis_v1
0X778D8A645214CBB0,69,105,1307.654,758.204,0.5798,2,echonet_dynamic_no_long_axis_v1
0X7790F4DB18852455,100,116,1777.834,1046.236,0.5885,2,echonet_dynamic_no_long_axis_v1
0X7795868D5A8D56AC,128,144,2656.935,2036.834,0.7666,2,echonet_dynamic_no_long_axis_v1
0X779A65D152E67F94,123,143,1036.033,616.117,0.5947,2,echonet_dynamic_no_long_axis_v1
0X779B9DB887C3B8C6,43,60,1725.97,1014.378,0.5877,2,echonet_dynamic_no_long_axis_v1
0X779C1D2EE532F2FA,49,67,1179.4,688.79,0.584,2,echonet_dynamic_no_long_axis_v1
0X779CF7E0C461311,1,15,743.51,445.204,0.5988,2,echonet_dynamic_no_long_axis_v1
0X77A2E6579D61CCC5,31,45,1970.642,1260.934,0.6399,2,echonet_dynamic_no_long_axis_v1
0X77A68EB0325B1DFC,33,46,1136.172,719.167,0.633,2,echonet_dynamic_no_long_axis_v1
0X77A6AF7AADDA5798,55,75,1422.039,899.358,0.6324,2,echonet_dynamic_no_long_axis_v1
0X77A6EEED554F8360,45,64,1412.205,747.753,0.5295,2,echonet_dynamic_no_long_axis_v1
0X77AFF38EB600E72A,82,97,1482.664,863.964,0.5827,2,echonet_dynamic_no_long_axis_v1
0X77B0F03C4F1E0315,51,68,1126.499,636.071,0.5646,2,echonet_dynamic_no_long_axis_v1
0X77B19349F044C8FF,65,81,1889.821,1272.31,0.6732,2,echonet_dynamic_no_long_axis_v1
0X77B1CC9BB9CAF732,34,50,911.677,602.57,0.6609,2,echonet_dynamic_no_long_axis_v1
0X77B797A13F96E759,38,54,1802.48,1570.257,0.8712,2,echonet_dynamic_no_long_axis_v1
0X77B8C03F736ABA4C,43,62,1063.517,651.886,0.613,2,echonet_dynamic_no_long_axis_v1
0X77C3278832702B6,64,79,1088.055,600.355,0.5518,2,echonet_dynamic_no_long_axis_v1
0X77C42751F7BDB257,119,133,1226.266,623.814,0.5087,2,echonet_dynamic_no_long_axis_v1
0X77C5776C24812C92,31,48,1264.477,1145.378,0.9058,2,echonet_dynamic_no_long_axis_v1
0X77C6792EE63777FD,82,98,871.241,474.956,0.5451,2,echonet_dynamic_no_long_axis_v1
0X77CC33D53A20A219,40,57,1202.106,672.817,0.5597,2,echonet_dynamic_no_long_axis_v1
0X77CF3CC14C7190A9,37,51,860.825,548.596,0.6373,2,echonet_dynamic_no_long_axis_v1
0X77D07E4FBCC59B0D,50,69,890.861,468.04,0.5254,2,echonet_dynamic_no_long_axis_v1
0X77D12C545D5C9ACD,49,65,1397.243,1163.378,0.8326,2,echonet_dynamic_no_long_axis_v1
0X77D53936A055CA6,65,87,2624.388,1270.809,0.4842,2,echonet_dynamic_no_long_axis_v1
0X77D9BAB1ED5B5837,81,101,1903.927,1171.701,0.6154,2,echonet_dynamic_no_long_axis_v1
0X77DA468737612781,0,15,1004.392,511.31,0.5091,2,echonet_dynamic_no_long_axis_v1
0X77DFC0A0B3DA48DD,60,87,1315.469,839.476,0.6382,2,echonet_dynamic_no_long_axis_v1
0X77E1E067C24C6E82,60,73,1506.667,892.001,0.592,2,echonet_dynamic_no_long_axis_v1
0X77E79D44922605D6,46,62,1389.557,793.34,0.5709,2,echonet_dynamic_no_long_axis_v1
0X77EE3CD923A3952A,56,66,2324.87,1480.692,0.6369,2,echonet_dynamic_no_long_axis_v1
0X77EE9E3399043D40,53,71,1306.635,697.792,0.534,2,echonet_dynamic_no_long_axis_v1
0X77EF9056FBABD0D6,113,130,1485.417,1118.693,0.7531,2,echonet_dynamic_no_long_axis_v1
0X77F114E014535570,49,66,1994.526,1041.664,0.5223,2,echonet_dynamic_no_long_axis_v1
0X77F14DF18E757A6A,95,111,1997.321,922.477,0.4619,2,echonet_dynamic_no_long_axis_v1
0X77F50BC6874F0950,78,92,1479.296,937.718,0.6339,2,echonet_dynamic_no_long_axis_v1
0X77F76DB5C3A42E76,113,126,1991.504,1771.305,0.8894,2,echonet_dynamic_no_long_axis_v1
0X77F8C9F85AF592BF,100,117,1624.645,841.472,0.5179,2,echonet_dynamic_no_long_axis_v1
0X77FC68F7D0062C8A,117,131,1352.276,862.345,0.6377,2,echonet_dynamic_no_long_axis_v1
0X77FDD36CF78C6B3E,0,18,848.791,452.429,0.533,2,echonet_dynamic_no_long_axis_v1
0X77FE84AC7ED08242,72,82,945.159,533.759,0.5647,2,echonet_dynamic_no_long_axis_v1
0X7801FF9E1465E078,94,114,1835.005,1278.198,0.6966,2,echonet_dynamic_no_long_axis_v1
0X7804E51BBB763327,89,105,1658.069,792.327,0.4779,2,echonet_dynamic_no_long_axis_v1
0X7807A42169BABF20,93,109,1253.301,697.953,0.5569,2,echonet_dynamic_no_long_axis_v1
0X7809B942D62CFBB5,54,72,1321.285,757.968,0.5737,2,echonet_dynamic_no_long_axis_v1
0X780AD0B949EEDBA0,53,71,741.188,471.293,0.6359,2,echonet_dynamic_no_long_axis_v1
0X780CE7F5E87A038,1,15,969.813,539.454,0.5562,2,echonet_dynamic_no_long_axis_v1
0X780D5E4FEC1EC3B2,126,147,1311.338,689.86,0.5261,2,echonet_dynamic_no_long_axis_v1
0X781152F1005A1522,131,107,1310.293,725.87,0.554,2,echonet_dynamic_no_long_axis_v1
0X78118555A5C07E29,36,52,1384.746,774.003,0.5589,2,echonet_dynamic_no_long_axis_v1
0X7817540F1219A27C,2,17,1368.577,784.046,0.5729,2,echonet_dynamic_no_long_axis_v1
0X781C2C22B0A7C2E3,3,16,1198.397,829.736,0.6924,2,echonet_dynamic_no_long_axis_v1
0X781D97826A1BF672,76,90,2114.348,1181.189,0.5587,2,echonet_dynamic_no_long_axis_v1
0X781FFD3CCFF0CA8E,108,126,1127.397,699.533,0.6205,2,echonet_dynamic_no_long_axis_v1
0X78284C66D3F96F3,0,16,844.634,470.526,0.5571,2,echonet_dynamic_no_long_axis_v1
0X782AA3BADF83BB72,68,85,2703.365,2474.063,0.9152,2,echonet_dynamic_no_long_axis_v1
0X7833AEF73CFD8BD5,107,124,1377.348,701.457,0.5093,2,echonet_dynamic_no_long_axis_v1
0X783756A8026DBC56,58,72,1999.081,1346.235,0.6734,2,echonet_dynamic_no_long_axis_v1
0X78434E61DCE25DC8,117,127,850.567,557.853,0.6559,2,echonet_dynamic_no_long_axis_v1
0X7843FB4B296F52B6,102,117,1355.836,898.112,0.6624,2,echonet_dynamic_no_long_axis_v1
0X7846A393403DCE9A,128,144,703.008,399.227,0.5679,2,echonet_dynamic_no_long_axis_v1
0X7849B8B5FE76FE05,48,63,780.785,369.246,0.4729,2,echonet_dynamic_no_long_axis_v1
0X7849D7A045150574,103,124,1095.939,551.104,0.5029,2,echonet_dynamic_no_long_axis_v1
0X784E5B7183AC020E,4,21,1364.138,777.563,0.57,2,echonet_dynamic_no_long_axis_v1
0X7850CA363820BC1C,86,105,1250.203,619.38,0.4954,2,echonet_dynamic_no_long_axis_v1
0X7855B4CFD2774B4A,88,102,1586.068,1091.856,0.6884,2,echonet_dynamic_no_long_axis_v1
0X7858426972D973B3,103,120,2233.952,1389.282,0.6219,2,echonet_dynamic_no_long_axis_v1
0X78586838FB284ED2,185,162,1868.786,1394.287,0.7461,2,echonet_dynamic_no_long_axis_v1
0X78591777FB7F524B,81,92,1343.394,713.747,0.5313,2,echonet_dynamic_no_long_axis_v1
0X7859D0AF85077667,55,72,858.985,431.443,0.5023,2,echonet_dynamic_no_long_axis_v1
0X785B0B7BAD1E6DF0,59,77,1119.16,634.032,0.5665,2,echonet_dynamic_no_long_axis_v1
0X785B6EB4524C1CD3,32,46,1769.641,891.034,0.5035,2,echonet_dynamic_no_long_axis_v1
0X785B8C83B95EA6C4,2,23,1501.343,914.264,0.609,2,echonet_dynamic_no_long_axis_v1
0X78603C5A9F6ADF4E,44,62,2120.815,1595.108,0.7521,2,echonet_dynamic_no_long_axis_v1
0X786686A9B8DE6547,70,84,627.049,318.622,0.5081,2,echonet_dynamic_no_long_axis_v1
0X786F77982DF76767,89,97,726.731,417.008,0.5738,2,echonet_dynamic_no_long_axis_v1
0X786F954EC983199B,52,70,1020.984,551.123,0.5398,2,echonet_dynamic_no_long_axis_v1
0X7871A13A25E72847,84,101,1843.956,1136.881,0.6165,2,echonet_dynamic_no_long_axis_v1
0X7872F013CA424271,84,113,950.347,544.998,0.5735,2,echonet_dynamic_no_long_axis_v1
0X787792F77911F6F,50,70,1899.878,1720.853,0.9058,2,echonet_dynamic_no_long_axis_v1
0X787E4FC76615DF81,70,79,830.25,478.465,0.5763,2,echonet_dynamic_no_long_axis_v1
0X7889C9C82EAA329B,40,48,1105.632,612.025,0.5536,2,echonet_dynamic_no_long_axis_v1
0X788B2560A356EFFD,118,132,2280.184,1396.774,0.6126,2,echonet_dynamic_no_long_axis_v1
0X788C21FC83ECEA3,130,148,1915.65,1185.589,0.6189,2,echonet_dynamic_no_long_axis_v1
0X788E36C66B235B5,53,69,826.022,467.534,0.566,2,echonet_dynamic_no_long_axis_v1
0X7891B8459BC3756F,77,92,1224.546,636.809,0.52,2,echonet_dynamic_no_long_axis_v1
0X78926CFAF2EA0A0,3,20,1526.993,823.162,0.5391,2,echonet_dynamic_no_long_axis_v1
0X78980D66F6E94B79,100,118,1253.236,682.515,0.5446,2,echonet_dynamic_no_long_axis_v1
0X78981EA114F87C17,105,126,2007.292,1113.173,0.5546,2,echonet_dynamic_no_long_axis_v1
0X789C6979A03B622B,66,81,1497.658,859.419,0.5738,2,echonet_dynamic_no_long_axis_v1
0X789F3DB99F9D56CE,57,74,1195.251,659.814,0.552,2,echonet_dynamic_no_long_axis_v1
0X78A2ADFE42F241BD,58,79,829.945,443.452,0.5343,2,echonet_dynamic_no_long_axis_v1
0X78A317925103BFA3,79,91,1033.997,582.399,0.5633,2,echonet_dynamic_no_long_axis_v1
0X78A41CFB09841F00,5,24,1537.452,916.043,0.5958,2,echonet_dynamic_no_long_axis_v1
0X78A6383CDA0DFA47,81,100,819.877,480.927,0.5866,2,echonet_dynamic_no_long_axis_v1
0X78A712A3ED524435,34,48,2571.493,1160.531,0.4513,2,echonet_dynamic_no_long_axis_v1
0X78A88D003F122C35,35,52,1210.272,730.74,0.6038,2,echonet_dynamic_no_long_axis_v1
0X78AB39630A7770BC,2,20,1312.049,780.706,0.595,2,echonet_dynamic_no_long_axis_v1
0X78AC53487A0B4174,178,195,1495.83,888.176,0.5938,2,echonet_dynamic_no_long_axis_v1
0X78B1A9C5DBBE470C,51,66,883.953,415.898,0.4705,2,echonet_dynamic_no_long_axis_v1
0X78BAA3A2FD0AE7F1,34,50,1407.491,862.855,0.613,2,echonet_dynamic_no_long_axis_v1
0X78C330A341555880,41,56,882.462,443.463,0.5025,2,echonet_dynamic_no_long_axis_v1
0X78C6315BF03ABDA0,37,52,720.467,635.891,0.8826,2,echonet_dynamic_no_long_axis_v1
0X78C8E91921348D87,65,79,1243.149,669.793,0.5388,2,echonet_dynamic_no_long_axis_v1
0X78CDE711CB9223A5,118,135,1625.907,921.342,0.5667,2,echonet_dynamic_no_long_axis_v1
0X78D655F26D43004C,58,74,1074.316,533.956,0.497,2,echonet_dynamic_no_long_axis_v1
0X78D7E9160D4678EA,58,74,815.497,427.066,0.5237,2,echonet_dynamic_no_long_axis_v1
0X78DC5645033F242A,158,176,1440.238,1019.363,0.7078,2,echonet_dynamic_no_long_axis_v1
0X78ED1868FE9D92E,139,173,2987.466,2314.939,0.7749,2,echonet_dynamic_no_long_axis_v1
0X78EF8C888EA44499,82,103,2166.962,1323.682,0.6108,2,echonet_dynamic_no_long_axis_v1
0X78F080F8C0B17CAC,105,127,1402.472,924.761,0.6594,2,echonet_dynamic_no_long_axis_v1
0X78F0A016752E04BC,56,69,612.609,306.774,0.5008,2,echonet_dynamic_no_long_axis_v1
0X78FAF371B4DBE44E,100,119,2041.195,1252.836,0.6138,2,echonet_dynamic_no_long_axis_v1
0X78FC560A2C3016C8,158,172,854.723,436.316,0.5105,2,echonet_dynamic_no_long_axis_v1
0X790031A481B03F12,86,93,910.426,492.571,0.541,2,echonet_dynamic_no_long_axis_v1
0X7904206A590AD5FF,118,133,935.907,462.684,0.4944,2,echonet_dynamic_no_long_axis_v1
0X7904526507C77812,130,146,2000.333,1129.838,0.5648,2,echonet_dynamic_no_long_axis_v1
0X790508AEB126988F,28,48,1094.967,807.799,0.7377,2,echonet_dynamic_no_long_axis_v1
0X7906AC315D6DF35C,67,84,742.545,404.205,0.5444,2,echonet_dynamic_no_long_axis_v1
0X790A3B476F1281A1,34,45,1957.744,1591.489,0.8129,2,echonet_dynamic_no_long_axis_v1
0X790C79124FE1C985,140,157,1107.809,640.19,0.5779,2,echonet_dynamic_no_long_axis_v1
0X790C871B162806D2,0,18,1151.152,697.754,0.6061,2,echonet_dynamic_no_long_axis_v1
0X790DD9CAD22463CA,29,40,864.581,604.459,0.6991,2,echonet_dynamic_no_long_axis_v1
0X790F741C3212659B,44,61,1009.729,559.785,0.5544,2,echonet_dynamic_no_long_axis_v1
0X79116483627C83FB,38,55,2528.035,1973.027,0.7805,2,echonet_dynamic_no_long_axis_v1
0X79137B32737A8141,60,78,1012.026,542.625,0.5362,2,echonet_dynamic_no_long_axis_v1
0X7915D945D952B139,87,101,1604.385,900.651,0.5614,2,echonet_dynamic_no_long_axis_v1
0X7917B2BCFC48DE01,68,89,1498.443,756.661,0.505,2,echonet_dynamic_no_long_axis_v1
0X7921E34728F85917,37,56,1833.034,994.417,0.5425,2,echonet_dynamic_no_long_axis_v1
0X7923B6B4614AF456,4,18,1339.634,899.734,0.6716,2,echonet_dynamic_no_long_axis_v1
0X7923DC7612E3B47,37,52,781.051,360.864,0.462,2,echonet_dynamic_no_long_axis_v1
0X7925C344B4A5872F,56,22,1998.636,992.499,0.4966,2,echonet_dynamic_no_long_axis_v1
0X7928A2EE4CEF22F6,58,76,1383.314,1041.327,0.7528,2,echonet_dynamic_no_long_axis_v1
0X792BB639F04589BF,2,25,2225.458,1377.429,0.6189,2,echonet_dynamic_no_long_axis_v1
0X792F6CC3B5F51F92,31,44,823.161,424.439,0.5156,2,echonet_dynamic_no_long_axis_v1
0X792FD48B11CB327F,113,128,969.251,545.298,0.5626,2,echonet_dynamic_no_long_axis_v1
0X7933EC90C09036BB,77,91,1467.917,907.744,0.6184,2,echonet_dynamic_no_long_axis_v1
0X7934C29136B9E43E,35,53,1274.962,1039.289,0.8152,2,echonet_dynamic_no_long_axis_v1
0X793578146859F2C9,74,94,1277.223,680.22,0.5326,2,echonet_dynamic_no_long_axis_v1
0X793831EF15DE432A,70,83,1331.893,790.109,0.5932,2,echonet_dynamic_no_long_axis_v1
0X7943AD7E68A9860E,50,73,1070.641,627.937,0.5865,2,echonet_dynamic_no_long_axis_v1
0X794FD97F585E5500,56,69,935.569,525.306,0.5615,2,echonet_dynamic_no_long_axis_v1
0X794FDC47120BED40,36,49,959.349,589.675,0.6147,2,echonet_dynamic_no_long_axis_v1
0X795D88887DD0C961,61,78,2378.227,1317.159,0.5538,2,echonet_dynamic_no_long_axis_v1
0X79604A39051DBA4E,92,114,1419.872,752.506,0.53,2,echonet_dynamic_no_long_axis_v1
0X7961335E2F13823A,80,94,1668.12,832.803,0.4992,2,echonet_dynamic_no_long_axis_v1
0X79669F8008E1EB9B,79,90,3161.175,2902.941,0.9183,2,echonet_dynamic_no_long_axis_v1
0X7968FBFB3A8B73D4,48,69,2079.08,1313.611,0.6318,2,echonet_dynamic_no_long_axis_v1
0X796D96C289660E32,86,98,1051.461,494.658,0.4704,2,echonet_dynamic_no_long_axis_v1
0X796FE72A47DAC27A,0,17,1278.221,618.066,0.4835,2,echonet_dynamic_no_long_axis_v1
0X797680E4E4D3A9EC,83,101,2839.809,1790.081,0.6304,2,echonet_dynamic_no_long_axis_v1
0X797CA10A7CDE384B,60,80,1064.165,448.527,0.4215,2,echonet_dynamic_no_long_axis_v1
0X7981CC0C94FC7EFC,50,65,1621.775,1132.042,0.698,2,echonet_dynamic_no_long_axis_v1
0X7985E3E4BA6F1EEA,60,86,1041.485,526.474,0.5055,2,echonet_dynamic_no_long_axis_v1
0X798EA367FD9FD1EA,103,75,1161.437,591.924,0.5096,2,echonet_dynamic_no_long_axis_v1
0X7991910507FF074F,102,120,1404.448,715.586,0.5095,2,echonet_dynamic_no_long_axis_v1
0X79921FA17BDD6678,43,58,1421.495,851.925,0.5993,2,echonet_dynamic_no_long_axis_v1
0X79921FB7E516EE1F,94,112,909.056,492.367,0.5416,2,echonet_dynamic_no_long_axis_v1
0X799797D05A6A8328,80,93,1186.617,760.378,0.6408,2,echonet_dynamic_no_long_axis_v1
0X799A232B2818C3BB,104,119,1829.115,1269.21,0.6939,2,echonet_dynamic_no_long_axis_v1
0X799F64CF2E4B98EB,55,78,1003.248,603.488,0.6015,2,echonet_dynamic_no_long_axis_v1
0X79A37CEF1E1797D9,44,57,1755.249,850.778,0.4847,2,echonet_dynamic_no_long_axis_v1
0X79AD01697FA403C6,45,61,1217.409,667.344,0.5482,2,echonet_dynamic_no_long_axis_v1
0X79B116E3D0B6B1E2,107,125,914.853,536.617,0.5866,2,echonet_dynamic_no_long_axis_v1
0X79B3467FF294267F,0,19,2121.787,1272.837,0.5999,2,echonet_dynamic_no_long_axis_v1
0X79B8C7CC275750D0,122,137,1021.434,558.208,0.5465,2,echonet_dynamic_no_long_axis_v1
0X79BFA0749EA72B51,59,84,1492.623,875.676,0.5867,2,echonet_dynamic_no_long_axis_v1
0X79C4711A7BF18DD9,100,118,1115.814,594.415,0.5327,2,echonet_dynamic_no_long_axis_v1
0X79C5E146E59872EA,47,62,1379.906,675.53,0.4895,2,echonet_dynamic_no_long_axis_v1
0X79CBB5F0922D0FDC,102,121,857.537,446.606,0.5208,2,echonet_dynamic_no_long_axis_v1
0X79CCAED9E51AB16,93,119,1381.899,719.75,0.5208,2,echonet_dynamic_no_long_axis_v1
0X79CDCC08F41F94D8,37,51,1636.178,780.568,0.4771,2,echonet_dynamic_no_long_axis_v1
0X79D202AB0932C8A8,46,61,1321.779,728.792,0.5514,2,echonet_dynamic_no_long_axis_v1
0X79D21EF8F7119A68,44,63,1320.296,1033.185,0.7825,2,echonet_dynamic_no_long_axis_v1
0X79D327865853B75E,67,84,1978.779,1101.996,0.5569,2,echonet_dynamic_no_long_axis_v1
0X79D4284DDF83A529,2,19,1044.286,554.367,0.5309,2,echonet_dynamic_no_long_axis_v1
0X79DB58E266AEB979,50,59,1499.693,1176.616,0.7846,2,echonet_dynamic_no_long_axis_v1
0X79DC993B122D6A82,82,93,2242.983,1141.121,0.5088,2,echonet_dynamic_no_long_axis_v1
0X79DD4F3B7A13EEA2,63,79,1114.448,1055.978,0.9475,2,echonet_dynamic_no_long_axis_v1
0X79DFA3F8C5BD03E1,49,65,1325.624,1169.408,0.8822,2,echonet_dynamic_no_long_axis_v1
0X79DFCFF4867CB797,78,100,995.353,669.496,0.6726,2,echonet_dynamic_no_long_axis_v1
0X79E1574A83CD787C,97,118,720.802,401.198,0.5566,2,echonet_dynamic_no_long_axis_v1
0X79E1F33063F55D0,90,107,2080.689,1352.996,0.6503,2,echonet_dynamic_no_long_axis_v1
0X79E246BD39A8835E,86,104,1143.489,586.351,0.5128,2,echonet_dynamic_no_long_axis_v1
0X79E2DE8393F31357,24,41,1124.209,866.048,0.7704,2,echonet_dynamic_no_long_axis_v1
0X79E5E594E59FA593,96,114,1070.001,596.416,0.5574,2,echonet_dynamic_no_long_axis_v1
0X79E5EFBA02DBE63D,43,60,1052.5,601.498,0.5715,2,echonet_dynamic_no_long_axis_v1
0X79E6261DF5CE752C,104,115,1100.951,593.4,0.539,2,echonet_dynamic_no_long_axis_v1
0X79E68FC6793DC38D,82,97,1380.091,698.103,0.5058,2,echonet_dynamic_no_long_axis_v1
0X79EC6D48771F2C16,32,38,1330.007,755.306,0.5679,2,echonet_dynamic_no_long_axis_v1
0X79EEEACC28A079B3,126,142,1273.177,683.771,0.5371,2,echonet_dynamic_no_long_axis_v1
0X79EF2E23A698C2B1,46,58,3332.858,2188.741,0.6567,2,echonet_dynamic_no_long_axis_v1
0X79F1B78EF230D0C,108,128,1515.731,878.088,0.5793,2,echonet_dynamic_no_long_axis_v1
0X79F95870BD482C00,68,89,2189.42,1179.296,0.5386,2,echonet_dynamic_no_long_axis_v1
0X79FD74BD1C6B18A1,77,95,1446.455,837.406,0.5789,2,echonet_dynamic_no_long_axis_v1
0X79FEA7283354A6D4,90,104,1149.312,704.5,0.613,2,echonet_dynamic_no_long_axis_v1
0X7A0010EC59FC1A1C,47,59,1994.609,1147.487,0.5753,2,echonet_dynamic_no_long_axis_v1
0X7A0139AECBC02A88,89,107,1130.219,606.995,0.5371,2,echonet_dynamic_no_long_axis_v1
0X7A0224D0CBD322D0,39,54,691.005,436.021,0.631,2,echonet_dynamic_no_long_axis_v1
0X7A060E2FFC1A750C,42,60,2303.128,1489.081,0.6465,2,echonet_dynamic_no_long_axis_v1
0X7A0A019AFB36B515,59,76,1317.287,1194.684,0.9069,2,echonet_dynamic_no_long_axis_v1
0X7A0D58570271FED5,41,57,1159.288,825.559,0.7121,2,echonet_dynamic_no_long_axis_v1
0X7A0E6F5825AEC419,105,137,1062.377,560.006,0.5271,2,echonet_dynamic_no_long_axis_v1
0X7A0F2BE6B7655842,96,114,1393.332,1122.611,0.8057,2,echonet_dynamic_no_long_axis_v1
0X7A10F6BCBD21FFD6,77,95,1394.924,1105.343,0.7924,2,echonet_dynamic_no_long_axis_v1
0X7A12F53BAAE9016C,4,21,1889.254,941.914,0.4986,2,echonet_dynamic_no_long_axis_v1
0X7A153F772A883CA0,33,47,1087.765,568.737,0.5228,2,echonet_dynamic_no_long_axis_v1
0X7A18EB9388515AC6,43,56,2293.243,1624.684,0.7085,2,echonet_dynamic_no_long_axis_v1
0X7A19E0EBE51B99AD,56,73,1712.826,1438.855,0.84,2,echonet_dynamic_no_long_axis_v1
0X7A1EF125CAECF905,64,85,1962.018,990.203,0.5047,2,echonet_dynamic_no_long_axis_v1
0X7A21DE7A58B915DD,1,24,802.298,452.285,0.5637,2,echonet_dynamic_no_long_axis_v1
0X7A2F23DE3B4A8543,52,76,1717.377,1287.23,0.7495,2,echonet_dynamic_no_long_axis_v1
0X7A32FE05734D3EC6,41,52,1378.397,770.6,0.5591,2,echonet_dynamic_no_long_axis_v1
0X7A36F71B6647D596,63,84,814.544,495.604,0.6084,2,echonet_dynamic_no_long_axis_v1
0X7A3ACD77CBDBB65,42,55,1572.786,795.215,0.5056,2,echonet_dynamic_no_long_axis_v1
0X7A3D3EC1A0D798F0,1,16,4273.006,3078.85,0.7205,2,echonet_dynamic_no_long_axis_v1
0X7A3DFD0BC51267F8,101,116,1288.168,655.566,0.5089,2,echonet_dynamic_no_long_axis_v1
0X7A489C593ADEDF80,95,114,970.852,664.358,0.6843,2,echonet_dynamic_no_long_axis_v1
0X7A49B980EAACB689,148,163,1104.93,644.386,0.5832,2,echonet_dynamic_no_long_axis_v1
0X7A4ABCBDD9D9F33A,36,55,1407.866,724.959,0.5149,2,echonet_dynamic_no_long_axis_v1
0X7A4FD5194E7FAFF6,45,61,1307.125,642.42,0.4915,2,echonet_dynamic_no_long_axis_v1
0X7A50108623519FF8,86,100,1263.242,683.828,0.5413,2,echonet_dynamic_no_long_axis_v1
0X7A5DA8496F2DF4B0,45,56,2003.13,1208.542,0.6033,2,echonet_dynamic_no_long_axis_v1
0X7A616EA9F1DD0684,60,76,1063.856,584.41,0.5493,2,echonet_dynamic_no_long_axis_v1
0X7A61928840F41939,69,84,441.712,203.486,0.4607,2,echonet_dynamic_no_long_axis_v1
0X7A61CC6DF656DB9E,5,19,1592.524,1283.298,0.8058,2,echonet_dynamic_no_long_axis_v1
0X7A620C5C256333CF,164,189,2198.799,1226.158,0.5576,2,echonet_dynamic_no_long_axis_v1
0X7A66617547DFC6A9,39,49,843.867,479.034,0.5677,2,echonet_dynamic_no_long_axis_v1
0X7A67867B96A7DB62,88,102,1074.624,576.323,0.5363,2,echonet_dynamic_no_long_axis_v1
0X7A6EEE9D2CC4DDD8,46,62,1086.272,582.523,0.5363,2,echonet_dynamic_no_long_axis_v1
0X7A70F384131D3E87,164,181,1860.641,1215.707,0.6534,2,echonet_dynamic_no_long_axis_v1
0X7A7323714436A96A,45,63,1367.667,700.086,0.5119,2,echonet_dynamic_no_long_axis_v1
0X7A753FB6A09BB7E7,40,55,1928.7,983.831,0.5101,2,echonet_dynamic_no_long_axis_v1
0X7A75982F479C21BD,54,71,1698.849,1008.283,0.5935,2,echonet_dynamic_no_long_axis_v1
0X7A761FAB53996A17,102,118,1269.111,638.639,0.5032,2,echonet_dynamic_no_long_axis_v1
0X7A764AEB1EEFFBE9,1,20,840.58,476.711,0.5671,2,echonet_dynamic_no_long_axis_v1
0X7A77DF8AACD6E023,116,132,996.068,547.84,0.55,2,echonet_dynamic_no_long_axis_v1
0X7A7D9FE81266344B,166,180,1100.152,613.857,0.558,2,echonet_dynamic_no_long_axis_v1
0X7A7FFFEB3BB8FACF,58,73,748.076,351.436,0.4698,2,echonet_dynamic_no_long_axis_v1
0X7A801758B1E2422D,41,53,1062.519,540.57,0.5088,2,echonet_dynamic_no_long_axis_v1
0X7A85506EE6948707,73,88,2465.392,1636.61,0.6638,2,echonet_dynamic_no_long_axis_v1
0X7A85BE2A483D2B3F,82,98,1012.489,483.88,0.4779,2,echonet_dynamic_no_long_axis_v1
0X7A878CE8EF95A413,2,18,1753.375,1128.753,0.6438,2,echonet_dynamic_no_long_axis_v1
0X7A8B5F7B228E4737,35,46,1536.78,944.608,0.6147,2,echonet_dynamic_no_long_axis_v1
0X7A8E80694D4485A8,101,118,1362.47,767.308,0.5632,2,echonet_dynamic_no_long_axis_v1
0X7A94BF20F663B054,44,60,1491.666,814.501,0.546,2,echonet_dynamic_no_long_axis_v1
0X7A97FAB0F842279A,66,79,724.073,437.931,0.6048,2,echonet_dynamic_no_long_axis_v1
0X7A981DF5E84D198C,95,108,2701.398,1562.832,0.5785,2,echonet_dynamic_no_long_axis_v1
0X7A9F05D78B1F4919,44,60,2190.171,1307.414,0.5969,2,echonet_dynamic_no_long_axis_v1
0X7AA24540A6E405A1,52,69,2292.183,1901.423,0.8295,2,echonet_dynamic_no_long_axis_v1
0X7AA34F9FBA7212D6,42,56,1315.314,767.769,0.5837,2,echonet_dynamic_no_long_axis_v1
0X7AAB12A381313F99,39,55,1128.329,580.066,0.5141,2,echonet_dynamic_no_long_axis_v1
0X7AB103757B8047FC,60,76,1402.614,650.71,0.4639,2,echonet_dynamic_no_long_axis_v1
0X7AB1F1372A66F7FB,124,137,1335.738,809.262,0.6059,2,echonet_dynamic_no_long_axis_v1
0X7AB1FC4869E885A,51,71,2083.689,1822.959,0.8749,2,echonet_dynamic_no_long_axis_v1
0X7AB682A3B8DEC28A,72,96,1299.599,1059.016,0.8149,2,echonet_dynamic_no_long_axis_v1
0X7AB6F8E417D8840B,50,72,1339.541,746.042,0.5569,2,echonet_dynamic_no_long_axis_v1
0X7ABDE075D44C8588,37,57,1115.993,741.998,0.6649,2,echonet_dynamic_no_long_axis_v1
0X7ABE255108B5D960,55,67,1796.984,1343.923,0.7479,2,echonet_dynamic_no_long_axis_v1
0X7ABF95CFB129BA92,41,54,984.248,664.938,0.6756,2,echonet_dynamic_no_long_axis_v1
0X7AC4DF00D0AADA44,139,157,1097.21,575.506,0.5245,2,echonet_dynamic_no_long_axis_v1
0X7AC5B09AD65C17DB,0,17,2828.36,1474.763,0.5214,2,echonet_dynamic_no_long_axis_v1
0X7ACA82C5A670004C,59,70,679.261,364.294,0.5363,2,echonet_dynamic_no_long_axis_v1
0X7ACDCFB7A4056641,150,165,1122.343,882.613,0.7864,2,echonet_dynamic_no_long_axis_v1
0X7AD378073EC75A33,287,307,1271.018,756.125,0.5949,2,echonet_dynamic_no_long_axis_v1
0X7AD45F74C08CFE5C,39,58,1659.821,918.039,0.5531,2,echonet_dynamic_no_long_axis_v1
0X7ADCFA2C3BD93CB2,69,95,2129.864,1175.212,0.5518,2,echonet_dynamic_no_long_axis_v1
0X7AE76966D714CE68,1,18,1447.579,871.904,0.6023,2,echonet_dynamic_no_long_axis_v1
0X7AE9B88968450BB7,160,183,1414.649,947.628,0.6699,2,echonet_dynamic_no_long_axis_v1
0X7AEB162B3A45EAA9,42,58,1323.048,806.399,0.6095,2,echonet_dynamic_no_long_axis_v1
0X7AEFC179509EEEA6,35,51,2418.679,1219.366,0.5041,2,echonet_dynamic_no_long_axis_v1
0X7AF2DF90B850F22C,3,22,472.693,286.734,0.6066,2,echonet_dynamic_no_long_axis_v1
0X7AF5420EB5D8A0D3,151,167,1038.174,602.48,0.5803,2,echonet_dynamic_no_long_axis_v1
0X7AF69DD2E26966D7,3,15,1238.867,731.915,0.5908,2,echonet_dynamic_no_long_axis_v1
0X7AFA36E0847EEF8A,37,52,1006.039,518.085,0.515,2,echonet_dynamic_no_long_axis_v1
0X7AFF447DBE3CC46,2,18,1114.306,569.723,0.5113,2,echonet_dynamic_no_long_axis_v1
0X7AFF5B2DEEE839B9,35,47,487.68,258.417,0.5299,2,echonet_dynamic_no_long_axis_v1
0X7B07C72D814BF24A,90,99,1088.685,651.634,0.5986,2,echonet_dynamic_no_long_axis_v1
0X7B11085407253356,3,15,2073.357,1576.929,0.7606,2,echonet_dynamic_no_long_axis_v1
0X7B1F112049D754D9,41,58,1659.154,947.433,0.571,2,echonet_dynamic_no_long_axis_v1
0X7B2564212B59E8BD,77,90,1333.188,679.156,0.5094,2,echonet_dynamic_no_long_axis_v1
0X7B2E8A51DCBBA0DE,116,135,1804.902,1206.392,0.6684,2,echonet_dynamic_no_long_axis_v1
0X7B361D8604999C29,108,122,2092.646,1199.061,0.573,2,echonet_dynamic_no_long_axis_v1
0X7B36CA7499CCB34D,46,64,1156.94,636.148,0.5499,2,echonet_dynamic_no_long_axis_v1
0X7B4062501918819C,40,57,1825.216,1605.675,0.8797,2,echonet_dynamic_no_long_axis_v1
0X7B5573AAB7FF0B,51,67,1237.524,614.008,0.4962,2,echonet_dynamic_no_long_axis_v1
0X7B58E92EA5E26F04,29,43,1102.598,638.942,0.5795,2,echonet_dynamic_no_long_axis_v1
0X7B594349510CCAE4,104,122,1190.657,743.125,0.6241,2,echonet_dynamic_no_long_axis_v1
0X7B5A055AF729EDF2,40,55,1830.199,1067.343,0.5832,2,echonet_dynamic_no_long_axis_v1
0X7B5A83BBE8DB9B19,57,76,1252.945,672.979,0.5371,2,echonet_dynamic_no_long_axis_v1
0X7B5BD31A9B927EA9,54,71,2115.243,1530.92,0.7238,2,echonet_dynamic_no_long_axis_v1
0X7B64C66425F826C9,47,66,1063.872,623.288,0.5859,2,echonet_dynamic_no_long_axis_v1
0X7B67867A2E9C59E9,100,119,1266.917,707.441,0.5584,2,echonet_dynamic_no_long_axis_v1
0X7B6C5217AFE9F3C1,36,47,1039.038,521.153,0.5016,2,echonet_dynamic_no_long_axis_v1
0X7B6F98E0BA891F6D,50,68,1555.984,915.408,0.5883,2,echonet_dynamic_no_long_axis_v1
0X7B73DF444BEF7269,50,68,1600.731,1203.09,0.7516,2,echonet_dynamic_no_long_axis_v1
0X7B75B05FC679E58E,48,67,1425.694,820.346,0.5754,2,echonet_dynamic_no_long_axis_v1
0X7B76CB1D495CDC4A,134,150,2051.454,1334.155,0.6503,2,echonet_dynamic_no_long_axis_v1
0X7B782548CD60DD17,49,64,1502.255,922.188,0.6139,2,echonet_dynamic_no_long_axis_v1
0X7B7DCCB4D78CD5BD,79,90,855.955,448.787,0.5243,2,echonet_dynamic_no_long_axis_v1
0X7B7ECB319911B032,61,83,1592.71,1071.234,0.6726,2,echonet_dynamic_no_long_axis_v1
0X7B82FDB13CF2CE3,56,74,983.709,522.785,0.5314,2,echonet_dynamic_no_long_axis_v1
0X7B8526A405DEB964,58,79,1707.531,1306.878,0.7654,2,echonet_dynamic_no_long_axis_v1
0X7B8F542F991D908F,86,99,1545.517,929.291,0.6013,2,echonet_dynamic_no_long_axis_v1
0X7B91BB399D1EF0E0,72,80,2581.178,1300.619,0.5039,2,echonet_dynamic_no_long_axis_v1
0X7B93FAE7841C1826,164,184,914.213,462.778,0.5062,2,echonet_dynamic_no_long_axis_v1
0X7B96EB2565E5E0F7,2,13,710.071,346.661,0.4882,2,echonet_dynamic_no_long_axis_v1
0X7B982CE3A8C024F4,88,104,1680.12,961.836,0.5725,2,echonet_dynamic_no_long_axis_v1
0X7B9A154FC4B9A975,46,71,3828.082,2143.602,0.56,2,echonet_dynamic_no_long_axis_v1
0X7B9BCBCF1AC67C22,28,48,1043.288,584.492,0.5602,2,echonet_dynamic_no_long_axis_v1
0X7B9D5C68AB322E27,78,97,1024.174,531.898,0.5193,2,echonet_dynamic_no_long_axis_v1
0X7BA1B13AB4EC602D,40,55,2163.965,1896.139,0.8762,2,echonet_dynamic_no_long_axis_v1
0X7BA58229FCBA50B3,53,66,1372.814,789.113,0.5748,2,echonet_dynamic_no_long_axis_v1
0X7BA58F095A0EDE7E,58,79,951.511,503.922,0.5296,2,echonet_dynamic_no_long_axis_v1
0X7BA9FD251A48D45B,96,112,1253.79,907.911,0.7241,2,echonet_dynamic_no_long_axis_v1
0X7BB1CB83B94EB317,133,152,1389.494,835.414,0.6012,2,echonet_dynamic_no_long_axis_v1
0X7BC38D46D3D3750C,61,77,1634.553,1414.41,0.8653,2,echonet_dynamic_no_long_axis_v1
0X7BC3BD3B6AA3AFD,51,68,1327.781,674.946,0.5083,2,echonet_dynamic_no_long_axis_v1
0X7BC5E5DDF9DBE9F1,54,67,1397.685,1142.305,0.8173,2,echonet_dynamic_no_long_axis_v1
0X7BC611E29496FD3E,38,54,1435.603,919.792,0.6407,2,echonet_dynamic_no_long_axis_v1
0X7BC859C176E9E6DB,73,95,1704.951,902.938,0.5296,2,echonet_dynamic_no_long_axis_v1
0X7BC908B49BFFD76D,56,69,581.162,370.343,0.6372,2,echonet_dynamic_no_long_axis_v1
0X7BCC548D2F2EEEE5,58,73,1040.31,564.186,0.5423,2,echonet_dynamic_no_long_axis_v1
0X7BCDD67EB4F5945E,59,82,1001.556,597.46,0.5965,2,echonet_dynamic_no_long_axis_v1
0X7BCEF24F83447FFE,3,21,2672.403,1799.14,0.6732,2,echonet_dynamic_no_long_axis_v1
0X7BCEF35CEC8302A4,3,16,1866.969,1093.694,0.5858,2,echonet_dynamic_no_long_axis_v1
0X7BD00517B6ED440D,68,96,1262.075,652.806,0.5172,2,echonet_dynamic_no_long_axis_v1
0X7BD009AA7B30A5D8,112,131,1347.789,820.215,0.6086,2,echonet_dynamic_no_long_axis_v1
0X7BD1EFE780ACD70B,54,69,803.999,416.319,0.5178,2,echonet_dynamic_no_long_axis_v1
0X7BD38A944FB7D285,34,46,685.739,458.223,0.6682,2,echonet_dynamic_no_long_axis_v1
0X7BD3D2A65C18A4CA,146,161,702.887,418.416,0.5953,2,echonet_dynamic_no_long_axis_v1
0X7BD51A04F3D1AF7,52,72,1757.932,1415.463,0.8052,2,echonet_dynamic_no_long_axis_v1
0X7BD6977487C29ECF,114,136,1165.406,872.459,0.7486,2,echonet_dynamic_no_long_axis_v1
0X7BD7893522AEAB1E,95,110,1495.382,718.041,0.4802,2,echonet_dynamic_no_long_axis_v1
0X7BE4A633CA420375,45,65,1576.155,1220.554,0.7744,2,echonet_dynamic_no_long_axis_v1
0X7BE6BA90FB9BC4C6,36,48,991.466,562.1,0.5669,2,echonet_dynamic_no_long_axis_v1
0X7BE93FB0FD83D91D,101,117,1883.855,1163.482,0.6176,2,echonet_dynamic_no_long_axis_v1
0X7BECA917CA87A9DA,111,129,1105.508,650.943,0.5888,2,echonet_dynamic_no_long_axis_v1
0X7BED18C482386E18,40,56,758.665,360.936,0.4758,2,echonet_dynamic_no_long_axis_v1
0X7BF746EB936C65BE,25,35,1400.203,812.952,0.5806,2,echonet_dynamic_no_long_axis_v1
0X7BFEEBCCC38DB440,115,130,1108.289,836.872,0.7551,2,echonet_dynamic_no_long_axis_v1
0X7BFFFB7899AF3782,35,53,1532.592,1042.302,0.6801,2,echonet_dynamic_no_long_axis_v1
0X7C053B5DB5BAEB83,105,122,1621.095,971.651,0.5994,2,echonet_dynamic_no_long_axis_v1
0X7C076CFBDD1CB990,40,56,1624.621,803.429,0.4945,2,echonet_dynamic_no_long_axis_v1
0X7C084027BD7966B9,0,15,723.093,387.012,0.5352,2,echonet_dynamic_no_long_axis_v1
0X7C0C60C983B89520,136,156,1054.761,621.524,0.5893,2,echonet_dynamic_no_long_axis_v1
0X7C1078ADB86F63B2,40,55,803.016,571.144,0.7112,2,echonet_dynamic_no_long_axis_v1
0X7C10D53910F69D61,51,71,2318.879,1371.359,0.5914,2,echonet_dynamic_no_long_axis_v1
0X7C11A719A3C02AD3,0,16,1699.478,900.69,0.53,2,echonet_dynamic_no_long_axis_v1
0X7C11CAFF545777DC,38,52,962.625,660.924,0.6866,2,echonet_dynamic_no_long_axis_v1
0X7C1277ADCD83E8BA,84,98,1085.946,623.108,0.5738,2,echonet_dynamic_no_long_axis_v1
0X7C1A4682049A9C62,52,69,1323.212,941.702,0.7117,2,echonet_dynamic_no_long_axis_v1
0X7C1B2513F22715C8,75,87,2341.815,1265.537,0.5404,2,echonet_dynamic_no_long_axis_v1
0X7C1B6369CCFFBDDF,95,110,1124.105,640.706,0.57,2,echonet_dynamic_no_long_axis_v1
0X7C1E9F9F4993DFFC,56,70,1437.766,829.074,0.5766,2,echonet_dynamic_no_long_axis_v1
0X7C202E81AFCC7010,37,52,1233.668,718.425,0.5823,2,echonet_dynamic_no_long_axis_v1
0X7C2086652C808B3D,122,147,1198.426,675.315,0.5635,2,echonet_dynamic_no_long_axis_v1
0X7C23C2D126878C83,42,55,1359.606,823.261,0.6055,2,echonet_dynamic_no_long_axis_v1
0X7C2B6DE932E8EB4D,107,124,1176.518,775.629,0.6593,2,echonet_dynamic_no_long_axis_v1
0X7C371BCB4ACF8CFD,132,145,1233.682,695.126,0.5635,2,echonet_dynamic_no_long_axis_v1
0X7C3724DE3C2BBEA6,53,71,1081.637,335.331,0.31,2,echonet_dynamic_no_long_axis_v1
0X7C39285C0277DBB5,78,93,1561.057,967.651,0.6199,2,echonet_dynamic_no_long_axis_v1
0X7C39483D6FC66806,39,55,1289.746,698.468,0.5416,2,echonet_dynamic_no_long_axis_v1
0X7C3A04F6182C79D6,60,80,2156.916,1035.508,0.4801,2,echonet_dynamic_no_long_axis_v1
0X7C3A0715974A7250,49,67,1127.393,548.369,0.4864,2,echonet_dynamic_no_long_axis_v1
0X7C3C3EE6582C429A,153,173,1556.377,782.781,0.503,2,echonet_dynamic_no_long_axis_v1
0X7C3CA2BC6A6EE986,83,109,1125.396,658.588,0.5852,2,echonet_dynamic_no_long_axis_v1
0X7C47EF804F3367E8,52,67,1975.461,1016.02,0.5143,2,echonet_dynamic_no_long_axis_v1
0X7C499024B4A4DA1A,62,80,2118.483,1307.276,0.6171,2,echonet_dynamic_no_long_axis_v1
0X7C54E0438C0F6AB5,42,65,801.09,486.09,0.6068,2,echonet_dynamic_no_long_axis_v1
0X7C567D0F1DAB3620,86,100,1662.296,1031.606,0.6206,2,echonet_dynamic_no_long_axis_v1
0X7C5C65685D6ABC7A,49,66,1320.143,704.48,0.5336,2,echonet_dynamic_no_long_axis_v1
0X7C5CE94A1B662182,46,62,1338.96,821.215,0.6133,2,echonet_dynamic_no_long_axis_v1
0X7C65DA147A4EA7E1,50,72,1584.647,925.252,0.5839,2,echonet_dynamic_no_long_axis_v1
0X7C6A6F5AE74EB074,37,54,1837.746,1140.265,0.6205,2,echonet_dynamic_no_long_axis_v1
0X7C6D2CA9F2B482CF,57,77,1075.494,581.14,0.5403,2,echonet_dynamic_no_long_axis_v1
0X7C6D449DEDF42EE8,74,94,1954.096,1195.945,0.612,2,echonet_dynamic_no_long_axis_v1
0X7C6FB8F7CE82D404,0,14,1840.075,1390.112,0.7555,2,echonet_dynamic_no_long_axis_v1
0X7C6FC9FFABD5BC8D,40,50,1261.857,755.371,0.5986,2,echonet_dynamic_no_long_axis_v1
0X7C6FEF42346665BB,116,135,1525.887,1152.201,0.7551,2,echonet_dynamic_no_long_axis_v1
0X7C7BD92BD4602CAA,88,104,1243.436,861.063,0.6925,2,echonet_dynamic_no_long_axis_v1
0X7C7CB880947C5C5C,46,67,1173.349,960.225,0.8184,2,echonet_dynamic_no_long_axis_v1
0X7C7D65DB11064625,102,119,1622.382,848.271,0.5229,2,echonet_dynamic_no_long_axis_v1
0X7C7EB193BEC5D926,33,49,2283.578,1110.959,0.4865,2,echonet_dynamic_no_long_axis_v1
0X7C7F2E7816DBE8C1,134,149,2003.327,1071.822,0.535,2,echonet_dynamic_no_long_axis_v1
0X7C883F8B60AF5C02,44,60,1456.468,821.019,0.5637,2,echonet_dynamic_no_long_axis_v1
0X7C88FB0DAAC98643,36,50,1056.904,608.0,0.5753,2,echonet_dynamic_no_long_axis_v1
0X7C8C939686F0D276,95,106,2238.849,1826.25,0.8157,2,echonet_dynamic_no_long_axis_v1
0X7C939BD6B4574A80,43,58,1388.962,1019.786,0.7342,2,echonet_dynamic_no_long_axis_v1
0X7C9F6CBD094B0359,50,21,1487.58,854.32,0.5743,2,echonet_dynamic_no_long_axis_v1
0X7CA0A2B5B1F8A134,42,57,1276.03,676.422,0.5301,2,echonet_dynamic_no_long_axis_v1
0X7CA10684E319705F,92,108,1219.022,817.744,0.6708,2,echonet_dynamic_no_long_axis_v1
0X7CA133BB031E0FFD,39,60,1713.381,915.666,0.5344,2,echonet_dynamic_no_long_axis_v1
0X7CA15DC6A1C6DA13,78,95,1419.768,735.799,0.5183,2,echonet_dynamic_no_long_axis_v1
0X7CA9A912598CA322,108,128,4336.902,2518.696,0.5808,2,echonet_dynamic_no_long_axis_v1
0X7CA9F39E5042977C,45,65,621.062,335.624,0.5404,2,echonet_dynamic_no_long_axis_v1
0X7CAE371CDC897CE6,42,48,1258.805,698.087,0.5546,2,echonet_dynamic_no_long_axis_v1
0X7CAE69437044224A,56,78,2046.999,1237.58,0.6046,2,echonet_dynamic_no_long_axis_v1
0X7CB071721715D80F,71,78,2155.585,1825.71,0.847,2,echonet_dynamic_no_long_axis_v1
0X7CB28DF1B556246B,107,123,4198.342,2271.986,0.5412,2,echonet_dynamic_no_long_axis_v1
0X7CB7207DB5849348,44,59,1058.768,603.922,0.5704,2,echonet_dynamic_no_long_axis_v1
0X7CB7C518E22849C0,39,54,991.639,446.072,0.4498,2,echonet_dynamic_no_long_axis_v1
0X7CBAA73896DCFDB9,53,70,1597.854,1282.843,0.8029,2,echonet_dynamic_no_long_axis_v1
0X7CBDDB20A1855D5B,130,147,1020.968,689.802,0.6756,2,echonet_dynamic_no_long_axis_v1
0X7CC04BF5B6684CEE,2,18,1026.902,552.249,0.5378,2,echonet_dynamic_no_long_axis_v1
0X7CCAC8AD825CB21A,30,46,1076.411,598.9,0.5564,2,echonet_dynamic_no_long_axis_v1
0X7CCD7AEC19D4AFE8,43,61,1805.197,963.4,0.5337,2,echonet_dynamic_no_long_axis_v1
0X7CD73F9F79E1F4DE,50,70,2437.081,1331.168,0.5462,2,echonet_dynamic_no_long_axis_v1
0X7CDAB7D00122C00F,36,55,1145.185,923.843,0.8067,2,echonet_dynamic_no_long_axis_v1
0X7CDC48EE66ABB915,62,78,1431.535,765.071,0.5344,2,echonet_dynamic_no_long_axis_v1
0X7CDF036B61A17CC3,53,73,1421.566,788.677,0.5548,2,echonet_dynamic_no_long_axis_v1
0X7CE0D85A16659110,39,54,1055.818,599.846,0.5681,2,echonet_dynamic_no_long_axis_v1
0X7CE3B7D2F8976E7D,44,62,1307.413,685.606,0.5244,2,echonet_dynamic_no_long_axis_v1
0X7CE6275BC5A013A0,54,71,2340.988,1702.923,0.7274,2,echonet_dynamic_no_long_axis_v1
0X7CE6AFF52A6B8670,70,82,1748.976,945.174,0.5404,2,echonet_dynamic_no_long_axis_v1
0X7CE7F41BF99545F6,72,81,1244.882,806.428,0.6478,2,echonet_dynamic_no_long_axis_v1
0X7CE9AAE0242EF73D,87,104,1898.799,1055.393,0.5558,2,echonet_dynamic_no_long_axis_v1
0X7CEA8E5FA8F3FB3F,152,166,1683.016,1242.116,0.738,2,echonet_dynamic_no_long_axis_v1
0X7CEB5315352C1FC9,96,119,2349.531,1826.119,0.7772,2,echonet_dynamic_no_long_axis_v1
0X7CEF57328013C8B6,4,10,941.131,550.15,0.5846,2,echonet_dynamic_no_long_axis_v1
0X7CF265240EBC0648,125,142,1161.147,608.321,0.5239,2,echonet_dynamic_no_long_axis_v1
0X7CF70061E3B47DE6,84,97,1292.285,704.218,0.5449,2,echonet_dynamic_no_long_axis_v1
0X7CFF2E1311F09165,1,14,1106.411,625.808,0.5656,2,echonet_dynamic_no_long_axis_v1
0X7D011309F536A7E0,76,90,1210.154,682.723,0.5642,2,echonet_dynamic_no_long_axis_v1
0X7D01D8A3BF2A3A46,41,57,1656.215,934.513,0.5642,2,echonet_dynamic_no_long_axis_v1
0X7D0223AF4A3B9955,57,77,2794.899,1523.83,0.5452,2,echonet_dynamic_no_long_axis_v1
0X7D06F10AF881B055,90,105,1153.344,697.722,0.605,2,echonet_dynamic_no_long_axis_v1
0X7D0AC305541BEEAA,97,111,1406.361,761.585,0.5415,2,echonet_dynamic_no_long_axis_v1
0X7D0FC6E69A6AD15A,68,84,1720.474,1068.631,0.6211,2,echonet_dynamic_no_long_axis_v1
0X7D1234DED3EAC45,75,89,944.442,448.271,0.4746,2,echonet_dynamic_no_long_axis_v1
0X7D129213628239FA,144,161,2045.562,1225.314,0.599,2,echonet_dynamic_no_long_axis_v1
0X7D131134E996F284,43,58,2585.748,1281.914,0.4958,2,echonet_dynamic_no_long_axis_v1
0X7D1BEA2D8E1CF02E,48,66,892.859,483.603,0.5416,2,echonet_dynamic_no_long_axis_v1
0X7D1E11429C92D9FB,55,74,1220.311,685.31,0.5616,2,echonet_dynamic_no_long_axis_v1
0X7D1F59C70EC5E749,64,87,898.672,542.442,0.6036,2,echonet_dynamic_no_long_axis_v1
0X7D2089086EF49B62,32,45,2714.703,2320.782,0.8549,2,echonet_dynamic_no_long_axis_v1
0X7D2478A652A3B024,46,68,2038.385,1251.266,0.6139,2,echonet_dynamic_no_long_axis_v1
0X7D24D09D4B66FB12,63,81,2391.389,1229.596,0.5142,2,echonet_dynamic_no_long_axis_v1
0X7D25EEAD9C236D01,55,74,1183.643,633.383,0.5351,2,echonet_dynamic_no_long_axis_v1
0X7D263C90CF9FCAB7,41,62,1145.251,682.516,0.596,2,echonet_dynamic_no_long_axis_v1
0X7D2C9FE972A828D3,111,125,996.704,544.547,0.5463,2,echonet_dynamic_no_long_axis_v1
0X7D32BEF617ED61E9,39,55,1111.769,688.196,0.619,2,echonet_dynamic_no_long_axis_v1
0X7D34DA638DFF03C6,76,93,1211.361,686.091,0.5664,2,echonet_dynamic_no_long_axis_v1
0X7D37F4AEEDA7A721,49,64,1135.209,582.251,0.5129,2,echonet_dynamic_no_long_axis_v1
0X7D39012AC4B412BE,95,112,1142.735,666.461,0.5832,2,echonet_dynamic_no_long_axis_v1
0X7D39A36B39114D,3,15,983.198,512.953,0.5217,2,echonet_dynamic_no_long_axis_v1
0X7D3A348B868CFCB2,60,74,3785.584,2162.91,0.5714,2,echonet_dynamic_no_long_axis_v1
0X7D3AA96EF70A00D5,0,17,1447.883,710.695,0.4909,2,echonet_dynamic_no_long_axis_v1
0X7D3CE6662D2113FA,53,63,884.45,501.224,0.5667,2,echonet_dynamic_no_long_axis_v1
0X7D41714643A4524D,81,101,1118.931,627.115,0.5605,2,echonet_dynamic_no_long_axis_v1
0X7D466FE3AC012BBB,56,77,1348.626,793.033,0.588,2,echonet_dynamic_no_long_axis_v1
0X7D469692EDE2EF91,35,45,1818.947,813.978,0.4475,2,echonet_dynamic_no_long_axis_v1
0X7D47E45DC22458A,2,16,1173.294,691.739,0.5896,2,echonet_dynamic_no_long_axis_v1
0X7D4C42BDA9299A46,77,95,1455.558,895.022,0.6149,2,echonet_dynamic_no_long_axis_v1
0X7D4E031123DA9E4F,66,79,704.297,374.607,0.5319,2,echonet_dynamic_no_long_axis_v1
0X7D4E2B016F111A25,94,110,826.849,627.133,0.7585,2,echonet_dynamic_no_long_axis_v1
0X7D52513975CDE18F,32,42,1311.242,773.54,0.5899,2,echonet_dynamic_no_long_axis_v1
0X7D52A5663195DC72,81,98,1399.688,733.812,0.5243,2,echonet_dynamic_no_long_axis_v1
0X7D537B2C2CDCB140,171,184,1005.213,565.481,0.5625,2,echonet_dynamic_no_long_axis_v1
0X7D567F2A870FD8F0,102,117,1179.904,981.996,0.8323,2,echonet_dynamic_no_long_axis_v1
0X7D57150EFE76C557,60,71,893.165,490.81,0.5495,2,echonet_dynamic_no_long_axis_v1
0X7D5A835A93B83445,1,20,2234.63,1236.973,0.5535,2,echonet_dynamic_no_long_axis_v1
0X7D5C2B6F2A436FA1,53,70,1562.014,1154.373,0.739,2,echonet_dynamic_no_long_axis_v1
0X7D61161FC3365FF8,72,86,2211.896,2053.5,0.9284,2,echonet_dynamic_no_long_axis_v1
0X7D63A7259A3897D0,79,105,1757.806,1432.343,0.8148,2,echonet_dynamic_no_long_axis_v1
0X7D687BF5AC8C33FF,26,31,634.082,304.235,0.4798,2,echonet_dynamic_no_long_axis_v1
0X7D6FE68C1C17A7C6,77,99,1094.571,680.292,0.6215,2,echonet_dynamic_no_long_axis_v1
0X7D714831754A6554,38,48,1154.346,644.655,0.5585,2,echonet_dynamic_no_long_axis_v1
0X7D73E6E86837FFD9,69,89,1500.282,962.24,0.6414,2,echonet_dynamic_no_long_axis_v1
0X7D74FC40A9B3DEFE,75,94,1335.65,749.353,0.561,2,echonet_dynamic_no_long_axis_v1
0X7D759A4FA9F2837,21,41,2095.746,1058.71,0.5052,2,echonet_dynamic_no_long_axis_v1
0X7D75B913B4E1EA73,44,62,3753.101,1767.179,0.4709,2,echonet_dynamic_no_long_axis_v1
0X7D78994E4A3FCC6D,5,20,2115.148,1774.707,0.839,2,echonet_dynamic_no_long_axis_v1
0X7D78F3613852C759,46,63,1394.202,873.072,0.6262,2,echonet_dynamic_no_long_axis_v1
0X7D7C468C359E3E07,117,134,927.734,623.743,0.6723,2,echonet_dynamic_no_long_axis_v1
0X7D8600F1074A1731,57,78,2044.412,1157.447,0.5662,2,echonet_dynamic_no_long_axis_v1
0X7D8896D7ABA514A8,105,130,2049.086,1508.162,0.736,2,echonet_dynamic_no_long_axis_v1
0X7D88E00C316BF203,50,64,1293.224,781.296,0.6041,2,echonet_dynamic_no_long_axis_v1
0X7D8ABCFB75E1ADBB,38,57,1665.73,1305.81,0.7839,2,echonet_dynamic_no_long_axis_v1
0X7D8D06DE42E09937,94,109,1496.678,875.547,0.585,2,echonet_dynamic_no_long_axis_v1
0X7D919A10DD368B11,37,55,1947.419,1279.032,0.6568,2,echonet_dynamic_no_long_axis_v1
0X7D94F81C5387DFB9,73,82,1305.129,625.302,0.4791,2,echonet_dynamic_no_long_axis_v1
0X7D99736023C684B0,155,166,1225.398,713.16,0.582,2,echonet_dynamic_no_long_axis_v1
0X7D9F7769029B6B6C,32,42,1028.443,689.16,0.6701,2,echonet_dynamic_no_long_axis_v1
0X7DA2B79E3C7E5531,77,94,2410.672,1134.938,0.4708,2,echonet_dynamic_no_long_axis_v1
0X7DA74EAC9DFC2D5B,54,70,1468.344,848.461,0.5778,2,echonet_dynamic_no_long_axis_v1
0X7DA7FE6D7C38E348,50,68,1118.693,589.951,0.5274,2,echonet_dynamic_no_long_axis_v1
0X7DAE3C83E62D7300,49,65,1437.169,771.28,0.5367,2,echonet_dynamic_no_long_axis_v1
0X7DBCD32E64B1AB22,129,146,1378.421,779.925,0.5658,2,echonet_dynamic_no_long_axis_v1
0X7DBD9306566CBD10,37,54,1279.402,691.53,0.5405,2,echonet_dynamic_no_long_axis_v1
0X7DBEF3FB9A0BCA64,132,149,1308.01,660.314,0.5048,2,echonet_dynamic_no_long_axis_v1
0X7DBEFBE8095593DB,54,69,1428.403,913.544,0.6396,2,echonet_dynamic_no_long_axis_v1
0X7DC0B4B357668325,88,104,1560.566,788.826,0.5055,2,echonet_dynamic_no_long_axis_v1
0X7DC3724BF02AC1D0,84,104,1808.923,1121.352,0.6199,2,echonet_dynamic_no_long_axis_v1
0X7DC3F04A5A3EA2FB,71,84,1470.224,781.482,0.5315,2,echonet_dynamic_no_long_axis_v1
0X7DC7546F7690E198,41,56,822.985,468.892,0.5697,2,echonet_dynamic_no_long_axis_v1
0X7DD0CDE4F55D32BF,0,16,3563.146,2167.986,0.6084,2,echonet_dynamic_no_long_axis_v1
0X7DD29CE777E65CEC,49,62,1479.044,1260.558,0.8523,2,echonet_dynamic_no_long_axis_v1
0X7DD583CBA190CCCA,51,72,1312.904,681.791,0.5193,2,echonet_dynamic_no_long_axis_v1
0X7DDD45D433603256,52,67,1074.837,586.491,0.5457,2,echonet_dynamic_no_long_axis_v1
0X7DDDD231EBB796C1,3,17,982.875,506.014,0.5148,2,echonet_dynamic_no_long_axis_v1
0X7DDF0EC1E66C7415,3,15,991.798,499.893,0.504,2,echonet_dynamic_no_long_axis_v1
0X7DE5F4D17C87F518,52,69,1422.079,756.107,0.5317,2,echonet_dynamic_no_long_axis_v1
0X7DE76E1393920C4C,63,78,2531.418,1919.393,0.7582,2,echonet_dynamic_no_long_axis_v1
0X7DE8489883F940C7,60,77,1966.593,1515.343,0.7705,2,echonet_dynamic_no_long_axis_v1
0X7DE8BF9416439516,49,66,826.336,337.725,0.4087,2,echonet_dynamic_no_long_axis_v1
0X7DE8E63672D26C40,108,125,1196.127,714.66,0.5975,2,echonet_dynamic_no_long_axis_v1
0X7DED63697C8793C1,60,75,1296.134,818.642,0.6316,2,echonet_dynamic_no_long_axis_v1
0X7DEDA8CF84A3A406,3,18,1128.825,605.778,0.5366,2,echonet_dynamic_no_long_axis_v1
0X7DEF57A51BC30923,97,116,1580.676,1161.274,0.7347,2,echonet_dynamic_no_long_axis_v1
0X7DF4117F27AA3D96,106,118,1861.204,1104.589,0.5935,2,echonet_dynamic_no_long_axis_v1
0X7DF4CD457E50176D,71,87,1235.156,650.414,0.5266,2,echonet_dynamic_no_long_axis_v1
0X7DF4F29C9FA848A4,54,71,2145.747,1374.309,0.6405,2,echonet_dynamic_no_long_axis_v1
0X7DF5817CCA22438E,110,129,793.062,414.769,0.523,2,echonet_dynamic_no_long_axis_v1
0X7DF5D27D4C9EAD89,33,48,1646.252,822.703,0.4997,2,echonet_dynamic_no_long_axis_v1
0X7DF70019168CB29B,40,56,1094.921,680.388,0.6214,2,echonet_dynamic_no_long_axis_v1
0X7DFAE6F2089B2594,72,86,1154.433,653.516,0.5661,2,echonet_dynamic_no_long_axis_v1
0X7DFF7BAA1B2E4700,69,84,2701.612,2234.551,0.8271,2,echonet_dynamic_no_long_axis_v1
0X7E0135356970C1A1,79,95,1356.575,776.227,0.5722,2,echonet_dynamic_no_long_axis_v1
0X7E03DC0DBBD76FFE,26,44,1631.807,1030.566,0.6315,2,echonet_dynamic_no_long_axis_v1
0X7E0565C38530F24C,59,73,1566.784,862.421,0.5504,2,echonet_dynamic_no_long_axis_v1
0X7E06DB07314DEC7,39,58,4725.715,2954.463,0.6252,2,echonet_dynamic_no_long_axis_v1
0X7E08C6E04DE8DB0F,0,17,1130.815,910.308,0.805,2,echonet_dynamic_no_long_axis_v1
0X7E09E67C095EA7C0,71,92,645.871,326.951,0.5062,2,echonet_dynamic_no_long_axis_v1
0X7E0ACE153EE2260F,24,34,1121.375,559.984,0.4994,2,echonet_dynamic_no_long_axis_v1
0X7E1023DC25D3B318,85,101,2635.96,1897.737,0.7199,2,echonet_dynamic_no_long_axis_v1
0X7E12D3121940CDF6,42,62,1323.17,810.184,0.6123,2,echonet_dynamic_no_long_axis_v1
0X7E15A2E78B07ADE2,42,55,1384.61,973.251,0.7029,2,echonet_dynamic_no_long_axis_v1
0X7E1703D6C05CEE3F,24,35,1032.225,599.342,0.5806,2,echonet_dynamic_no_long_axis_v1
0X7E17E85D21D4D683,101,120,1582.814,813.061,0.5137,2,echonet_dynamic_no_long_axis_v1
0X7E1B29A2BE138FC,0,16,1506.592,1073.303,0.7124,2,echonet_dynamic_no_long_axis_v1
0X7E1ED32C166D83A8,34,49,1458.116,1191.638,0.8172,2,echonet_dynamic_no_long_axis_v1
0X7E22E4FE22BE624B,19,30,1064.33,578.991,0.544,2,echonet_dynamic_no_long_axis_v1
0X7E236CD4C4C6A4A7,67,86,1665.589,965.48,0.5797,2,echonet_dynamic_no_long_axis_v1
0X7E23FFF51EDA2FA7,150,166,2106.571,1418.697,0.6735,2,echonet_dynamic_no_long_axis_v1
0X7E2437FA9BB9A9BE,3,17,1829.237,913.548,0.4994,2,echonet_dynamic_no_long_axis_v1
0X7E245EA8FCB5B13,128,143,1004.665,636.272,0.6333,2,echonet_dynamic_no_long_axis_v1
0X7E2898BDFAEEFE47,42,60,1880.824,1167.227,0.6206,2,echonet_dynamic_no_long_axis_v1
0X7E2A6FAF7D5669F0,60,70,1018.077,596.408,0.5858,2,echonet_dynamic_no_long_axis_v1
0X7E2CCCD26033DD2A,126,147,1391.753,937.022,0.6733,2,echonet_dynamic_no_long_axis_v1
0X7E2D179960B03654,50,65,1203.949,601.723,0.4998,2,echonet_dynamic_no_long_axis_v1
0X7E2E682CAF764E00,104,119,2260.149,1535.165,0.6792,2,echonet_dynamic_no_long_axis_v1
0X7E2E832595076130,58,75,1305.135,699.533,0.536,2,echonet_dynamic_no_long_axis_v1
0X7E2E8534D07DDBE,42,55,1250.168,638.398,0.5106,2,echonet_dynamic_no_long_axis_v1
0X7E2F6A8A773EBE57,77,96,2009.012,1286.896,0.6406,2,echonet_dynamic_no_long_axis_v1
0X7E2FF5B9369E2E51,50,65,847.725,472.533,0.5574,2,echonet_dynamic_no_long_axis_v1
0X7E32DC733A9F4C7,40,53,1571.12,848.165,0.5398,2,echonet_dynamic_no_long_axis_v1
0X7E338DE86354DFBB,1,15,1301.553,722.765,0.5553,2,echonet_dynamic_no_long_axis_v1
0X7E379B92108E37EF,43,59,1142.154,681.103,0.5963,2,echonet_dynamic_no_long_axis_v1
0X7E37D63514270905,55,81,2350.665,1596.611,0.6792,2,echonet_dynamic_no_long_axis_v1
0X7E420105768FD9FE,54,73,931.696,502.861,0.5397,2,echonet_dynamic_no_long_axis_v1
0X7E429DC3AED5BE34,107,114,1454.213,1304.063,0.8967,2,echonet_dynamic_no_long_axis_v1
0X7E43798B43C11709,55,68,1226.967,787.924,0.6422,2,echonet_dynamic_no_long_axis_v1
0X7E45FF332B9BE28E,44,59,1304.267,995.086,0.7629,2,echonet_dynamic_no_long_axis_v1
0X7E4639354A0AF043,58,74,1874.237,1618.77,0.8637,2,echonet_dynamic_no_long_axis_v1
0X7E46A5FDB773F2FC,37,55,1773.325,1631.912,0.9203,2,echonet_dynamic_no_long_axis_v1
0X7E4D98875A3BF1AB,93,106,1286.521,674.566,0.5243,2,echonet_dynamic_no_long_axis_v1
0X7E4F89B98A52555F,46,60,1396.11,774.467,0.5547,2,echonet_dynamic_no_long_axis_v1
0X7E51B1F0EBC1BD6C,52,73,969.101,575.76,0.5941,2,echonet_dynamic_no_long_axis_v1
0X7E53AE264125B7F9,68,83,1491.717,975.196,0.6537,2,echonet_dynamic_no_long_axis_v1
0X7E5F7C851AE9AF55,52,72,1905.505,1153.105,0.6051,2,echonet_dynamic_no_long_axis_v1
0X7E654BC9652802D5,56,65,1148.166,765.192,0.6664,2,echonet_dynamic_no_long_axis_v1
0X7E655DBE953C1A73,95,106,1040.923,540.38,0.5191,2,echonet_dynamic_no_long_axis_v1
0X7E673A7B6123F76C,99,114,1113.606,665.309,0.5974,2,echonet_dynamic_no_long_axis_v1
0X7E6AA3C86277C4E,135,157,1214.978,857.338,0.7056,2,echonet_dynamic_no_long_axis_v1
0X7E6CEE047BF80FF6,2,14,1396.924,678.397,0.4856,2,echonet_dynamic_no_long_axis_v1
0X7E6E3C03C2A05522,45,62,2546.984,1543.796,0.6061,2,echonet_dynamic_no_long_axis_v1
0X7E6E452DB3269A4F,95,114,1343.976,797.719,0.5936,2,echonet_dynamic_no_long_axis_v1
0X7E72FD13490DB722,33,50,1277.513,722.817,0.5658,2,echonet_dynamic_no_long_axis_v1
0X7E731D5758FB247F,80,109,1278.337,949.88,0.7431,2,echonet_dynamic_no_long_axis_v1
0X7E773DD1C25D761,57,76,1633.575,856.715,0.5244,2,echonet_dynamic_no_long_axis_v1
0X7E7BC8F597A191C6,46,63,1912.645,1283.293,0.671,2,echonet_dynamic_no_long_axis_v1
0X7E7C1BDAFEBB61FA,48,64,1599.492,960.591,0.6006,2,echonet_dynamic_no_long_axis_v1
0X7E7D546F8D68F445,59,73,1848.297,872.448,0.472,2,echonet_dynamic_no_long_axis_v1
0X7E83551D8C9C79BD,124,142,1531.135,827.386,0.5404,2,echonet_dynamic_no_long_axis_v1
0X7E8632AE4089326E,44,68,2033.628,1814.67,0.8923,2,echonet_dynamic_no_long_axis_v1
0X7E870E21566FC34B,52,69,916.095,645.716,0.7049,2,echonet_dynamic_no_long_axis_v1
0X7E8800EA8C40DF0C,24,38,1915.528,1063.149,0.555,2,echonet_dynamic_no_long_axis_v1
0X7E8CCD93D8EA9D7,38,53,1136.521,789.491,0.6947,2,echonet_dynamic_no_long_axis_v1
0X7E9560406E173927,67,83,2091.234,1117.475,0.5344,2,echonet_dynamic_no_long_axis_v1
0X7E97922390602019,43,62,1736.022,912.615,0.5257,2,echonet_dynamic_no_long_axis_v1
0X7E991F3C31F6C17,48,67,1612.995,1034.15,0.6411,2,echonet_dynamic_no_long_axis_v1
0X7E9BC4EAB9EEA7F9,33,48,1580.873,1360.775,0.8608,2,echonet_dynamic_no_long_axis_v1
0X7EA59EE03F02C35B,99,114,1957.357,1121.357,0.5729,2,echonet_dynamic_no_long_axis_v1
0X7EA8D9C268C16137,42,56,1503.123,781.099,0.5197,2,echonet_dynamic_no_long_axis_v1
0X7EB2FC6CD65F86D2,161,178,976.252,508.367,0.5207,2,echonet_dynamic_no_long_axis_v1
0X7EB4493502BE6170,68,87,1523.956,1265.07,0.8301,2,echonet_dynamic_no_long_axis_v1
0X7EB490F7C2A158D8,149,162,2104.829,1284.505,0.6103,2,echonet_dynamic_no_long_axis_v1
0X7EB6CE7A0EE060B0,41,58,1639.41,923.302,0.5632,2,echonet_dynamic_no_long_axis_v1
0X7EBA049982BB9A40,96,115,2197.209,1170.033,0.5325,2,echonet_dynamic_no_long_axis_v1
0X7EBB0C21B95DA27D,128,153,1342.662,891.98,0.6643,2,echonet_dynamic_no_long_axis_v1
0X7EBF7E6F42E75FC3,72,98,958.062,565.344,0.5901,2,echonet_dynamic_no_long_axis_v1
0X7EC12AC2BF084B28,93,108,1689.077,1290.0,0.7637,2,echonet_dynamic_no_long_axis_v1
0X7EC4B89BCFA4841D,44,54,934.635,562.401,0.6017,2,echonet_dynamic_no_long_axis_v1
0X7EC67D9015EF4B0D,116,135,1306.407,1140.949,0.8733,2,echonet_dynamic_no_long_axis_v1
0X7EC841CC6F0DC078,122,136,717.744,426.602,0.5944,2,echonet_dynamic_no_long_axis_v1
0X7EC96F4D9167A448,113,128,1639.922,1392.535,0.8491,2,echonet_dynamic_no_long_axis_v1
0X7ECD0FC05155C51A,84,101,2937.702,1430.374,0.4869,2,echonet_dynamic_no_long_axis_v1
0X7ECD208BCBDB30FF,179,202,1090.849,611.117,0.5602,2,echonet_dynamic_no_long_axis_v1
0X7ECF02812DE8EFCE,25,37,1620.269,962.067,0.5938,2,echonet_dynamic_no_long_axis_v1
0X7ED073E0F80E43D3,56,76,1612.896,890.854,0.5523,2,echonet_dynamic_no_long_axis_v1
0X7ED1E92FFFD1AF5C,3,17,859.919,539.111,0.6269,2,echonet_dynamic_no_long_axis_v1
0X7ED2FA1C9CE297BF,29,46,685.641,394.054,0.5747,2,echonet_dynamic_no_long_axis_v1
0X7ED3009A9CD8ADB5,116,131,1157.618,618.646,0.5344,2,echonet_dynamic_no_long_axis_v1
0X7ED560E44F1FA0C4,195,215,1115.454,662.945,0.5943,2,echonet_dynamic_no_long_axis_v1
0X7ED6C6FC729A391B,57,77,2859.061,1568.101,0.5485,2,echonet_dynamic_no_long_axis_v1
0X7ED87AB27BE161FF,38,50,1068.611,651.57,0.6097,2,echonet_dynamic_no_long_axis_v1
0X7EDFA78D3FB002B0,67,84,1042.213,585.443,0.5617,2,echonet_dynamic_no_long_axis_v1
0X7EE27209D0508B79,49,65,1540.164,982.023,0.6376,2,echonet_dynamic_no_long_axis_v1
0X7EE47A0A4ABB0115,314,361,2621.872,2199.967,0.8391,2,echonet_dynamic_no_long_axis_v1
0X7EE64D322158B13F,123,138,1223.914,628.067,0.5132,2,echonet_dynamic_no_long_axis_v1
0X7EE933A1912A146,111,128,911.677,527.418,0.5785,2,echonet_dynamic_no_long_axis_v1
0X7EEA66DBE251854B,100,121,1789.926,1391.892,0.7776,2,echonet_dynamic_no_long_axis_v1
0X7EEEA16525CC87E5,84,98,2482.938,1201.985,0.4841,2,echonet_dynamic_no_long_axis_v1
0X7EEFE2B06DC5E7D1,78,92,1775.834,1070.24,0.6027,2,echonet_dynamic_no_long_axis_v1
0X7EF7C12373EF33BD,3,21,1533.889,957.827,0.6244,2,echonet_dynamic_no_long_axis_v1
0X7EFDA5A4CDF6C678,45,61,1637.401,1003.873,0.6131,2,echonet_dynamic_no_long_axis_v1
0X7EFE15741DE591F6,51,65,1074.248,505.642,0.4707,2,echonet_dynamic_no_long_axis_v1
0X7EFE1E76A839FA63,93,110,996.946,496.925,0.4984,2,echonet_dynamic_no_long_axis_v1
0X7F048295BF84C41B,112,141,1288.701,810.214,0.6287,2,echonet_dynamic_no_long_axis_v1
0X7F058A3503090EC8,6,17,1203.241,661.836,0.55,2,echonet_dynamic_no_long_axis_v1
0X7F1E35093F4B437E,81,99,1435.858,763.94,0.532,2,echonet_dynamic_no_long_axis_v1
0X7F1E7ABCC62403A0,150,168,1122.56,597.017,0.5318,2,echonet_dynamic_no_long_axis_v1
0X7F20614AB09F7092,76,95,1099.814,712.219,0.6476,2,echonet_dynamic_no_long_axis_v1
0X7F2326218F61FEDE,139,158,1357.677,626.852,0.4617,2,echonet_dynamic_no_long_axis_v1
0X7F271243B0FAAA2D,30,36,2155.079,1939.747,0.9001,2,echonet_dynamic_no_long_axis_v1
0X7F27475CB49B8FE,102,121,1378.906,715.652,0.519,2,echonet_dynamic_no_long_axis_v1
0X7F2BC02FB5C2AFBC,68,83,1073.957,625.597,0.5825,2,echonet_dynamic_no_long_axis_v1
0X7F2CD5493EA12EBE,2,15,1245.529,676.237,0.5429,2,echonet_dynamic_no_long_axis_v1
0X7F33CFDB31ADCD6A,40,95,1180.791,723.595,0.6128,2,echonet_dynamic_no_long_axis_v1
0X7F3ABE82B6992583,97,107,839.429,405.97,0.4836,2,echonet_dynamic_no_long_axis_v1
0X7F3F1029C810EC0C,44,60,2728.636,1629.042,0.597,2,echonet_dynamic_no_long_axis_v1
0X7F44B26015459155,35,49,1824.67,1113.004,0.61,2,echonet_dynamic_no_long_axis_v1
0X7F49972656B12401,99,119,1168.329,654.079,0.5598,2,echonet_dynamic_no_long_axis_v1
0X7F4A99BDBFC2182F,124,143,1870.188,1155.167,0.6177,2,echonet_dynamic_no_long_axis_v1
0X7F4C057216F1A154,118,134,1652.496,897.59,0.5432,2,echonet_dynamic_no_long_axis_v1
0X7F50F813F8D25B5B,83,93,979.689,728.433,0.7435,2,echonet_dynamic_no_long_axis_v1
0X7F59661D773B332C,128,146,2882.466,2488.703,0.8634,2,echonet_dynamic_no_long_axis_v1
0X7F5987A4C2EE04A,109,124,1453.319,1056.176,0.7267,2,echonet_dynamic_no_long_axis_v1
0X7F5CB71A507DF8D1,37,54,1030.463,587.746,0.5704,2,echonet_dynamic_no_long_axis_v1
0X7F5FDD0D4BE306D8,62,76,1278.757,1088.2,0.851,2,echonet_dynamic_no_long_axis_v1
0X7F626207A5FD5189,51,70,1637.022,861.794,0.5264,2,echonet_dynamic_no_long_axis_v1
0X7F65556BA84EBBCB,33,45,978.014,702.992,0.7188,2,echonet_dynamic_no_long_axis_v1
0X7F666F93B086F12C,89,103,1079.654,607.522,0.5627,2,echonet_dynamic_no_long_axis_v1
0X7F6828554FDAF24,79,97,1001.378,536.005,0.5353,2,echonet_dynamic_no_long_axis_v1
0X7F6B899860079B54,87,102,3654.055,3165.8,0.8664,2,echonet_dynamic_no_long_axis_v1
0X7F6D009D54D33E63,38,53,1414.689,793.541,0.5609,2,echonet_dynamic_no_long_axis_v1
0X7F6DB8B3D4E8B55,49,67,1166.572,672.747,0.5767,2,echonet_dynamic_no_long_axis_v1
0X7F6E0885BC9B860B,49,68,1033.0,543.983,0.5266,2,echonet_dynamic_no_long_axis_v1
0X7F7068CC85CAA239,37,48,782.307,459.62,0.5875,2,echonet_dynamic_no_long_axis_v1
0X7F729CDC1F8A8FB2,65,83,1966.47,928.113,0.472,2,echonet_dynamic_no_long_axis_v1
0X7F76F93FC067F40D,113,128,1098.009,829.038,0.755,2,echonet_dynamic_no_long_axis_v1
0X7F83AF45B348B1D9,33,45,2120.445,1197.118,0.5646,2,echonet_dynamic_no_long_axis_v1
0X7F888CA2AE13003C,136,154,1090.476,579.287,0.5312,2,echonet_dynamic_no_long_axis_v1
0X7F8C1AE16F2BE812,108,123,1992.071,1310.727,0.658,2,echonet_dynamic_no_long_axis_v1
0X7F8E427A8C0CAA8,73,90,888.938,549.141,0.6178,2,echonet_dynamic_no_long_axis_v1
0X7F9D0256F9D9B44F,56,81,2274.047,1323.168,0.5819,2,echonet_dynamic_no_long_axis_v1
0X7F9E684F7BD8FF64,1,13,703.943,339.8,0.4827,2,echonet_dynamic_no_long_axis_v1
0X7F9ED6D9B7543E46,86,106,1021.545,589.541,0.5771,2,echonet_dynamic_no_long_axis_v1
0X7FA12212C7887EC7,31,45,1566.911,740.996,0.4729,2,echonet_dynamic_no_long_axis_v1
0X7FA1AACC44E2B13D,42,58,1334.202,723.753,0.5425,2,echonet_dynamic_no_long_axis_v1
0X7FA1DE5F5006E04B,98,116,1186.158,681.254,0.5743,2,echonet_dynamic_no_long_axis_v1
0X7FA40A4991567843,71,85,839.303,484.346,0.5771,2,echonet_dynamic_no_long_axis_v1
0X7FA84CF03DD99FD3,96,112,1226.721,525.532,0.4284,2,echonet_dynamic_no_long_axis_v1
0X7FACBF00899A8ACF,43,58,560.541,293.514,0.5236,2,echonet_dynamic_no_long_axis_v1
0X7FADA6C7AC45A389,0,17,990.973,538.268,0.5432,2,echonet_dynamic_no_long_axis_v1
0X7FB15C9CF30544A4,1,16,634.322,376.568,0.5937,2,echonet_dynamic_no_long_axis_v1
0X7FB52DF47D58D5EF,40,58,1018.936,586.674,0.5758,2,echonet_dynamic_no_long_axis_v1
0X7FB86702C128C3E7,108,125,1603.056,1058.596,0.6604,2,echonet_dynamic_no_long_axis_v1
0X7FBA0A353972E8CE,37,54,2127.651,1363.164,0.6407,2,echonet_dynamic_no_long_axis_v1
0X7FBBFD75F86988E1,62,82,1085.89,647.276,0.5961,2,echonet_dynamic_no_long_axis_v1
0X7FBE933AD38C3009,98,110,2076.253,1072.043,0.5163,2,echonet_dynamic_no_long_axis_v1
0X7FCC13D41D507C64,42,56,3284.08,2721.303,0.8286,2,echonet_dynamic_no_long_axis_v1
0X7FCE5D1FB46D6BDE,71,92,912.586,468.316,0.5132,2,echonet_dynamic_no_long_axis_v1
0X7FCF556C166C571,7,17,1404.098,918.764,0.6543,2,echonet_dynamic_no_long_axis_v1
0X7FD042711B0E1D27,72,88,1140.838,656.069,0.5751,2,echonet_dynamic_no_long_axis_v1
0X7FD058A6306C7EF8,37,52,1974.833,997.253,0.505,2,echonet_dynamic_no_long_axis_v1
0X7FD0FEBD1D0CB00C,94,115,1954.693,1541.465,0.7886,2,echonet_dynamic_no_long_axis_v1
0X7FDE5F6E1091C024,0,14,1271.386,1118.98,0.8801,2,echonet_dynamic_no_long_axis_v1
0X7FDEEB42B822AABC,53,69,1025.202,486.843,0.4749,2,echonet_dynamic_no_long_axis_v1
0X7FE0B07EC190E77D,54,66,1549.121,1147.281,0.7406,2,echonet_dynamic_no_long_axis_v1
0X7FE0C465A0251BAE,35,53,1357.401,721.25,0.5313,2,echonet_dynamic_no_long_axis_v1
0X7FE18A8EC2E2E11A,78,93,1306.92,764.236,0.5848,2,echonet_dynamic_no_long_axis_v1
0X7FE1C56B8173D76B,91,107,1252.206,679.848,0.5429,2,echonet_dynamic_no_long_axis_v1
0X7FE309A386708568,114,139,1641.102,1145.799,0.6982,2,echonet_dynamic_no_long_axis_v1
0X7FE48E5475ADE2E3,119,94,1843.768,1475.604,0.8003,2,echonet_dynamic_no_long_axis_v1
0X7FE620885816A032,79,94,2435.109,1994.209,0.8189,2,echonet_dynamic_no_long_axis_v1
0X7FE6224B4AC49B7E,54,72,2299.942,1649.061,0.717,2,echonet_dynamic_no_long_axis_v1
0X7FE8D1F8E0376B88,52,74,1337.81,833.012,0.6227,2,echonet_dynamic_no_long_axis_v1
0X7FE97EB98940401D,74,95,1208.966,678.758,0.5614,2,echonet_dynamic_no_long_axis_v1
0X7FE9B2FFC96B60E6,50,67,2370.855,2023.728,0.8536,2,echonet_dynamic_no_long_axis_v1
0X7FEC2CF1EBF472C6,171,190,1156.352,624.44,0.54,2,echonet_dynamic_no_long_axis_v1
0X7FF2092E3F8724DC,47,64,1522.526,885.211,0.5814,2,echonet_dynamic_no_long_axis_v1
0X7FF6111130FB1E5E,44,62,2028.425,1454.422,0.717,2,echonet_dynamic_no_long_axis_v1
0X7FF6AF6E2EAF781,54,68,1105.403,900.147,0.8143,2,echonet_dynamic_no_long_axis_v1
0X7FFB6106C779A974,61,77,1797.865,945.92,0.5261,2,echonet_dynamic_no_long_axis_v1
0X7FFE47211BD0EA01,95,112,1131.256,799.641,0.7069,2,echonet_dynamic_no_long_axis_v1
0X7FFE99C52C424E9A,105,126,1478.107,799.409,0.5408,2,echonet_dynamic_no_long_axis_v1
0X800ACAD85B587B0,3,28,955.857,524.357,0.5486,2,echonet_dynamic_no_long_axis_v1
0X803C3B563A14E1F,225,254,2593.071,1327.407,0.5119,2,echonet_dynamic_no_long_axis_v1
0X8054AB409CF3EB,133,155,1309.062,604.111,0.4615,2,echonet_dynamic_no_long_axis_v1
0X808E84C059F2E12,39,57,1779.324,1048.263,0.5891,2,echonet_dynamic_no_long_axis_v1
0X809DF9732C992B1,47,63,1690.068,837.661,0.4956,2,echonet_dynamic_no_long_axis_v1
0X80BB507E25E9051,40,56,1691.215,892.319,0.5276,2,echonet_dynamic_no_long_axis_v1
0X810938B35377D16,64,83,1361.353,732.963,0.5384,2,echonet_dynamic_no_long_axis_v1
0X812DBE8706E91E5,173,195,1973.998,981.634,0.4973,2,echonet_dynamic_no_long_axis_v1
0X814D190DF9A8A2D,79,101,1204.553,704.167,0.5846,2,echonet_dynamic_no_long_axis_v1
0X818765E8E170C5,93,107,981.488,634.942,0.6469,2,echonet_dynamic_no_long_axis_v1
0X81C37C9513EF69,46,63,4216.848,2648.176,0.628,2,echonet_dynamic_no_long_axis_v1
0X81E84BB3D703367,56,82,2494.573,1991.163,0.7982,2,echonet_dynamic_no_long_axis_v1
0X8216721E18CBC00,2,15,1324.67,1052.046,0.7942,2,echonet_dynamic_no_long_axis_v1
0X821F08A571C0618,44,65,1273.083,566.668,0.4451,2,echonet_dynamic_no_long_axis_v1
0X823D7223765294E,113,130,1505.089,849.278,0.5643,2,echonet_dynamic_no_long_axis_v1
0X825E3913D0D68F2,5,14,1614.098,907.197,0.562,2,echonet_dynamic_no_long_axis_v1
0X827ECF66833BBA2,106,121,1723.662,826.873,0.4797,2,echonet_dynamic_no_long_axis_v1
0X8288BB1A5DA12FF,56,79,955.071,614.762,0.6437,2,echonet_dynamic_no_long_axis_v1
0X8306A6BD55A19F5,59,77,1772.686,1013.188,0.5716,2,echonet_dynamic_no_long_axis_v1
0X8325F4E34DD910D,57,73,1391.148,501.561,0.3605,2,echonet_dynamic_no_long_axis_v1
0X834EF864ED0A453,121,140,2209.853,1475.638,0.6678,2,echonet_dynamic_no_long_axis_v1
0X837EE8D6BDBD824,141,153,1199.597,687.497,0.5731,2,echonet_dynamic_no_long_axis_v1
0X838581B4AEFA558,83,100,2310.877,1182.002,0.5115,2,echonet_dynamic_no_long_axis_v1
0X8398A447D95E31,74,90,1737.941,1167.828,0.672,2,echonet_dynamic_no_long_axis_v1
0X83C6343E938255C,93,107,1052.669,548.773,0.5213,2,echonet_dynamic_no_long_axis_v1
0X83FBE3781C4F828,31,47,1303.274,693.201,0.5319,2,echonet_dynamic_no_long_axis_v1
0X8429581F984C6A4,41,53,987.609,588.904,0.5963,2,echonet_dynamic_no_long_axis_v1
0X843AD4240FB0AD6,115,131,1629.963,998.475,0.6126,2,echonet_dynamic_no_long_axis_v1
0X848378E4CE0BD88,23,29,1190.196,669.486,0.5625,2,echonet_dynamic_no_long_axis_v1
0X84DF2CB5BBD3A91,66,87,1098.371,571.042,0.5199,2,echonet_dynamic_no_long_axis_v1
0X8558D35ED09F890,96,116,1894.77,1349.528,0.7122,2,echonet_dynamic_no_long_axis_v1
0X85DEC5C015AA094,77,93,770.324,447.829,0.5814,2,echonet_dynamic_no_long_axis_v1
0X862D8340FB0AB5D,64,75,1235.827,625.311,0.506,2,echonet_dynamic_no_long_axis_v1
0X86643606EDB99E8,155,170,1036.278,673.263,0.6497,2,echonet_dynamic_no_long_axis_v1
0X868028466F66DE2,4,18,1473.395,952.257,0.6463,2,echonet_dynamic_no_long_axis_v1
0X86C408DFC3FF659,36,49,1448.99,892.286,0.6158,2,echonet_dynamic_no_long_axis_v1
0X871CEFF60C7274C,35,53,1475.43,944.845,0.6404,2,echonet_dynamic_no_long_axis_v1
0X875E7FCD5A76D74,0,14,1692.447,1494.36,0.883,2,echonet_dynamic_no_long_axis_v1
0X876E335B4AF534E,63,76,1062.729,632.987,0.5956,2,echonet_dynamic_no_long_axis_v1
0X87A60AE9795E5C3,63,80,1419.406,778.202,0.5483,2,echonet_dynamic_no_long_axis_v1
0X87D7BC7C27ADD3C,83,98,1649.413,892.602,0.5412,2,echonet_dynamic_no_long_axis_v1
0X87EDBD72DA6B2D3,41,59,1619.544,1209.373,0.7467,2,echonet_dynamic_no_long_axis_v1
0X881AA416D8AB418,71,85,1237.627,978.4,0.7905,2,echonet_dynamic_no_long_axis_v1
0X8877F8DEB7D6CC0,92,111,2673.513,1056.051,0.395,2,echonet_dynamic_no_long_axis_v1
0X88C42FCA83FB0A7,109,125,1249.128,617.315,0.4942,2,echonet_dynamic_no_long_axis_v1
0X88CCC8BE9FDF7EA,51,68,3185.09,1825.668,0.5732,2,echonet_dynamic_no_long_axis_v1
0X88D256E56DDCF23,94,111,3468.33,2915.078,0.8405,2,echonet_dynamic_no_long_axis_v1
0X88D6A14569716D2,70,82,1161.497,667.018,0.5743,2,echonet_dynamic_no_long_axis_v1
0X88E1A4DDF09741A,45,63,1413.8,1085.688,0.7679,2,echonet_dynamic_no_long_axis_v1
0X88E54370A17E06F,125,136,1621.926,1100.605,0.6786,2,echonet_dynamic_no_long_axis_v1
0X88F47DF3EAB4624,37,55,2151.009,1281.118,0.5956,2,echonet_dynamic_no_long_axis_v1
0X890D3BA23D088E7,47,62,930.003,490.515,0.5274,2,echonet_dynamic_no_long_axis_v1
0X8956CF90AA24E85,35,48,1595.001,831.958,0.5216,2,echonet_dynamic_no_long_axis_v1
0X897DC95F2BA7FDD,56,78,1226.44,626.888,0.5111,2,echonet_dynamic_no_long_axis_v1
0X89931CCA2CA8FEB,56,69,1132.795,911.211,0.8044,2,echonet_dynamic_no_long_axis_v1
0X899CFAA2241B41A,69,84,1251.188,795.796,0.636,2,echonet_dynamic_no_long_axis_v1
0X89C66B02F23463,112,126,979.623,400.197,0.4085,2,echonet_dynamic_no_long_axis_v1
0X89F6E4E6E71311E,77,102,1047.968,619.091,0.5908,2,echonet_dynamic_no_long_axis_v1
0X8A00B604D26DE91,41,52,888.432,455.02,0.5122,2,echonet_dynamic_no_long_axis_v1
0X8A02C375D49B3A0,57,71,1079.726,654.933,0.6066,2,echonet_dynamic_no_long_axis_v1
0X8A609D00A0FAB1E,86,97,1497.723,908.592,0.6066,2,echonet_dynamic_no_long_axis_v1
0X8AD33565052D9C0,38,56,1256.191,741.261,0.5901,2,echonet_dynamic_no_long_axis_v1
0X8ADB8A9EE8822FD,120,142,1524.858,833.493,0.5466,2,echonet_dynamic_no_long_axis_v1
0X8AE11CBC0A5D3E0,37,52,1271.753,648.686,0.5101,2,echonet_dynamic_no_long_axis_v1
0X8AE76DB8D580220,55,74,1613.592,957.463,0.5934,2,echonet_dynamic_no_long_axis_v1
0X8B81181EDD9DDFE,105,129,797.067,414.761,0.5204,2,echonet_dynamic_no_long_axis_v1
0X8C4EE7B7BDD0AE9,45,73,812.704,465.596,0.5729,2,echonet_dynamic_no_long_axis_v1
0X8C79A779F8014F8,48,65,1277.398,699.871,0.5479,2,echonet_dynamic_no_long_axis_v1
0X8CC92C116365C7B,112,126,1373.318,1071.573,0.7803,2,echonet_dynamic_no_long_axis_v1
0X8D4753B7DADB6A6,26,38,998.811,597.159,0.5979,2,echonet_dynamic_no_long_axis_v1
0X8D6808AE8CCE022,95,112,2076.276,1072.969,0.5168,2,echonet_dynamic_no_long_axis_v1
0X8D771490D0E2E2E,90,102,853.047,476.274,0.5583,2,echonet_dynamic_no_long_axis_v1
0X8D9EBA5A4173367,56,74,1467.433,1054.664,0.7187,2,echonet_dynamic_no_long_axis_v1
0X8DB48002F8F408D,53,70,1457.943,956.441,0.656,2,echonet_dynamic_no_long_axis_v1
0X8DD547AAAF4577C,91,106,1296.821,679.523,0.524,2,echonet_dynamic_no_long_axis_v1
0X8DDBA56BBEDA587,0,17,1459.995,765.128,0.5241,2,echonet_dynamic_no_long_axis_v1
0X8E0549DB1C1180F,48,65,812.078,469.792,0.5785,2,echonet_dynamic_no_long_axis_v1
0X8E0D26B4A4C7F9C,43,68,923.82,403.002,0.4362,2,echonet_dynamic_no_long_axis_v1
0X8E2FCF5187C4872,127,144,1337.197,770.943,0.5765,2,echonet_dynamic_no_long_axis_v1
0X8E4C0881B1F460D,64,78,1228.386,691.333,0.5628,2,echonet_dynamic_no_long_axis_v1
0X8E7B765866B0CA7,105,125,1882.929,1385.778,0.736,2,echonet_dynamic_no_long_axis_v1
0X8F03E72D159789D,105,131,1468.662,838.697,0.5711,2,echonet_dynamic_no_long_axis_v1
0X8F5D6CCBFC12DDD,86,105,2082.815,1253.365,0.6018,2,echonet_dynamic_no_long_axis_v1
0X8F75381F3CD39C3,44,57,881.351,688.395,0.7811,2,echonet_dynamic_no_long_axis_v1
0X9044899961C94FF,63,78,899.977,623.879,0.6932,2,echonet_dynamic_no_long_axis_v1
0X90500B5A7C0E6C0,0,17,1737.488,971.926,0.5594,2,echonet_dynamic_no_long_axis_v1
0X9061772F56FB80F,85,103,1238.771,844.518,0.6817,2,echonet_dynamic_no_long_axis_v1
0X90825C9FEC5E29B,5,17,2984.307,2244.252,0.752,2,echonet_dynamic_no_long_axis_v1
0X90843A89F2D62D9,69,88,1015.086,639.772,0.6303,2,echonet_dynamic_no_long_axis_v1
0X90BE54996D1FE56,119,140,1155.54,546.616,0.473,2,echonet_dynamic_no_long_axis_v1
0X914E962BA46BCAE,151,167,1151.637,699.844,0.6077,2,echonet_dynamic_no_long_axis_v1
0X9190B2AF79FD1EF,47,63,1550.448,909.909,0.5869,2,echonet_dynamic_no_long_axis_v1
0X91EEBF4F6984C3C,100,118,1718.579,1166.548,0.6788,2,echonet_dynamic_no_long_axis_v1
0X920784B3F888823,88,97,832.755,278.137,0.334,2,echonet_dynamic_no_long_axis_v1
0X921B9F8EC62DE20,114,133,1927.259,1014.692,0.5265,2,echonet_dynamic_no_long_axis_v1
0X922773E4DBD8FDA,76,88,895.067,409.219,0.4572,2,echonet_dynamic_no_long_axis_v1
0X92A69D3CBDD8890,77,93,1407.461,1229.691,0.8737,2,echonet_dynamic_no_long_axis_v1
0X92E7F82947B0C28,1,13,639.275,339.1,0.5304,2,echonet_dynamic_no_long_axis_v1
0X932199C4C55B362,72,86,1251.034,634.513,0.5072,2,echonet_dynamic_no_long_axis_v1
0X936B9FCB68B8F2A,67,85,2029.167,1218.052,0.6003,2,echonet_dynamic_no_long_axis_v1
0X93720259E693454,114,134,2105.963,1192.296,0.5662,2,echonet_dynamic_no_long_axis_v1
0X93769D5AAF18824,0,15,1367.972,735.719,0.5378,2,echonet_dynamic_no_long_axis_v1
0X938895A99199D5E,64,92,2612.541,1906.162,0.7296,2,echonet_dynamic_no_long_axis_v1
0X93C06F6952E14DA,94,114,1272.868,735.042,0.5775,2,echonet_dynamic_no_long_axis_v1
0X93ECC18675FEC51,45,64,1027.039,553.553,0.539,2,echonet_dynamic_no_long_axis_v1
0X93ED1CF2689DBEE,68,83,2318.172,1168.913,0.5042,2,echonet_dynamic_no_long_axis_v1
0X93F22EE30533FAD,65,82,1121.727,971.764,0.8663,2,echonet_dynamic_no_long_axis_v1
0X9408F4FC14DA75D,122,132,895.447,487.843,0.5448,2,echonet_dynamic_no_long_axis_v1
0X9419D068656DB99,84,98,1301.797,751.179,0.577,2,echonet_dynamic_no_long_axis_v1
0X94423ABE1D87A82,67,79,2040.385,1012.383,0.4962,2,echonet_dynamic_no_long_axis_v1
0X9581FCED8A0EB28,0,15,1334.907,949.609,0.7114,2,echonet_dynamic_no_long_axis_v1
0X966B4698CBD18F6,98,121,3317.765,2859.006,0.8617,2,echonet_dynamic_no_long_axis_v1
0X96ACFF7BE3F559D,91,108,2572.872,1343.851,0.5223,2,echonet_dynamic_no_long_axis_v1
0X96CE61C92FAEE43,42,57,878.385,583.61,0.6644,2,echonet_dynamic_no_long_axis_v1
0X97101B235AE00C6,50,61,985.979,514.46,0.5218,2,echonet_dynamic_no_long_axis_v1
0X972FF6E2B9B9B1B,150,168,1102.951,654.782,0.5937,2,echonet_dynamic_no_long_axis_v1
0X973E4A9DAADDF9F,49,40,501.0,432.201,0.8627,2,echonet_dynamic_no_long_axis_v1
0X973FF05037F911F,59,80,1363.169,696.494,0.5109,2,echonet_dynamic_no_long_axis_v1
0X9756BC052F770E5,49,69,1590.858,1251.884,0.7869,2,echonet_dynamic_no_long_axis_v1
0X9776C2BDF17D2F,53,71,1815.104,1018.017,0.5609,2,echonet_dynamic_no_long_axis_v1
0X977FA9B62EA3FD1,81,95,780.284,488.957,0.6266,2,echonet_dynamic_no_long_axis_v1
0X9790A6812535DA6,36,52,1640.476,1276.789,0.7783,2,echonet_dynamic_no_long_axis_v1
0X98217365CE7C868,43,53,747.738,446.526,0.5972,2,echonet_dynamic_no_long_axis_v1
0X983B0EA3147F367,22,34,1353.487,636.149,0.47,2,echonet_dynamic_no_long_axis_v1
0X989B4D72DC92247,39,47,840.536,523.683,0.623,2,echonet_dynamic_no_long_axis_v1
0X98A5CDCC73DC4E9,47,67,1242.233,857.566,0.6903,2,echonet_dynamic_no_long_axis_v1
0X98AE6BD83F02077,68,78,1412.908,1102.211,0.7801,2,echonet_dynamic_no_long_axis_v1
0X98B0C025EC61940,46,63,2396.862,1445.192,0.603,2,echonet_dynamic_no_long_axis_v1
0X98E1CCF5F6CADF5,100,118,1398.336,782.545,0.5596,2,echonet_dynamic_no_long_axis_v1
0X9910641C4636621,41,57,1261.112,667.397,0.5292,2,echonet_dynamic_no_long_axis_v1
0X992CE8E901B6D5D,98,119,1263.584,685.344,0.5424,2,echonet_dynamic_no_long_axis_v1
0X9949F48CD62C825,70,83,1118.388,603.088,0.5392,2,echonet_dynamic_no_long_axis_v1
0X996144BA5B06549,2,16,1133.985,639.249,0.5637,2,echonet_dynamic_no_long_axis_v1
0X99779FE7AB6FCB0,53,66,1728.727,948.0,0.5484,2,echonet_dynamic_no_long_axis_v1
0X9986074CBE59786,45,59,1603.398,1020.323,0.6364,2,echonet_dynamic_no_long_axis_v1
0X999693BACC06F2A,35,53,1510.381,804.853,0.5329,2,echonet_dynamic_no_long_axis_v1
0X99E2DE4B1C00277,74,90,1900.443,994.709,0.5234,2,echonet_dynamic_no_long_axis_v1
0X9A03DC1334986F3,32,44,3074.455,2819.704,0.9171,2,echonet_dynamic_no_long_axis_v1
0X9A5A7DB7451F0C8,78,100,1704.532,992.461,0.5822,2,echonet_dynamic_no_long_axis_v1
0X9A5EF4B2212EA30,44,57,1058.93,604.512,0.5709,2,echonet_dynamic_no_long_axis_v1
0X9A79C9B36D1055C,44,55,1089.889,727.345,0.6674,2,echonet_dynamic_no_long_axis_v1
0X9A907E25D74AE97,70,89,1078.616,635.037,0.5888,2,echonet_dynamic_no_long_axis_v1
0X9AA7B6854969266,45,63,1230.52,700.309,0.5691,2,echonet_dynamic_no_long_axis_v1
0X9ABE9D61E4472A8,41,56,905.021,524.793,0.5799,2,echonet_dynamic_no_long_axis_v1
0X9B0C20331B5EB7F,81,99,1467.993,823.038,0.5607,2,echonet_dynamic_no_long_axis_v1
0X9B148571A758952,49,73,1190.69,620.409,0.521,2,echonet_dynamic_no_long_axis_v1
0X9B2BE4C440C107D,41,54,1180.286,658.042,0.5575,2,echonet_dynamic_no_long_axis_v1
0X9B4420F570F7BA,97,111,1663.682,1126.053,0.6768,2,echonet_dynamic_no_long_axis_v1
0X9B80B7519CEBB0,50,73,874.154,455.348,0.5209,2,echonet_dynamic_no_long_axis_v1
0X9BC2066CD0D816F,102,124,2705.019,2162.185,0.7993,2,echonet_dynamic_no_long_axis_v1
0X9BC46CA635485B6,129,144,1694.888,1382.322,0.8156,2,echonet_dynamic_no_long_axis_v1
0X9BCA80E40CC5AFF,81,95,2479.641,1340.904,0.5408,2,echonet_dynamic_no_long_axis_v1
0X9BCAF5D4D05D27F,37,52,2133.34,1129.11,0.5293,2,echonet_dynamic_no_long_axis_v1
0X9C07F125C8FC4C1,44,57,955.642,563.768,0.5899,2,echonet_dynamic_no_long_axis_v1
0X9C5CFD92158CC11,72,93,1888.335,1499.36,0.794,2,echonet_dynamic_no_long_axis_v1
0X9C73FFFD19447AB,57,77,1099.69,754.601,0.6862,2,echonet_dynamic_no_long_axis_v1
0X9C7E9770B314AE5,42,54,1090.573,625.219,0.5733,2,echonet_dynamic_no_long_axis_v1
0X9CCD9D64D3CA005,48,66,1668.521,814.42,0.4881,2,echonet_dynamic_no_long_axis_v1
0X9D0FC1FDA17491D,64,85,1410.293,899.132,0.6375,2,echonet_dynamic_no_long_axis_v1
0X9D40B3B9C178B26,34,47,1085.664,700.034,0.6448,2,echonet_dynamic_no_long_axis_v1
0X9DB79DF0A269227,127,141,1207.473,651.874,0.5399,2,echonet_dynamic_no_long_axis_v1
0X9DBF850852BB18F,51,71,1822.47,936.63,0.5139,2,echonet_dynamic_no_long_axis_v1
0X9DE98A203BEC5F2,4,22,1100.349,618.143,0.5618,2,echonet_dynamic_no_long_axis_v1
0X9E181B942CACADF,0,18,1259.286,652.008,0.5178,2,echonet_dynamic_no_long_axis_v1
0X9E37320F33E7ED,187,212,1219.241,763.046,0.6258,2,echonet_dynamic_no_long_axis_v1
0X9E3B3B6B928DA58,262,291,2508.786,1446.295,0.5765,2,echonet_dynamic_no_long_axis_v1
0X9E3D09429F6B852,128,142,1661.599,1076.992,0.6482,2,echonet_dynamic_no_long_axis_v1
0X9E6E997496C87CC,44,59,1163.284,1008.461,0.8669,2,echonet_dynamic_no_long_axis_v1
0X9E72E2C8A9536F6,2,12,1094.084,616.64,0.5636,2,echonet_dynamic_no_long_axis_v1
0X9F2D61012CC7FCA,41,59,595.784,335.846,0.5637,2,echonet_dynamic_no_long_axis_v1
0X9F2E7A05C3B994C,122,140,1699.577,1062.113,0.6249,2,echonet_dynamic_no_long_axis_v1
0X9F47D732822A695,47,69,1530.398,818.229,0.5347,2,echonet_dynamic_no_long_axis_v1
0X9FB2E15488737AA,157,173,1557.135,920.905,0.5914,2,echonet_dynamic_no_long_axis_v1
0X9FBEB56D70FA0B7,65,80,1338.237,762.955,0.5701,2,echonet_dynamic_no_long_axis_v1
0XA05202904A89EAD,0,21,1082.61,773.489,0.7145,2,echonet_dynamic_no_long_axis_v1
0XA0FF3E0630F3902,33,43,1480.317,1179.51,0.7968,2,echonet_dynamic_no_long_axis_v1
0XA14DEADA0918C0C,0,21,1893.039,1151.715,0.6084,2,echonet_dynamic_no_long_axis_v1
0XA1EC54A2895788E,82,95,1310.69,784.554,0.5986,2,echonet_dynamic_no_long_axis_v1
0XA2092DD4255657B,105,121,1437.495,688.076,0.4787,2,echonet_dynamic_no_long_axis_v1
0XA20E92517726A99,55,72,1303.695,679.291,0.5211,2,echonet_dynamic_no_long_axis_v1
0XA20EE6C5B1F48CB,95,116,3015.894,2254.679,0.7476,2,echonet_dynamic_no_long_axis_v1
0XA238B0B664FDCFE,51,69,1007.084,591.953,0.5878,2,echonet_dynamic_no_long_axis_v1
0XA23DF6B3D64C5A1,88,106,2128.658,1266.255,0.5949,2,echonet_dynamic_no_long_axis_v1
0XA27FDD7A35C6779,116,134,1244.533,639.786,0.5141,2,echonet_dynamic_no_long_axis_v1
0XA28369AAB872CF2,39,50,639.933,376.329,0.5881,2,echonet_dynamic_no_long_axis_v1
0XA29BAB8A42F22B5,77,55,761.023,446.938,0.5873,2,echonet_dynamic_no_long_axis_v1
0XA2CE53842FD45BE,68,81,1164.362,633.959,0.5445,2,echonet_dynamic_no_long_axis_v1
0XA31E5D703BAE77A,81,95,1124.333,788.382,0.7012,2,echonet_dynamic_no_long_axis_v1
0XA3372C20EFD8726,188,207,1337.882,803.435,0.6005,2,echonet_dynamic_no_long_axis_v1
0XA3617C5EFEDD2E5,103,121,1564.66,904.35,0.578,2,echonet_dynamic_no_long_axis_v1
0XA3D91865EC953D9,88,103,1623.059,801.303,0.4937,2,echonet_dynamic_no_long_axis_v1
0XA3DC9C69839F5FA,53,71,1471.171,814.551,0.5537,2,echonet_dynamic_no_long_axis_v1
0XA40AEF2A1787260,44,63,1066.737,613.031,0.5747,2,echonet_dynamic_no_long_axis_v1
0XA42F2AFCCCD336D,64,79,3051.282,1989.405,0.652,2,echonet_dynamic_no_long_axis_v1
0XA43117B34833F33,48,66,1082.809,610.432,0.5637,2,echonet_dynamic_no_long_axis_v1
0XA45E4E31AD288AB,36,50,1065.022,568.98,0.5342,2,echonet_dynamic_no_long_axis_v1
0XA490B5C1BABF770,43,61,1298.687,988.932,0.7615,2,echonet_dynamic_no_long_axis_v1
0XA5323DD59E0A869,112,132,1106.342,660.263,0.5968,2,echonet_dynamic_no_long_axis_v1
0XA5BE050BEE27DE1,67,83,1003.385,617.799,0.6157,2,echonet_dynamic_no_long_axis_v1
0XA5C31C5A0108C30,44,59,876.037,488.333,0.5574,2,echonet_dynamic_no_long_axis_v1
0XA6098BB06A8586A,97,113,1594.463,811.195,0.5088,2,echonet_dynamic_no_long_axis_v1
0XA61A892741BB67A,56,66,1121.878,687.611,0.6129,2,echonet_dynamic_no_long_axis_v1
0XA64090D4741F0BD,46,62,1133.663,640.659,0.5651,2,echonet_dynamic_no_long_axis_v1
0XA684E725FD761B6,144,171,1331.304,755.086,0.5672,2,echonet_dynamic_no_long_axis_v1
0XA69CDEAD15F2E1A,95,111,2185.587,1135.916,0.5197,2,echonet_dynamic_no_long_axis_v1
0XA6A8F7E7AA0F98E,75,90,1173.11,695.915,0.5932,2,echonet_dynamic_no_long_axis_v1
0XA6BD3BA9AAB064D,36,51,720.673,365.626,0.5073,2,echonet_dynamic_no_long_axis_v1
0XA6D71323002CF21,42,61,1226.492,846.113,0.6899,2,echonet_dynamic_no_long_axis_v1
0XA6D84E19F2DA13D,36,52,1841.883,1001.264,0.5436,2,echonet_dynamic_no_long_axis_v1
0XA6E09CACE38DD02,48,64,1072.402,747.81,0.6973,2,echonet_dynamic_no_long_axis_v1
0XA72DE0C1F32EA64,8,22,1406.274,1140.801,0.8112,2,echonet_dynamic_no_long_axis_v1
0XA72F656E23C7F53,3,17,1159.785,647.212,0.558,2,echonet_dynamic_no_long_axis_v1
0XA789C0D93B1DF7A,49,63,1013.658,508.846,0.502,2,echonet_dynamic_no_long_axis_v1
0XA7F4EE9647DF974,5,26,1543.348,869.887,0.5636,2,echonet_dynamic_no_long_axis_v1
0XA8324479A861D01,118,131,2079.79,1261.079,0.6063,2,echonet_dynamic_no_long_axis_v1
0XA837A17982E7335,84,101,1190.131,709.891,0.5965,2,echonet_dynamic_no_long_axis_v1
0XA84957F45657A67,84,97,1967.141,1007.604,0.5122,2,echonet_dynamic_no_long_axis_v1
0XA86485C87693449,31,44,1027.768,836.361,0.8138,2,echonet_dynamic_no_long_axis_v1
0XA8C2902A686BF34,48,67,1271.333,818.244,0.6436,2,echonet_dynamic_no_long_axis_v1
0XA8EB154B86EAEE7,60,73,990.251,811.392,0.8194,2,echonet_dynamic_no_long_axis_v1
0XA94EE36D10C4D70,42,57,2288.04,1125.084,0.4917,2,echonet_dynamic_no_long_axis_v1
0XA951AB7646161AE,79,97,1422.609,901.196,0.6335,2,echonet_dynamic_no_long_axis_v1
0XA97434292889BC4,61,84,1749.981,1073.334,0.6133,2,echonet_dynamic_no_long_axis_v1
0XA989DD619F4AB85,38,52,1153.583,617.974,0.5357,2,echonet_dynamic_no_long_axis_v1
0XAA023992D00F604,4,16,789.073,438.529,0.5558,2,echonet_dynamic_no_long_axis_v1
0XAA304E75C4EE3E9,91,99,1454.001,829.477,0.5705,2,echonet_dynamic_no_long_axis_v1
0XAA3A306D4EC8B69,137,162,1479.694,904.214,0.6111,2,echonet_dynamic_no_long_axis_v1
0XAA3E06425E1A23E,73,86,1056.532,818.867,0.7751,2,echonet_dynamic_no_long_axis_v1
0XAA4741B7E7194A2,51,69,976.805,532.336,0.545,2,echonet_dynamic_no_long_axis_v1
0XAA68800871BD1FD,72,88,1616.57,820.829,0.5078,2,echonet_dynamic_no_long_axis_v1
0XAAB25926214E746,93,112,1865.641,1151.862,0.6174,2,echonet_dynamic_no_long_axis_v1
0XAABEF7BA895A967,80,96,1546.028,928.75,0.6007,2,echonet_dynamic_no_long_axis_v1
0XAAFC07869635B00,76,92,1351.178,743.206,0.55,2,echonet_dynamic_no_long_axis_v1
0XAB497CBE6A93DA1,66,85,953.611,552.08,0.5789,2,echonet_dynamic_no_long_axis_v1
0XAB701373CBCF5FC,51,66,3546.488,2037.258,0.5744,2,echonet_dynamic_no_long_axis_v1
0XAB7D06D7A122D44,81,93,1616.066,869.843,0.5382,2,echonet_dynamic_no_long_axis_v1
0XAB8C29BE4841CB0,61,82,1599.571,921.085,0.5758,2,echonet_dynamic_no_long_axis_v1
0XABA4614974D17D9,54,71,1150.554,646.133,0.5616,2,echonet_dynamic_no_long_axis_v1
0XABB712C1939FBC5,0,17,1144.905,720.869,0.6296,2,echonet_dynamic_no_long_axis_v1
0XABB9008CDCF5A14,46,62,1299.114,746.843,0.5749,2,echonet_dynamic_no_long_axis_v1
0XABBDDF3F072EB3F,87,100,1841.203,1472.34,0.7997,2,echonet_dynamic_no_long_axis_v1
0XAC0EAEC877E4011,78,94,1158.166,769.668,0.6646,2,echonet_dynamic_no_long_axis_v1
0XAC7C3A56AF70470,44,59,1245.417,739.156,0.5935,2,echonet_dynamic_no_long_axis_v1
0XAC98E4AFBFA863C,106,118,1123.373,655.189,0.5832,2,echonet_dynamic_no_long_axis_v1
0XACACEACDB6D7111,53,35,280.603,52.584,0.1874,2,echonet_dynamic_no_long_axis_v1
0XAD3A148177CC751,50,68,1817.623,987.679,0.5434,2,echonet_dynamic_no_long_axis_v1
0XADA270671B3E2BD,125,144,1602.383,986.12,0.6154,2,echonet_dynamic_no_long_axis_v1
0XADC4DD1BE4E66C6,48,76,2675.186,2149.118,0.8034,2,echonet_dynamic_no_long_axis_v1
0XAE20223CD4D01E4,59,77,1091.952,738.703,0.6765,2,echonet_dynamic_no_long_axis_v1
0XAE25D6E1B0C1D36,41,55,1221.545,565.648,0.4631,2,echonet_dynamic_no_long_axis_v1
0XAE64A9D50B9C49E,55,77,1678.734,887.784,0.5288,2,echonet_dynamic_no_long_axis_v1
0XAE7CEC16E9165DC,76,94,1376.049,756.532,0.5498,2,echonet_dynamic_no_long_axis_v1
0XAE9B1B36D4582AD,3,18,1460.701,695.577,0.4762,2,echonet_dynamic_no_long_axis_v1
0XAEA31035D9CAA52,69,50,1070.217,615.935,0.5755,2,echonet_dynamic_no_long_axis_v1
0XAF14E70264D4B68,77,55,1873.041,668.658,0.357,2,echonet_dynamic_no_long_axis_v1
0XAF2DAA07BEAF65F,182,201,1358.458,767.323,0.5648,2,echonet_dynamic_no_long_axis_v1
0XAF4A04FFB4BBBC8,3,18,1884.892,1008.186,0.5349,2,echonet_dynamic_no_long_axis_v1
0XAF4B0E083E9D6C2,40,54,1403.453,769.672,0.5484,2,echonet_dynamic_no_long_axis_v1
0XAF8D4A78571AD29,0,21,1207.523,675.368,0.5593,2,echonet_dynamic_no_long_axis_v1
0XAFBE86F77CEE5A0,46,67,757.903,375.156,0.495,2,echonet_dynamic_no_long_axis_v1
0XAFE17647DB9F842,31,45,918.084,501.188,0.5459,2,echonet_dynamic_no_long_axis_v1
0XB01A6602791740C,79,101,1247.962,647.976,0.5192,2,echonet_dynamic_no_long_axis_v1
0XB047DCB63710E45,3,21,1939.175,999.46,0.5154,2,echonet_dynamic_no_long_axis_v1
0XB0F37929C190A8C,57,72,1434.454,808.486,0.5636,2,echonet_dynamic_no_long_axis_v1
0XB11B61E6027ABCE,21,31,582.653,411.215,0.7058,2,echonet_dynamic_no_long_axis_v1
0XB11E2FD02BEDD68,34,54,1207.26,707.229,0.5858,2,echonet_dynamic_no_long_axis_v1
0XB120E010AF07AC0,3,21,1412.865,844.329,0.5976,2,echonet_dynamic_no_long_axis_v1
0XB2586FF43C881C2,44,60,2293.187,1307.395,0.5701,2,echonet_dynamic_no_long_axis_v1
0XB261623CE7B3E23,113,129,2459.003,1255.421,0.5105,2,echonet_dynamic_no_long_axis_v1
0XB27C7F68A21F79A,43,65,1186.433,745.366,0.6282,2,echonet_dynamic_no_long_axis_v1
0XB2850929FE8153,161,181,1908.165,1031.637,0.5406,2,echonet_dynamic_no_long_axis_v1
0XB29658CF38E12F7,147,160,695.78,447.071,0.6425,2,echonet_dynamic_no_long_axis_v1
0XB2B0A80A3F2DEF4,62,75,1304.979,683.71,0.5239,2,echonet_dynamic_no_long_axis_v1
0XB2B1E32A08876DF,94,112,2434.653,1318.735,0.5417,2,echonet_dynamic_no_long_axis_v1
0XB2D24AC185D2FAE,43,55,617.201,339.352,0.5498,2,echonet_dynamic_no_long_axis_v1
0XB2D73F7CA60D083,106,117,1783.555,1553.57,0.8711,2,echonet_dynamic_no_long_axis_v1
0XB37983600380DDC,59,74,1671.609,950.021,0.5683,2,echonet_dynamic_no_long_axis_v1
0XB3824A90B372B6,48,67,1652.171,922.13,0.5581,2,echonet_dynamic_no_long_axis_v1
0XB38FB7A0C821476,105,119,948.273,517.739,0.546,2,echonet_dynamic_no_long_axis_v1
0XB3B6D8016D3A0EA,40,56,1411.695,742.108,0.5257,2,echonet_dynamic_no_long_axis_v1
0XB3D681E981F28A9,63,73,1142.017,919.459,0.8051,2,echonet_dynamic_no_long_axis_v1
0XB3E3E715D675954,92,115,850.409,545.138,0.641,2,echonet_dynamic_no_long_axis_v1
0XB3F6662216A4BF1,119,134,1681.722,979.779,0.5826,2,echonet_dynamic_no_long_axis_v1
0XB3FFC4AE334E9F4,4,18,1501.547,1236.205,0.8233,2,echonet_dynamic_no_long_axis_v1
0XB46944CEABE2516,93,107,1067.239,640.628,0.6003,2,echonet_dynamic_no_long_axis_v1
0XB4AD1970D00CAB5,88,101,1362.463,690.556,0.5068,2,echonet_dynamic_no_long_axis_v1
0XB4CA9F2B3253AA4,83,93,729.659,432.974,0.5934,2,echonet_dynamic_no_long_axis_v1
0XB52E6E911CEFDD3,39,52,1044.394,526.529,0.5041,2,echonet_dynamic_no_long_axis_v1
0XB534B965C394598,87,105,591.926,326.311,0.5513,2,echonet_dynamic_no_long_axis_v1
0XB5470B070E7F16D,22,36,988.067,602.733,0.61,2,echonet_dynamic_no_long_axis_v1
0XB5492BEC906F76C,40,55,1727.416,1269.416,0.7349,2,echonet_dynamic_no_long_axis_v1
0XB55FE9464938526,28,41,1762.114,1390.847,0.7893,2,echonet_dynamic_no_long_axis_v1
0XB57FA9DF1716E76,3,18,1177.048,672.417,0.5713,2,echonet_dynamic_no_long_axis_v1
0XB5CAEDA2CA09409,37,51,990.601,704.307,0.711,2,echonet_dynamic_no_long_axis_v1
0XB5CECBD29920B7B,61,76,1488.592,1298.097,0.872,2,echonet_dynamic_no_long_axis_v1
0XB60BF6DE9227C68,62,79,1765.206,984.83,0.5579,2,echonet_dynamic_no_long_axis_v1
0XB618EF1BD4738C9,47,67,1601.08,1042.942,0.6514,2,echonet_dynamic_no_long_axis_v1
0XB61F11056573030,69,33,1221.626,690.043,0.5649,2,echonet_dynamic_no_long_axis_v1
0XB674609B23949FD,85,108,1490.804,872.78,0.5854,2,echonet_dynamic_no_long_axis_v1
0XB6A91D71A5741C2,37,49,970.842,480.968,0.4954,2,echonet_dynamic_no_long_axis_v1
0XB6BC570A4D3532,86,102,1816.37,1132.095,0.6233,2,echonet_dynamic_no_long_axis_v1
0XB6D8F3BAB7D9415,27,38,1738.969,1165.281,0.6701,2,echonet_dynamic_no_long_axis_v1
0XB72CF150368BAB2,61,79,662.437,538.589,0.813,2,echonet_dynamic_no_long_axis_v1
0XB731B3B5A5E2BF7,95,109,1226.131,709.517,0.5787,2,echonet_dynamic_no_long_axis_v1
0XB790D3227275B82,55,75,2991.454,1781.881,0.5957,2,echonet_dynamic_no_long_axis_v1
0XB7D37DE2E8CF999,54,71,1216.057,724.997,0.5962,2,echonet_dynamic_no_long_axis_v1
0XB7E1867A17EDAD4,37,48,868.695,522.692,0.6017,2,echonet_dynamic_no_long_axis_v1
0XB816279A0E9E07B,62,78,1118.865,822.932,0.7355,2,echonet_dynamic_no_long_axis_v1
0XB8513240ED5E94,115,66,1079.184,929.753,0.8615,2,echonet_dynamic_no_long_axis_v1
0XB854FB1991CF64E,32,48,1010.429,478.09,0.4732,2,echonet_dynamic_no_long_axis_v1
0XB8A42CE677180DB,105,119,1092.004,772.585,0.7075,2,echonet_dynamic_no_long_axis_v1
0XB8DDFCA26AD93E2,42,60,1484.527,1003.716,0.6761,2,echonet_dynamic_no_long_axis_v1
0XB97524F54DE851,60,79,1275.179,811.965,0.6367,2,echonet_dynamic_no_long_axis_v1
0XB97CDA07C6DD6F4,26,42,2253.128,2059.438,0.914,2,echonet_dynamic_no_long_axis_v1
0XB9AB54BCD7F3781,44,55,1259.773,555.121,0.4407,2,echonet_dynamic_no_long_axis_v1
0XB9C19B214A298A0,56,81,1266.39,885.366,0.6991,2,echonet_dynamic_no_long_axis_v1
0XB9DA76703445AFD,59,42,1022.503,572.416,0.5598,2,echonet_dynamic_no_long_axis_v1
0XB9DB01A28FD139B,63,79,1171.076,635.361,0.5425,2,echonet_dynamic_no_long_axis_v1
0XB9DF67C20D1A4B7,48,62,1027.165,572.309,0.5572,2,echonet_dynamic_no_long_axis_v1
0XB9F42D3E6D02705,58,71,1259.94,649.079,0.5152,2,echonet_dynamic_no_long_axis_v1
0XBA0869D75B7E754,362,391,1687.727,938.813,0.5563,2,echonet_dynamic_no_long_axis_v1
0XBA15B40D87218A9,57,76,1142.103,650.069,0.5692,2,echonet_dynamic_no_long_axis_v1
0XBA57FE6C733F574,96,113,1092.2,700.32,0.6412,2,echonet_dynamic_no_long_axis_v1
0XBA908EC80548AD8,75,92,1965.349,1591.656,0.8099,2,echonet_dynamic_no_long_axis_v1
0XBAC49AF78B67E41,26,36,1433.339,790.182,0.5513,2,echonet_dynamic_no_long_axis_v1
0XBAE445E8B4352C5,29,43,1001.532,552.293,0.5514,2,echonet_dynamic_no_long_axis_v1
0XBB76A78AC119BBB,101,120,1452.25,850.532,0.5857,2,echonet_dynamic_no_long_axis_v1
0XBB81FA57B45B41E,43,58,1135.891,559.265,0.4924,2,echonet_dynamic_no_long_axis_v1
0XBB9F70A309D39C1,63,83,1149.808,477.742,0.4155,2,echonet_dynamic_no_long_axis_v1
0XBC07D6F8A319F72,83,95,1304.849,758.827,0.5815,2,echonet_dynamic_no_long_axis_v1
0XBC18C83D7C41A12,91,112,2333.037,1591.532,0.6822,2,echonet_dynamic_no_long_axis_v1
0XBC881D0528B2788,2,24,2160.594,1340.206,0.6203,2,echonet_dynamic_no_long_axis_v1
0XBCA7B3FD3A0699B,41,57,1442.563,768.242,0.5326,2,echonet_dynamic_no_long_axis_v1
0XBCACA2185BF51AB,106,121,1968.177,1358.184,0.6901,2,echonet_dynamic_no_long_axis_v1
0XBCDE79B59A394B8,73,86,1375.513,1112.212,0.8086,2,echonet_dynamic_no_long_axis_v1
0XBCEAB22A81A23C1,100,123,1351.026,1187.108,0.8787,2,echonet_dynamic_no_long_axis_v1
0XBD39E52A48060D2,36,57,1752.148,1277.19,0.7289,2,echonet_dynamic_no_long_axis_v1
0XBD3C5F14D7E8D1D,184,200,2619.231,1335.566,0.5099,2,echonet_dynamic_no_long_axis_v1
0XBD557B0BD7E6F38,88,100,945.665,624.082,0.6599,2,echonet_dynamic_no_long_axis_v1
0XBD9E3CD3543C2F6,42,60,1498.633,829.51,0.5535,2,echonet_dynamic_no_long_axis_v1
0XBDA070FFD92A748,32,44,1117.544,629.748,0.5635,2,echonet_dynamic_no_long_axis_v1
0XBDBB1C23E1D4F0D,34,53,1231.845,707.889,0.5747,2,echonet_dynamic_no_long_axis_v1
0XBDD429854C33D4E,69,90,1373.113,820.734,0.5977,2,echonet_dynamic_no_long_axis_v1
0XBE0391F995D4296,110,125,2923.611,1674.955,0.5729,2,echonet_dynamic_no_long_axis_v1
0XBE06F978BB3226D,0,16,3886.415,2311.938,0.5949,2,echonet_dynamic_no_long_axis_v1
0XBE3FBF3D0E9DC64,42,60,1471.861,1077.483,0.7321,2,echonet_dynamic_no_long_axis_v1
0XBE8A99913E8F6DA,73,88,1987.182,1186.295,0.597,2,echonet_dynamic_no_long_axis_v1
0XBE8C637FF9D9124,26,42,739.392,321.422,0.4347,2,echonet_dynamic_no_long_axis_v1
0XBEB28C9A5DE835,120,137,1393.554,869.539,0.624,2,echonet_dynamic_no_long_axis_v1
0XBEFC0BDB0F7405,3,21,1698.901,1052.976,0.6198,2,echonet_dynamic_no_long_axis_v1
0XBEFC537F3BF5278,102,117,1912.512,1178.657,0.6163,2,echonet_dynamic_no_long_axis_v1
0XBF2A250BF36ED1E,56,78,2324.084,1512.828,0.6509,2,echonet_dynamic_no_long_axis_v1
0XBF90FC1324AEA2B,118,135,1564.112,922.144,0.5896,2,echonet_dynamic_no_long_axis_v1
0XBF9AB1A74DFA6CD,85,103,1701.88,1020.771,0.5998,2,echonet_dynamic_no_long_axis_v1
0XBFB1DC2891103C,73,88,608.628,326.369,0.5362,2,echonet_dynamic_no_long_axis_v1
0XBFB290E3C10D76A,110,127,1804.548,1548.149,0.8579,2,echonet_dynamic_no_long_axis_v1
0XC006D08601D1BFB,67,80,1099.355,567.879,0.5166,2,echonet_dynamic_no_long_axis_v1
0XC063D22870F910D,178,192,966.841,519.91,0.5377,2,echonet_dynamic_no_long_axis_v1
0XC0A98C54ADFEF94,78,94,1399.992,766.723,0.5477,2,echonet_dynamic_no_long_axis_v1
0XC0E8792CFD78017,99,114,2294.547,1552.842,0.6768,2,echonet_dynamic_no_long_axis_v1
0XC11611943453836,80,95,1454.139,754.499,0.5189,2,echonet_dynamic_no_long_axis_v1
0XC1B491BD7A3D11C,115,132,1356.548,766.415,0.565,2,echonet_dynamic_no_long_axis_v1
0XC1D7945DDDA478A,120,139,974.382,530.118,0.5441,2,echonet_dynamic_no_long_axis_v1
0XC1DB7C42C35E345,179,200,2027.853,1502.707,0.741,2,echonet_dynamic_no_long_axis_v1
0XC1E11233E59181F,92,112,1485.688,963.111,0.6483,2,echonet_dynamic_no_long_axis_v1
0XC2053253DC743F3,72,88,1282.086,669.089,0.5219,2,echonet_dynamic_no_long_axis_v1
0XC206AC545831126,164,183,1141.167,724.844,0.6352,2,echonet_dynamic_no_long_axis_v1
0XC21E699429625CD,51,66,582.414,279.806,0.4804,2,echonet_dynamic_no_long_axis_v1
0XC244CEC2F500E34,48,63,2094.884,1333.113,0.6364,2,echonet_dynamic_no_long_axis_v1
0XC31605A9D22702E,0,24,621.949,293.427,0.4718,2,echonet_dynamic_no_long_axis_v1
0XC31D77CD4D50FA9,97,119,1273.106,681.894,0.5356,2,echonet_dynamic_no_long_axis_v1
0XC3CC9222A4E69E6,112,130,1247.176,688.27,0.5519,2,echonet_dynamic_no_long_axis_v1
0XC3D95F0492F6512,48,62,846.325,500.102,0.5909,2,echonet_dynamic_no_long_axis_v1
0XC3E8BBE54048886,72,89,4538.484,2201.456,0.4851,2,echonet_dynamic_no_long_axis_v1
0XC42AF46236A2CFD,5,23,1632.913,1127.07,0.6902,2,echonet_dynamic_no_long_axis_v1
0XC44170E9F907DD2,135,159,1238.297,791.033,0.6388,2,echonet_dynamic_no_long_axis_v1
0XC4565B55DFF191,48,64,2362.312,1449.697,0.6137,2,echonet_dynamic_no_long_axis_v1
0XC4BE2CADE35713C,73,89,1499.828,906.376,0.6043,2,echonet_dynamic_no_long_axis_v1
0XC4D66DC3E1AA6EB,84,102,1214.535,682.885,0.5623,2,echonet_dynamic_no_long_axis_v1
0XC4F21DA269D2EE9,101,111,1290.492,777.575,0.6025,2,echonet_dynamic_no_long_axis_v1
0XC538353E221F3FB,45,58,1630.69,934.233,0.5729,2,echonet_dynamic_no_long_axis_v1
0XC5BF82CA81C2DF,75,91,1197.244,594.252,0.4963,2,echonet_dynamic_no_long_axis_v1
0XC5EED498D232DC9,1,16,1726.756,1131.281,0.6551,2,echonet_dynamic_no_long_axis_v1
0XC60C5CB61599F8F,149,167,1374.933,1068.01,0.7768,2,echonet_dynamic_no_long_axis_v1
0XC622E828FE2A648,99,120,1934.897,1358.264,0.702,2,echonet_dynamic_no_long_axis_v1
0XC62BC4D50804187,71,86,1384.516,803.166,0.5801,2,echonet_dynamic_no_long_axis_v1
0XC649E4EF24DCAB7,47,61,738.157,463.421,0.6278,2,echonet_dynamic_no_long_axis_v1
0XC6CE1305C2B28D0,106,119,992.115,526.082,0.5303,2,echonet_dynamic_no_long_axis_v1
0XC74B1F99DF2243E,47,62,921.46,495.164,0.5374,2,echonet_dynamic_no_long_axis_v1
0XC76E35532F7EE47,86,100,1373.298,752.087,0.5477,2,echonet_dynamic_no_long_axis_v1
0XC775724BE40EAFD,92,108,1203.904,611.488,0.5079,2,echonet_dynamic_no_long_axis_v1
0XC77F1C717BE6B6D,1,17,1074.86,592.442,0.5512,2,echonet_dynamic_no_long_axis_v1
0XC781E8B0D3035BD,106,121,1172.957,788.401,0.6721,2,echonet_dynamic_no_long_axis_v1
0XC8144B9EF1990EF,87,101,1280.996,699.839,0.5463,2,echonet_dynamic_no_long_axis_v1
0XC824784198003F2,67,79,1231.622,770.297,0.6254,2,echonet_dynamic_no_long_axis_v1
0XC83A970AAC17CA8,149,165,1200.615,855.327,0.7124,2,echonet_dynamic_no_long_axis_v1
0XC8811E9F9047578,37,53,1336.376,714.571,0.5347,2,echonet_dynamic_no_long_axis_v1
0XC89A68BA0AA0A11,22,33,1407.801,703.9,0.5,2,echonet_dynamic_no_long_axis_v1
0XC89BD7836585978,44,59,2084.679,1506.379,0.7226,2,echonet_dynamic_no_long_axis_v1
0XC8D1B3C80770006,99,114,2348.185,2113.982,0.9003,2,echonet_dynamic_no_long_axis_v1
0XC8DE2D8DB465511,51,68,820.884,393.985,0.48,2,echonet_dynamic_no_long_axis_v1
0XC9784D72590639A,50,69,2346.049,1408.285,0.6003,2,echonet_dynamic_no_long_axis_v1
0XC9CD3F156FBCC49,36,55,541.294,210.657,0.3892,2,echonet_dynamic_no_long_axis_v1
0XCA133A9A2B901DB,75,89,1186.642,659.307,0.5556,2,echonet_dynamic_no_long_axis_v1
0XCA1E6F96A8F0686,39,53,840.056,475.043,0.5655,2,echonet_dynamic_no_long_axis_v1
0XCA3F1E9BC33DB6E,44,64,1786.247,960.682,0.5378,2,echonet_dynamic_no_long_axis_v1
0XCB722F90EEDD431,96,112,1653.937,1299.677,0.7858,2,echonet_dynamic_no_long_axis_v1
0XCBB63C835191B4B,85,97,1759.497,1005.126,0.5713,2,echonet_dynamic_no_long_axis_v1
0XCBBD0FFDB29A321,58,73,1475.046,950.23,0.6442,2,echonet_dynamic_no_long_axis_v1
0XCBC6A16E66E2941,53,23,1399.257,813.268,0.5812,2,echonet_dynamic_no_long_axis_v1
0XCC0DD4FDDA0EA5B,73,88,1139.553,668.685,0.5868,2,echonet_dynamic_no_long_axis_v1
0XCC49D77D8379951,40,55,1290.229,666.36,0.5165,2,echonet_dynamic_no_long_axis_v1
0XCC513AC74753096,117,138,1396.922,689.688,0.4937,2,echonet_dynamic_no_long_axis_v1
0XCC8B5A22926B01A,161,177,1088.043,590.952,0.5431,2,echonet_dynamic_no_long_axis_v1
0XCCB63496DB01277,47,63,1044.705,475.612,0.4553,2,echonet_dynamic_no_long_axis_v1
0XCCBE81B251BEF37,46,60,1500.729,783.448,0.522,2,echonet_dynamic_no_long_axis_v1
0XCCC60B5DC80A516,53,73,1092.199,621.919,0.5694,2,echonet_dynamic_no_long_axis_v1
0XCCF1BD71411C2EE,41,62,941.104,540.584,0.5744,2,echonet_dynamic_no_long_axis_v1
0XCD3FC9BB91227E0,0,19,1063.773,553.066,0.5199,2,echonet_dynamic_no_long_axis_v1
0XCDA061FD0F030DC,119,136,1157.142,769.684,0.6652,2,echonet_dynamic_no_long_axis_v1
0XCDC194CB936209F,31,47,3311.667,1839.487,0.5555,2,echonet_dynamic_no_long_axis_v1
0XCDD2820A5F430A1,49,67,2403.156,1175.937,0.4893,2,echonet_dynamic_no_long_axis_v1
0XCDD502705AC6FCC,52,69,1449.026,770.1,0.5315,2,echonet_dynamic_no_long_axis_v1
0XCEAEC183EA7E7E6,68,85,1664.082,978.288,0.5879,2,echonet_dynamic_no_long_axis_v1
0XCEC174C2D88B511,3,18,3754.468,2425.362,0.646,2,echonet_dynamic_no_long_axis_v1
0XCEEA1EA058DA6C0,39,54,1499.765,844.982,0.5634,2,echonet_dynamic_no_long_axis_v1
0XCF0F0C58A0F4639,100,118,1325.313,782.673,0.5906,2,echonet_dynamic_no_long_axis_v1
0XCF22B2C72A7CE6C,56,70,1176.264,663.307,0.5639,2,echonet_dynamic_no_long_axis_v1
0XCF341C5F3A273CD,51,71,1006.345,807.488,0.8024,2,echonet_dynamic_no_long_axis_v1
0XCF4E414163EBF98,42,66,2106.679,1199.105,0.5692,2,echonet_dynamic_no_long_axis_v1
0XCF92B5177AEC06F,184,200,834.908,506.453,0.6066,2,echonet_dynamic_no_long_axis_v1
0XCFA60F0B3CF1782,44,62,1128.21,622.093,0.5514,2,echonet_dynamic_no_long_axis_v1
0XCFC029F53F6CD42,75,91,1967.12,959.515,0.4878,2,echonet_dynamic_no_long_axis_v1
0XD0070C7CDF75456,56,73,2903.422,1514.863,0.5218,2,echonet_dynamic_no_long_axis_v1
0XD00B14807A0FA2B,41,51,694.166,562.194,0.8099,2,echonet_dynamic_no_long_axis_v1
0XD032E3D5A853578,74,90,1025.205,661.794,0.6455,2,echonet_dynamic_no_long_axis_v1
0XD05D93184B12092,0,13,1466.499,752.09,0.5128,2,echonet_dynamic_no_long_axis_v1
0XD06D90B22BC11CE,54,72,1178.609,783.17,0.6645,2,echonet_dynamic_no_long_axis_v1
0XD07ABCAC62F4FF7,123,146,1966.425,1052.036,0.535,2,echonet_dynamic_no_long_axis_v1
0XD0955B01F39FD0C,117,134,1041.972,593.368,0.5695,2,echonet_dynamic_no_long_axis_v1
0XD0B87FA30CDF547,75,90,1478.151,724.918,0.4904,2,echonet_dynamic_no_long_axis_v1
0XD0BD0330D1F1A00,46,68,1396.818,937.303,0.671,2,echonet_dynamic_no_long_axis_v1
0XD0BE4647858725A,47,67,1465.285,692.433,0.4726,2,echonet_dynamic_no_long_axis_v1
0XD0DC210BA3C1C9E,75,93,1326.685,771.097,0.5812,2,echonet_dynamic_no_long_axis_v1
0XD0DDB39727C76C,59,76,1178.693,641.658,0.5444,2,echonet_dynamic_no_long_axis_v1
0XD0E1375CD861EDC,41,57,1794.908,1187.192,0.6614,2,echonet_dynamic_no_long_axis_v1
0XD11D1E980723BE1,76,93,1691.741,966.336,0.5712,2,echonet_dynamic_no_long_axis_v1
0XD1A496DBFB3FC4F,79,95,880.684,618.366,0.7021,2,echonet_dynamic_no_long_axis_v1
0XD1D122C0AFC006C,4,23,2582.475,1584.506,0.6136,2,echonet_dynamic_no_long_axis_v1
0XD2023E03A8C566C,142,165,1043.635,520.038,0.4983,2,echonet_dynamic_no_long_axis_v1
0XD25783B49EB1FE6,37,53,1084.47,591.631,0.5455,2,echonet_dynamic_no_long_axis_v1
0XD299E490ECC3438,83,98,1293.141,768.641,0.5944,2,echonet_dynamic_no_long_axis_v1
0XD2B1CAD149853FE,101,129,2132.345,1316.945,0.6176,2,echonet_dynamic_no_long_axis_v1
0XD2C12F10DD2C98F,50,64,1128.284,661.663,0.5864,2,echonet_dynamic_no_long_axis_v1
0XD3015B502E070B2,117,136,957.496,601.953,0.6287,2,echonet_dynamic_no_long_axis_v1
0XD348D272B89F1A6,35,58,1470.203,819.353,0.5573,2,echonet_dynamic_no_long_axis_v1
0XD37F085443DAC1A,137,151,1366.481,701.456,0.5133,2,echonet_dynamic_no_long_axis_v1
0XD3B557874B91D0D,91,109,1969.782,1237.861,0.6284,2,echonet_dynamic_no_long_axis_v1
0XD3CF6D354ACF645,48,65,1041.446,581.72,0.5586,2,echonet_dynamic_no_long_axis_v1
0XD4659C3A1FA9518,42,57,1114.781,903.609,0.8106,2,echonet_dynamic_no_long_axis_v1
0XD486D3C28ECF7F2,173,192,2436.677,1769.379,0.7261,2,echonet_dynamic_no_long_axis_v1
0XD51E16EDF0F45F2,49,62,1393.275,737.116,0.5291,2,echonet_dynamic_no_long_axis_v1
0XD537CD5A04B8C43,98,115,1185.21,800.685,0.6756,2,echonet_dynamic_no_long_axis_v1
0XD578E2221A216DD,0,17,1430.188,1170.217,0.8182,2,echonet_dynamic_no_long_axis_v1
0XD5ED87EECABCE2F,61,79,1855.535,975.385,0.5257,2,echonet_dynamic_no_long_axis_v1
0XD5F2509FE1D0C20,127,168,2270.255,1250.616,0.5509,2,echonet_dynamic_no_long_axis_v1
0XD604065881A87A3,53,66,988.062,538.205,0.5447,2,echonet_dynamic_no_long_axis_v1
0XD6240C89679865D,99,120,1381.982,795.273,0.5755,2,echonet_dynamic_no_long_axis_v1
0XD65A5E3BEE1A26B,59,74,1067.463,597.899,0.5601,2,echonet_dynamic_no_long_axis_v1
0XD69093EEA9EE1CD,58,78,1933.292,1664.022,0.8607,2,echonet_dynamic_no_long_axis_v1
0XD6975BAB837093B,79,93,1967.845,1342.436,0.6822,2,echonet_dynamic_no_long_axis_v1
0XD70CB948FBEE927,91,108,1292.617,789.844,0.611,2,echonet_dynamic_no_long_axis_v1
0XD77D667D3BD5EAE,46,61,1075.001,602.154,0.5601,2,echonet_dynamic_no_long_axis_v1
0XD782AF8BF68556F,124,140,1217.981,847.726,0.696,2,echonet_dynamic_no_long_axis_v1
0XD79C49C010950C7,52,68,1050.722,513.529,0.4887,2,echonet_dynamic_no_long_axis_v1
0XD7ACD0FDE9C8A69,52,70,1589.28,1041.928,0.6556,2,echonet_dynamic_no_long_axis_v1
0XD7B885364948E9B,45,73,872.197,432.0,0.4953,2,echonet_dynamic_no_long_axis_v1
0XD807B969AAB4A1B,90,109,1088.463,623.432,0.5728,2,echonet_dynamic_no_long_axis_v1
0XD82A46274BA199D,178,197,1636.519,948.071,0.5793,2,echonet_dynamic_no_long_axis_v1
0XD84BF2C72859828,73,89,1245.473,669.024,0.5372,2,echonet_dynamic_no_long_axis_v1
0XD88810A8041349B,40,55,1327.054,826.282,0.6226,2,echonet_dynamic_no_long_axis_v1
0XD931DD5F6E68BB,93,111,1237.253,694.905,0.5617,2,echonet_dynamic_no_long_axis_v1
0XDA3A603964AF0D3,102,121,1370.17,784.572,0.5726,2,echonet_dynamic_no_long_axis_v1
0XDA3CBEA102E1D11,83,102,1694.395,1392.637,0.8219,2,echonet_dynamic_no_long_axis_v1
0XDA9164EAE828591,108,86,909.828,353.518,0.3886,2,echonet_dynamic_no_long_axis_v1
0XDAA38BE7DD4D8F6,2,19,1019.155,506.521,0.497,2,echonet_dynamic_no_long_axis_v1
0XDAC9597CA49DF0A,44,61,1087.059,635.038,0.5842,2,echonet_dynamic_no_long_axis_v1
0XDB100B9990F3EB,2,21,3331.949,1721.915,0.5168,2,echonet_dynamic_no_long_axis_v1
0XDB4C8F64C55982E,149,169,1113.64,566.485,0.5087,2,echonet_dynamic_no_long_axis_v1
0XDBB48C48A226A5,84,99,1272.011,671.431,0.5278,2,echonet_dynamic_no_long_axis_v1
0XDC1CE3355BA3CD9,46,67,1752.517,943.4,0.5383,2,echonet_dynamic_no_long_axis_v1
0XDC754C50E00D543,107,126,2195.973,1186.739,0.5404,2,echonet_dynamic_no_long_axis_v1
0XDC9457A479390F4,53,69,1313.834,760.965,0.5792,2,echonet_dynamic_no_long_axis_v1
0XDCAB490130919DE,34,46,989.652,812.143,0.8206,2,echonet_dynamic_no_long_axis_v1
0XDD3291A30BBAB09,99,114,1451.248,783.837,0.5401,2,echonet_dynamic_no_long_axis_v1
0XDD4F7361041731C,70,86,1365.764,1145.572,0.8388,2,echonet_dynamic_no_long_axis_v1
0XDD95EC509482D69,0,16,2023.415,1149.542,0.5681,2,echonet_dynamic_no_long_axis_v1
0XDDE8C09C893992,92,108,1381.512,851.885,0.6166,2,echonet_dynamic_no_long_axis_v1
0XDDF6CD002C13FAB,41,58,1163.674,942.98,0.8103,2,echonet_dynamic_no_long_axis_v1
0XDE2B520A16EB881,33,49,1239.492,668.444,0.5393,2,echonet_dynamic_no_long_axis_v1
0XDE352D911F0C6DD,95,110,1355.346,719.316,0.5307,2,echonet_dynamic_no_long_axis_v1
0XDE3F9D01F78FA74,88,105,2048.839,1158.169,0.5653,2,echonet_dynamic_no_long_axis_v1
0XDE61FD9522E5852,34,47,989.976,538.927,0.5444,2,echonet_dynamic_no_long_axis_v1
0XDE9310288F4FBFC,0,15,907.761,477.786,0.5263,2,echonet_dynamic_no_long_axis_v1
0XDEC72212622926F,52,64,1270.22,627.951,0.4944,2,echonet_dynamic_no_long_axis_v1
0XDEE3C5434E5B289,86,101,2223.873,1315.386,0.5915,2,echonet_dynamic_no_long_axis_v1
0XDEEF6DE6F4A8F45,120,140,1450.47,770.047,0.5309,2,echonet_dynamic_no_long_axis_v1
0XDF1FD388B6166A2,2,18,978.37,567.295,0.5798,2,echonet_dynamic_no_long_axis_v1
0XDFDC37EE52B138D,93,107,1395.649,1133.22,0.812,2,echonet_dynamic_no_long_axis_v1
0XDFF3A318962AD77,99,115,1280.68,775.346,0.6054,2,echonet_dynamic_no_long_axis_v1
0XE01EA3914250B74,61,73,1279.805,656.609,0.5131,2,echonet_dynamic_no_long_axis_v1
0XE025360AE5D6B9,125,151,1608.247,948.665,0.5899,2,echonet_dynamic_no_long_axis_v1
0XE09693AED1032C0,57,21,1414.295,692.748,0.4898,2,echonet_dynamic_no_long_axis_v1
0XE0A06BBB5417202,121,142,1042.053,473.196,0.4541,2,echonet_dynamic_no_long_axis_v1
0XE0CD11D3F5C69DB,60,72,705.45,363.798,0.5157,2,echonet_dynamic_no_long_axis_v1
0XE0DFD3845CCF80F,62,73,1589.979,1399.951,0.8805,2,echonet_dynamic_no_long_axis_v1
0XE12521DF3EDF68A,65,80,1690.138,820.105,0.4852,2,echonet_dynamic_no_long_axis_v1
0XE264FF9B06BFDB1,65,82,1936.572,1039.216,0.5366,2,echonet_dynamic_no_long_axis_v1
0XE27AFFCA94F6E3D,151,166,1273.417,666.054,0.523,2,echonet_dynamic_no_long_axis_v1
0XE2F1E54DEFDF46F,40,58,1277.728,836.033,0.6543,2,echonet_dynamic_no_long_axis_v1
0XE315B0A3C5BAC9E,46,62,1098.664,636.097,0.579,2,echonet_dynamic_no_long_axis_v1
0XE31E2DCAFB19A01,59,73,954.93,657.819,0.6889,2,echonet_dynamic_no_long_axis_v1
0XE354EF700E4B992,106,123,1828.206,1069.763,0.5851,2,echonet_dynamic_no_long_axis_v1
0XE3634D73CD76145,31,47,1358.039,674.531,0.4967,2,echonet_dynamic_no_long_axis_v1
0XE39993045DB612C,48,70,2141.349,1438.17,0.6716,2,echonet_dynamic_no_long_axis_v1
0XE3ACAE78E81F9E0,57,72,1163.244,800.303,0.688,2,echonet_dynamic_no_long_axis_v1
0XE3B9242BC8DEE40,118,141,1426.701,874.915,0.6132,2,echonet_dynamic_no_long_axis_v1
0XE3D4128C7719147,0,16,1668.746,1012.033,0.6065,2,echonet_dynamic_no_long_axis_v1
0XE3DED926B92A91B,132,148,1766.754,1077.794,0.61,2,echonet_dynamic_no_long_axis_v1
0XE3F034EA28509F5,61,79,1357.597,677.678,0.4992,2,echonet_dynamic_no_long_axis_v1
0XE416C6A721DD00C,133,152,1185.807,600.536,0.5064,2,echonet_dynamic_no_long_axis_v1
0XE4299054391C4B,47,69,1067.683,616.841,0.5777,2,echonet_dynamic_no_long_axis_v1
0XE473560DC3BF6D6,111,127,933.824,580.301,0.6214,2,echonet_dynamic_no_long_axis_v1
0XE476D1873283160,78,91,800.279,385.341,0.4815,2,echonet_dynamic_no_long_axis_v1
0XE4DFE0DCBEFEF10,3,16,955.039,616.998,0.646,2,echonet_dynamic_no_long_axis_v1
0XE52CB1441F60EAF,97,110,1932.549,1465.648,0.7584,2,echonet_dynamic_no_long_axis_v1
0XE5A9B465EB444E,73,90,783.671,441.174,0.563,2,echonet_dynamic_no_long_axis_v1
0XE5E5BCE6C2D200C,127,140,1517.057,935.214,0.6165,2,echonet_dynamic_no_long_axis_v1
0XE5F70C3C553E989,145,168,2431.471,1320.09,0.5429,2,echonet_dynamic_no_long_axis_v1
0XE62926359A7E033,0,15,1918.104,1449.254,0.7556,2,echonet_dynamic_no_long_axis_v1
0XE6F5061C12D9083,68,92,1642.212,904.571,0.5508,2,echonet_dynamic_no_long_axis_v1
0XE727DA95C7D9B46,90,110,1903.559,1067.103,0.5606,2,echonet_dynamic_no_long_axis_v1
0XE72812337BCB4A7,40,54,952.475,505.446,0.5307,2,echonet_dynamic_no_long_axis_v1
0XE763608A3EFEF2,39,57,1105.825,749.0,0.6773,2,echonet_dynamic_no_long_axis_v1
0XE7677B39DB66752,83,99,2277.017,1316.564,0.5782,2,echonet_dynamic_no_long_axis_v1
0XE778DAE0B378968,158,175,3417.724,1812.95,0.5305,2,echonet_dynamic_no_long_axis_v1
0XE7A4FB78DA40B1C,121,135,2878.731,1610.952,0.5596,2,echonet_dynamic_no_long_axis_v1
0XE826F3A93E97AB4,0,14,1077.289,586.547,0.5445,2,echonet_dynamic_no_long_axis_v1
0XE837871E0ED1EB7,54,73,1458.126,950.379,0.6518,2,echonet_dynamic_no_long_axis_v1
0XE855B147551A51,50,77,979.644,711.789,0.7266,2,echonet_dynamic_no_long_axis_v1
0XE871BC36704A97B,49,62,1073.368,585.935,0.5459,2,echonet_dynamic_no_long_axis_v1
0XE88650E3BA9E287,18,38,688.657,381.577,0.5541,2,echonet_dynamic_no_long_axis_v1
0XE8894DCC98CCF57,52,73,1053.538,546.242,0.5185,2,echonet_dynamic_no_long_axis_v1
0XE8B85E5538EF26A,147,161,1543.795,918.808,0.5952,2,echonet_dynamic_no_long_axis_v1
0XE8BB14C66E3BAC9,81,108,2538.45,1384.13,0.5453,2,echonet_dynamic_no_long_axis_v1
0XE8CF3F4838C0ACF,2,14,1306.025,869.158,0.6655,2,echonet_dynamic_no_long_axis_v1
0XE8DC347D390EE90,199,226,1411.579,777.326,0.5507,2,echonet_dynamic_no_long_axis_v1
0XE8E30696E3AF198,46,73,793.621,486.631,0.6132,2,echonet_dynamic_no_long_axis_v1
0XE92064595CE5305,91,105,1576.932,916.976,0.5815,2,echonet_dynamic_no_long_axis_v1
0XE9217FEF2BCB4B1,32,44,1351.479,749.305,0.5544,2,echonet_dynamic_no_long_axis_v1
0XE92C294577144FC,41,55,955.31,360.411,0.3773,2,echonet_dynamic_no_long_axis_v1
0XE9315FA2FA71674,58,74,959.509,386.637,0.403,2,echonet_dynamic_no_long_axis_v1
0XE96D228DFDC48DC,153,167,1183.088,625.661,0.5288,2,echonet_dynamic_no_long_axis_v1
0XE9F5A4FD690EDB3,62,81,2369.668,1320.084,0.5571,2,echonet_dynamic_no_long_axis_v1
0XEA049B76C9061E7,138,154,2232.467,1179.098,0.5282,2,echonet_dynamic_no_long_axis_v1
0XEA4EAF062F7A21D,49,58,1148.453,544.292,0.4739,2,echonet_dynamic_no_long_axis_v1
0XEA6482986918798,62,86,1734.157,918.69,0.5298,2,echonet_dynamic_no_long_axis_v1
0XEBBF9242B09E964,41,53,1113.656,545.203,0.4896,2,echonet_dynamic_no_long_axis_v1
0XEBD5D5C0824B2A7,81,92,1073.184,825.569,0.7693,2,echonet_dynamic_no_long_axis_v1
0XEC02C6EDC625DCE,266,294,846.123,475.412,0.5619,2,echonet_dynamic_no_long_axis_v1
0XEC0CCE39DC396D0,47,63,1612.756,963.394,0.5974,2,echonet_dynamic_no_long_axis_v1
0XEC1374DBAE71116,2,22,1318.308,778.226,0.5903,2,echonet_dynamic_no_long_axis_v1
0XEC16D98451B6B28,97,115,994.021,474.437,0.4773,2,echonet_dynamic_no_long_axis_v1
0XEC245307B5E2E0,61,81,1436.689,904.26,0.6294,2,echonet_dynamic_no_long_axis_v1
0XEC2F65B0B9EFB90,45,57,973.097,569.913,0.5857,2,echonet_dynamic_no_long_axis_v1
0XEC340BEA3298AE3,39,56,1222.565,743.088,0.6078,2,echonet_dynamic_no_long_axis_v1
0XEC49B9CFE28F619,54,64,988.843,850.363,0.86,2,echonet_dynamic_no_long_axis_v1
0XEC5FB56F6EA00B8,130,145,913.426,475.476,0.5205,2,echonet_dynamic_no_long_axis_v1
0XECC497B16591984,73,94,1035.62,572.682,0.553,2,echonet_dynamic_no_long_axis_v1
0XECF82DC9301EE77,91,111,1652.564,909.239,0.5502,2,echonet_dynamic_no_long_axis_v1
0XECFAD2E2BAB2AC8,59,72,1420.153,826.404,0.5819,2,echonet_dynamic_no_long_axis_v1
0XED290312C1390F6,55,72,3108.142,1759.682,0.5662,2,echonet_dynamic_no_long_axis_v1
0XED603B8278C5196,52,68,1956.284,993.151,0.5077,2,echonet_dynamic_no_long_axis_v1
0XED72DAE2E8CAF4F,49,67,1419.294,1038.93,0.732,2,echonet_dynamic_no_long_axis_v1
0XED8409F1DA4738A,142,157,1334.655,721.17,0.5403,2,echonet_dynamic_no_long_axis_v1
0XEE3CCD3E808313C,119,135,790.086,476.859,0.6036,2,echonet_dynamic_no_long_axis_v1
0XEE433DBDBEAF37A,53,63,978.919,597.293,0.6102,2,echonet_dynamic_no_long_axis_v1
0XEE630F143F0414D,84,102,1610.443,1012.992,0.629,2,echonet_dynamic_no_long_axis_v1
0XEE7E2A3E141E060,65,81,1084.651,863.119,0.7958,2,echonet_dynamic_no_long_axis_v1
0XEF7D675329600E9,139,156,1815.914,1389.308,0.7651,2,echonet_dynamic_no_long_axis_v1
0XEF9B5520CAA14AA,49,66,972.656,497.24,0.5112,2,echonet_dynamic_no_long_axis_v1
0XEFA2FC13E63C9C5,48,67,1127.833,688.248,0.6102,2,echonet_dynamic_no_long_axis_v1
0XEFDBFDCA164AB94,100,122,1259.778,980.234,0.7781,2,echonet_dynamic_no_long_axis_v1
0XF01B4470872E293,39,61,1557.166,1087.523,0.6984,2,echonet_dynamic_no_long_axis_v1
0XF046816394513C6,85,99,2090.612,1777.741,0.8503,2,echonet_dynamic_no_long_axis_v1
0XF057D2ED95035D,90,103,2053.427,1687.052,0.8216,2,echonet_dynamic_no_long_axis_v1
0XF0645E6834100AC,39,51,2485.697,1540.587,0.6198,2,echonet_dynamic_no_long_axis_v1
0XF072F7A9791B060,33,52,1663.493,1452.741,0.8733,2,echonet_dynamic_no_long_axis_v1
0XF09019B7B99872B,88,99,1251.448,517.691,0.4137,2,echonet_dynamic_no_long_axis_v1
0XF0B7D7CD42C001E,45,61,1032.36,599.567,0.5808,2,echonet_dynamic_no_long_axis_v1
0XF0EFF8B5A19D1A1,80,95,1503.588,806.407,0.5363,2,echonet_dynamic_no_long_axis_v1
0XF145A7B0E6F417E,40,57,1016.682,563.098,0.5539,2,echonet_dynamic_no_long_axis_v1
0XF1640FC4E35A73E,33,43,499.648,274.766,0.5499,2,echonet_dynamic_no_long_axis_v1
0XF1D850CC908573F,51,68,945.315,499.971,0.5289,2,echonet_dynamic_no_long_axis_v1
0XF2A168FEF29C6E1,5,18,1075.306,654.7,0.6089,2,echonet_dynamic_no_long_axis_v1
0XF30FA224240FF8C,50,73,2625.804,1427.042,0.5435,2,echonet_dynamic_no_long_axis_v1
0XF342DDFE30C0980,54,77,2282.354,1340.795,0.5875,2,echonet_dynamic_no_long_axis_v1
0XF46CF63A2A1FA90,58,73,986.433,610.0,0.6184,2,echonet_dynamic_no_long_axis_v1
0XF4CA716E61ECD9F,77,95,1873.657,944.793,0.5043,2,echonet_dynamic_no_long_axis_v1
0XF526937B72090A6,60,75,1249.299,651.57,0.5215,2,echonet_dynamic_no_long_axis_v1
0XF53FF3E3EDF0470,52,69,1229.155,723.806,0.5889,2,echonet_dynamic_no_long_axis_v1
0XF54528219E80770,51,65,1738.785,1060.407,0.6099,2,echonet_dynamic_no_long_axis_v1
0XF557EF658FD13D0,0,20,1236.055,750.293,0.607,2,echonet_dynamic_no_long_axis_v1
0XF599A765E273E17,52,67,870.061,647.498,0.7442,2,echonet_dynamic_no_long_axis_v1
0XF5F0335B42366C5,84,106,1043.085,666.417,0.6389,2,echonet_dynamic_no_long_axis_v1
0XF60BBEC9C303C98,98,113,1622.641,957.517,0.5901,2,echonet_dynamic_no_long_axis_v1
0XF61C0F562AA75BB,0,18,1172.298,621.677,0.5303,2,echonet_dynamic_no_long_axis_v1
0XF66173D1894718C,94,112,872.21,532.549,0.6106,2,echonet_dynamic_no_long_axis_v1
0XF6661AF354401A5,93,111,1474.53,766.767,0.52,2,echonet_dynamic_no_long_axis_v1
0XF6B57AC096CADD4,3,19,1872.135,987.436,0.5274,2,echonet_dynamic_no_long_axis_v1
0XF6D483170E23D92,4,18,1143.037,602.668,0.5273,2,echonet_dynamic_no_long_axis_v1
0XF70A3F712E03D87,48,60,767.23,421.563,0.5495,2,echonet_dynamic_no_long_axis_v1
0XF72EB7E520F126E,45,63,1018.944,507.177,0.4977,2,echonet_dynamic_no_long_axis_v1
0XF7373FB1CFBE827,0,17,1360.651,805.254,0.5918,2,echonet_dynamic_no_long_axis_v1
0XF760A47D31AE457,47,61,2785.558,2062.855,0.7406,2,echonet_dynamic_no_long_axis_v1
0XF7AF4EDD2224855,48,62,2134.928,1125.184,0.527,2,echonet_dynamic_no_long_axis_v1
0XF829F634971A0F7,48,66,1239.866,648.484,0.523,2,echonet_dynamic_no_long_axis_v1
0XF92E2B74A04BBC4,72,88,1512.472,820.617,0.5426,2,echonet_dynamic_no_long_axis_v1
0XF96230565BFF1D2,98,109,2571.825,2269.313,0.8824,2,echonet_dynamic_no_long_axis_v1
0XF99271B5D3D9AE3,50,68,1242.185,684.255,0.5508,2,echonet_dynamic_no_long_axis_v1
0XF9A94878A64F70B,78,100,2233.159,1187.027,0.5315,2,echonet_dynamic_no_long_axis_v1
0XF9B19F076482852,51,73,643.373,370.506,0.5759,2,echonet_dynamic_no_long_axis_v1
0XF9CA1C6A7687A8D,155,170,1037.431,687.002,0.6622,2,echonet_dynamic_no_long_axis_v1
0XF9E698E7CE7FEB1,29,43,2093.713,1397.996,0.6677,2,echonet_dynamic_no_long_axis_v1
0XF9E859F93775E1F,2,17,1722.649,1236.26,0.7177,2,echonet_dynamic_no_long_axis_v1
0XFA2F04D15D5D222,51,64,1215.814,718.01,0.5906,2,echonet_dynamic_no_long_axis_v1
0XFA9EA2F22209920,76,94,1636.232,848.713,0.5187,2,echonet_dynamic_no_long_axis_v1
0XFAE70080273B8AD,88,103,974.278,531.312,0.5453,2,echonet_dynamic_no_long_axis_v1
0XFB550573BDD938A,54,65,778.712,401.898,0.5161,2,echonet_dynamic_no_long_axis_v1
0XFBA686750D879E6,54,72,1861.792,886.57,0.4762,2,echonet_dynamic_no_long_axis_v1
0XFBAA07C60AF61C2,41,59,2740.448,1718.051,0.6269,2,echonet_dynamic_no_long_axis_v1
0XFBC3E8226CE1D25,76,89,1182.915,577.512,0.4882,2,echonet_dynamic_no_long_axis_v1
0XFBD22BB93EE05C1,39,56,1390.534,778.714,0.56,2,echonet_dynamic_no_long_axis_v1
0XFC193B557F698B6,45,65,1618.295,1241.388,0.7671,2,echonet_dynamic_no_long_axis_v1
0XFC2F8325071BDC2,45,59,1382.327,737.38,0.5334,2,echonet_dynamic_no_long_axis_v1
0XFC6499D603B9E1E,116,136,1247.38,840.669,0.6739,2,echonet_dynamic_no_long_axis_v1
0XFCB2810C93F7F5D,81,90,1368.885,1129.859,0.8254,2,echonet_dynamic_no_long_axis_v1
0XFCC2AF8E23AFBA8,41,57,1411.613,776.666,0.5502,2,echonet_dynamic_no_long_axis_v1
0XFCDC29AA6B8E83B,75,89,1262.945,1137.864,0.901,2,echonet_dynamic_no_long_axis_v1
0XFCF860A2A9C211,47,63,1208.096,681.354,0.564,2,echonet_dynamic_no_long_axis_v1
0XFD06AD51C6DA6E5,47,62,1192.682,737.375,0.6182,2,echonet_dynamic_no_long_axis_v1
0XFD513BE6D49349F,43,59,1605.011,952.291,0.5933,2,echonet_dynamic_no_long_axis_v1
0XFD9464CF9E40B66,106,121,1246.934,550.731,0.4417,2,echonet_dynamic_no_long_axis_v1
0XFDB874C30A9C923,53,73,1447.906,1257.371,0.8684,2,echonet_dynamic_no_long_axis_v1
0XFDC39A88895DE1E,42,63,1096.498,648.684,0.5916,2,echonet_dynamic_no_long_axis_v1
0XFDFBA5702E94ABF,100,117,1599.398,988.971,0.6183,2,echonet_dynamic_no_long_axis_v1
0XFDFD17B7CCFE5AF,66,85,1111.782,615.954,0.554,2,echonet_dynamic_no_long_axis_v1
0XFE6E32991136338,31,45,1211.581,914.529,0.7548,2,echonet_dynamic_no_long_axis_v1
0XFE83FF3D3B13C3A,49,67,833.013,471.051,0.5655,2,echonet_dynamic_no_long_axis_v1
0XFEBEEFF93F6FEB9,25,38,1020.111,836.286,0.8198,2,echonet_dynamic_no_long_axis_v1
